variable,start,end,hours,severity,score,reasons,event_id
WS2M,2023-12-16 03:00:00+07:00,2023-12-16 08:00:00+07:00,6,2,12.733742424242422,large_hourly_jump|seasonal_hour_IQR|seasonal_hour_MAD,E00001
WS2M,2012-11-26 04:00:00+07:00,2012-11-26 07:00:00+07:00,4,2,10.443870967741933,large_hourly_jump|seasonal_hour_IQR|seasonal_hour_MAD,E00002
RH2M,2008-01-02 08:00:00+07:00,2008-01-03 03:00:00+07:00,20,2,7.439720556745178,large_hourly_jump|seasonal_hour_IQR|seasonal_hour_MAD,E00003
WS2M,2009-03-13 11:00:00+07:00,2009-03-13 15:00:00+07:00,5,2,5.430151898734178,large_hourly_jump|seasonal_hour_IQR|seasonal_hour_MAD,E00004
RH2M,2007-04-18 19:00:00+07:00,2007-04-19 10:00:00+07:00,16,2,5.341397619047614,large_hourly_jump|seasonal_hour_IQR|seasonal_hour_MAD,E00005
RH2M,2008-02-09 07:00:00+07:00,2008-02-09 11:00:00+07:00,5,2,5.206737313432835,large_hourly_jump|seasonal_hour_IQR|seasonal_hour_MAD,E00006
RH2M,2003-03-03 07:00:00+07:00,2003-03-03 20:00:00+07:00,14,2,4.690840909090903,large_hourly_jump|seasonal_hour_IQR|seasonal_hour_MAD,E00007
RH2M,2005-04-09 04:00:00+07:00,2005-04-09 20:00:00+07:00,17,2,4.660473809523808,large_hourly_jump|seasonal_hour_IQR|seasonal_hour_MAD,E00008
T2M,2003-05-06 09:00:00+07:00,2003-05-06 19:00:00+07:00,11,2,4.5172499999999935,large_hourly_jump|seasonal_hour_IQR|seasonal_hour_MAD,E00009
RH2M,2008-02-10 07:00:00+07:00,2008-02-10 09:00:00+07:00,3,2,4.43156567164179,large_hourly_jump|seasonal_hour_IQR|seasonal_hour_MAD,E00010
RH2M,2008-03-23 08:00:00+07:00,2008-03-23 10:00:00+07:00,3,2,4.155839772727267,large_hourly_jump|seasonal_hour_IQR|seasonal_hour_MAD,E00011
RH2M,2008-01-01 07:00:00+07:00,2008-01-01 10:00:00+07:00,4,2,4.081708404802746,large_hourly_jump|seasonal_hour_IQR|seasonal_hour_MAD,E00012
T2M,2023-05-06 15:00:00+07:00,2023-05-06 18:00:00+07:00,4,2,3.8949999999999965,large_hourly_jump|seasonal_hour_IQR|seasonal_hour_MAD,E00013
RH2M,2008-02-15 08:00:00+07:00,2008-02-15 10:00:00+07:00,3,2,3.726193652253912,large_hourly_jump|seasonal_hour_IQR|seasonal_hour_MAD,E00014
PRECTOTCORR,2025-10-07 06:00:00+07:00,2025-10-07 10:00:00+07:00,5,2,3.6550745209369464,large_hourly_jump|wet_hour_month_q995,E00015
RH2M,2010-03-03 11:00:00+07:00,2010-03-03 16:00:00+07:00,6,2,3.6400702479338864,large_hourly_jump|seasonal_hour_IQR|seasonal_hour_MAD,E00016
ALLSKY_SFC_SW_DWN,2004-06-14 14:00:00+07:00,2004-06-14 17:00:00+07:00,4,2,3.580689460476788,large_hourly_jump|seasonal_hour_IQR|seasonal_hour_MAD,E00017
RH2M,2015-06-30 17:00:00+07:00,2015-06-30 18:00:00+07:00,2,2,3.5806790123456778,large_hourly_jump|seasonal_hour_IQR|seasonal_hour_MAD,E00018
RH2M,2015-07-01 17:00:00+07:00,2015-07-01 20:00:00+07:00,4,2,3.506622478386167,large_hourly_jump|seasonal_hour_IQR|seasonal_hour_MAD,E00019
PRECTOTCORR,2024-08-22 22:00:00+07:00,2024-08-23 02:00:00+07:00,5,2,3.1511823136791097,large_hourly_jump|wet_hour_month_q995,E00020
T2M,2003-05-07 10:00:00+07:00,2003-05-07 18:00:00+07:00,9,2,2.576449912126538,large_hourly_jump|seasonal_hour_IQR,E00021
RH2M,2010-03-05 11:00:00+07:00,2010-03-05 16:00:00+07:00,6,2,2.4445347419748056,large_hourly_jump|seasonal_hour_IQR,E00022
T2M,2023-05-18 17:00:00+07:00,2023-05-18 18:00:00+07:00,2,2,2.4077328646748697,large_hourly_jump|seasonal_hour_IQR,E00023
RH2M,2001-06-14 17:00:00+07:00,2001-06-14 18:00:00+07:00,2,2,2.334791618696753,large_hourly_jump|seasonal_hour_IQR,E00024
RH2M,2009-06-07 17:00:00+07:00,2009-06-07 18:00:00+07:00,2,2,2.2482155192263407,large_hourly_jump|seasonal_hour_IQR,E00025
RH2M,2015-03-17 16:00:00+07:00,2015-03-17 17:00:00+07:00,2,2,2.2455445544554458,large_hourly_jump|seasonal_hour_IQR,E00026
RH2M,2017-02-12 08:00:00+07:00,2017-02-12 09:00:00+07:00,2,2,2.245357813477988,large_hourly_jump|seasonal_hour_IQR,E00027
RH2M,2002-11-04 16:00:00+07:00,2002-11-04 17:00:00+07:00,2,2,2.2058023572076153,large_hourly_jump|seasonal_hour_IQR,E00028
RH2M,2003-12-20 08:00:00+07:00,2003-12-20 08:00:00+07:00,1,2,2.181758957654722,large_hourly_jump|seasonal_hour_IQR,E00029
T2M,2006-04-12 16:00:00+07:00,2006-04-12 18:00:00+07:00,3,2,2.181447502548421,large_hourly_jump|seasonal_hour_IQR,E00030
PRECTOTCORR,2024-09-07 19:00:00+07:00,2024-09-08 02:00:00+07:00,8,2,2.134280529709276,large_hourly_jump|wet_hour_month_q995,E00031
T2M,2024-04-27 16:00:00+07:00,2024-04-27 18:00:00+07:00,3,2,2.0882694541231124,large_hourly_jump|seasonal_hour_IQR,E00032
RH2M,2010-07-06 17:00:00+07:00,2010-07-06 18:00:00+07:00,2,2,2.0721339630742817,large_hourly_jump|seasonal_hour_IQR,E00033
PRECTOTCORR,2023-10-13 10:00:00+07:00,2023-10-13 14:00:00+07:00,5,2,1.9966879583629662,large_hourly_jump|wet_hour_month_q995,E00034
PRECTOTCORR,2004-05-16 19:00:00+07:00,2004-05-16 20:00:00+07:00,2,2,1.8867525435201034,large_hourly_jump|wet_hour_month_q995,E00035
PRECTOTCORR,2022-04-16 15:00:00+07:00,2022-04-16 19:00:00+07:00,5,2,1.7163212435233002,large_hourly_jump|wet_hour_month_q995,E00036
PRECTOTCORR,2025-06-30 14:00:00+07:00,2025-06-30 19:00:00+07:00,6,2,1.630816187855768,large_hourly_jump|wet_hour_month_q995,E00037
PRECTOTCORR,2007-09-17 19:00:00+07:00,2007-09-17 22:00:00+07:00,4,2,1.6275166310757259,large_hourly_jump|wet_hour_month_q995,E00038
PRECTOTCORR,2018-08-16 19:00:00+07:00,2018-08-16 19:00:00+07:00,1,2,1.5234849925976168,large_hourly_jump|wet_hour_month_q995,E00039
PRECTOTCORR,2025-08-25 16:00:00+07:00,2025-08-25 19:00:00+07:00,4,2,1.4523559429975108,large_hourly_jump|wet_hour_month_q995,E00040
T2M,2008-01-11 17:00:00+07:00,2008-01-11 17:00:00+07:00,1,2,1.3083886541943264,large_hourly_jump,E00041
ALLSKY_SFC_SW_DWN,2005-05-22 14:00:00+07:00,2005-05-22 14:00:00+07:00,1,2,1.2963,large_hourly_jump,E00042
T2M,2023-12-16 04:00:00+07:00,2023-12-16 04:00:00+07:00,1,2,1.2775000000000003,large_hourly_jump,E00043
PRECTOTCORR,2018-08-30 19:00:00+07:00,2018-08-30 19:00:00+07:00,1,2,1.2604729254716438,large_hourly_jump|wet_hour_month_q995,E00044
PRECTOTCORR,2014-09-16 19:00:00+07:00,2014-09-16 20:00:00+07:00,2,2,1.254005636847997,large_hourly_jump|wet_hour_month_q995,E00045
T2M,2005-04-09 09:00:00+07:00,2005-04-09 09:00:00+07:00,1,2,1.2476775233478108,large_hourly_jump,E00046
RH2M,2023-05-18 18:00:00+07:00,2023-05-18 18:00:00+07:00,1,2,1.229230939003853,large_hourly_jump,E00047
ALLSKY_SFC_SW_DWN,2024-08-19 13:00:00+07:00,2024-08-19 13:00:00+07:00,1,2,1.2198,large_hourly_jump,E00048
ALLSKY_SFC_SW_DWN,2016-08-26 15:00:00+07:00,2016-08-26 15:00:00+07:00,1,2,1.2192499999999997,large_hourly_jump,E00049
RH2M,2011-05-17 18:00:00+07:00,2011-05-17 18:00:00+07:00,1,2,1.210039199128695,large_hourly_jump,E00050
ALLSKY_SFC_SW_DWN,2012-06-14 15:00:00+07:00,2012-06-14 15:00:00+07:00,1,2,1.2033,large_hourly_jump,E00051
RH2M,2009-11-11 17:00:00+07:00,2009-11-11 17:00:00+07:00,1,2,1.201,large_hourly_jump,E00052
WD2M,2008-07-28 11:00:00+07:00,2008-07-28 11:00:00+07:00,1,2,1.2,large_hourly_jump,E00053
WD2M,2021-08-29 04:00:00+07:00,2021-08-29 04:00:00+07:00,1,2,1.2,large_hourly_jump,E00054
WD2M,2010-12-27 10:00:00+07:00,2010-12-27 10:00:00+07:00,1,2,1.1986666666666665,large_hourly_jump,E00055
WD2M,2003-01-14 02:00:00+07:00,2003-01-14 02:00:00+07:00,1,2,1.1973333333333336,large_hourly_jump,E00056
WD2M,2003-06-21 13:00:00+07:00,2003-06-21 13:00:00+07:00,1,2,1.1966666666666668,large_hourly_jump,E00057
WD2M,2022-04-26 17:00:00+07:00,2022-04-26 17:00:00+07:00,1,2,1.1953333333333334,large_hourly_jump,E00058
T2M,2024-04-01 17:00:00+07:00,2024-04-01 17:00:00+07:00,1,2,1.1949768040929736,large_hourly_jump,E00059
WD2M,2011-07-13 12:00:00+07:00,2011-07-13 12:00:00+07:00,1,2,1.1946666666666665,large_hourly_jump,E00060
WD2M,2023-03-13 18:00:00+07:00,2023-03-13 18:00:00+07:00,1,2,1.1933333333333334,large_hourly_jump,E00061
WD2M,2001-04-13 07:00:00+07:00,2001-04-13 07:00:00+07:00,1,2,1.1919999999999997,large_hourly_jump,E00062
WD2M,2023-12-26 01:00:00+07:00,2023-12-26 01:00:00+07:00,1,2,1.1919999999999997,large_hourly_jump,E00063
WD2M,2005-06-23 07:00:00+07:00,2005-06-23 07:00:00+07:00,1,2,1.19,large_hourly_jump,E00064
WD2M,2009-09-10 03:00:00+07:00,2009-09-10 03:00:00+07:00,1,2,1.19,large_hourly_jump,E00065
WD2M,2022-08-09 22:00:00+07:00,2022-08-09 22:00:00+07:00,1,2,1.1893333333333331,large_hourly_jump,E00066
WD2M,2024-11-18 02:00:00+07:00,2024-11-18 02:00:00+07:00,1,2,1.1886666666666665,large_hourly_jump,E00067
WD2M,2006-06-10 01:00:00+07:00,2006-06-10 01:00:00+07:00,1,2,1.188,large_hourly_jump,E00068
WD2M,2011-06-23 05:00:00+07:00,2011-06-23 05:00:00+07:00,1,2,1.188,large_hourly_jump,E00069
WD2M,2025-09-09 07:00:00+07:00,2025-09-09 07:00:00+07:00,1,2,1.1878100825125026,large_hourly_jump,E00070
WD2M,2005-07-02 04:00:00+07:00,2005-07-02 04:00:00+07:00,1,2,1.1873333333333336,large_hourly_jump,E00071
WD2M,2018-11-27 23:00:00+07:00,2018-11-27 23:00:00+07:00,1,2,1.1873333333333336,large_hourly_jump,E00072
T2M,2005-04-08 09:00:00+07:00,2005-04-08 09:00:00+07:00,1,2,1.1861549630249413,large_hourly_jump,E00073
WD2M,2017-05-13 02:00:00+07:00,2017-05-13 02:00:00+07:00,1,2,1.184666666666667,large_hourly_jump,E00074
WD2M,2010-01-28 06:00:00+07:00,2010-01-28 06:00:00+07:00,1,2,1.1833333333333333,large_hourly_jump,E00075
WD2M,2003-03-03 17:00:00+07:00,2003-03-03 17:00:00+07:00,1,2,1.182666666666667,large_hourly_jump,E00076
WD2M,2016-04-24 13:00:00+07:00,2016-04-24 13:00:00+07:00,1,2,1.1819999999999997,large_hourly_jump,E00077
WD2M,2003-06-06 14:00:00+07:00,2003-06-06 14:00:00+07:00,1,2,1.1813333333333336,large_hourly_jump,E00078
WD2M,2023-10-02 10:00:00+07:00,2023-10-02 10:00:00+07:00,1,2,1.1806666666666668,large_hourly_jump,E00079
ALLSKY_SFC_SW_DWN,2005-05-06 13:00:00+07:00,2005-05-06 13:00:00+07:00,1,2,1.179625,large_hourly_jump,E00080
WD2M,2004-12-19 02:00:00+07:00,2004-12-19 02:00:00+07:00,1,2,1.1786666666666668,large_hourly_jump,E00081
WD2M,2001-05-14 07:00:00+07:00,2001-05-14 07:00:00+07:00,1,2,1.178,large_hourly_jump,E00082
WD2M,2023-01-29 17:00:00+07:00,2023-01-29 17:00:00+07:00,1,2,1.178,large_hourly_jump,E00083
WD2M,2022-10-28 03:00:00+07:00,2022-10-28 03:00:00+07:00,1,2,1.1773333333333336,large_hourly_jump,E00084
WD2M,2025-12-01 01:00:00+07:00,2025-12-01 01:00:00+07:00,1,2,1.1773333333333331,large_hourly_jump,E00085
WD2M,2008-07-08 21:00:00+07:00,2008-07-08 21:00:00+07:00,1,2,1.1766666666666667,large_hourly_jump,E00086
WD2M,2022-02-26 04:00:00+07:00,2022-02-26 04:00:00+07:00,1,2,1.1766666666666667,large_hourly_jump,E00087
WD2M,2005-06-06 06:00:00+07:00,2005-06-06 06:00:00+07:00,1,2,1.1740000000000002,large_hourly_jump,E00088
WD2M,2009-05-20 03:00:00+07:00,2009-05-20 03:00:00+07:00,1,2,1.1726666666666667,large_hourly_jump,E00089
WD2M,2018-12-22 15:00:00+07:00,2018-12-22 15:00:00+07:00,1,2,1.1726666666666665,large_hourly_jump,E00090
WD2M,2021-06-06 04:00:00+07:00,2021-06-06 04:00:00+07:00,1,2,1.1726666666666665,large_hourly_jump,E00091
WD2M,2016-12-08 18:00:00+07:00,2016-12-08 18:00:00+07:00,1,2,1.1720000000000002,large_hourly_jump,E00092
WD2M,2015-10-25 09:00:00+07:00,2015-10-25 09:00:00+07:00,1,2,1.1719999999999997,large_hourly_jump,E00093
WD2M,2002-02-07 12:00:00+07:00,2002-02-07 12:00:00+07:00,1,2,1.1706666666666665,large_hourly_jump,E00094
WD2M,2003-12-04 06:00:00+07:00,2003-12-04 06:00:00+07:00,1,2,1.17,large_hourly_jump,E00095
WD2M,2010-05-05 14:00:00+07:00,2010-05-05 14:00:00+07:00,1,2,1.17,large_hourly_jump,E00096
WD2M,2014-02-21 08:00:00+07:00,2014-02-21 08:00:00+07:00,1,2,1.1680000000000001,large_hourly_jump,E00097
WD2M,2005-04-03 03:00:00+07:00,2005-04-03 03:00:00+07:00,1,2,1.168,large_hourly_jump,E00098
WD2M,2018-09-09 23:00:00+07:00,2018-09-09 23:00:00+07:00,1,2,1.1666666666666667,large_hourly_jump,E00099
WD2M,2002-07-01 09:00:00+07:00,2002-07-01 09:00:00+07:00,1,2,1.1660000000000001,large_hourly_jump,E00100
WD2M,2003-12-04 03:00:00+07:00,2003-12-04 03:00:00+07:00,1,2,1.166,large_hourly_jump,E00101
WD2M,2009-09-19 13:00:00+07:00,2009-09-19 13:00:00+07:00,1,2,1.1653333333333333,large_hourly_jump,E00102
RH2M,2010-12-16 17:00:00+07:00,2010-12-16 17:00:00+07:00,1,2,1.1640000000000004,large_hourly_jump,E00103
WD2M,2007-05-20 01:00:00+07:00,2007-05-20 01:00:00+07:00,1,2,1.1640000000000001,large_hourly_jump,E00104
WD2M,2021-08-31 07:00:00+07:00,2021-08-31 07:00:00+07:00,1,2,1.1640000000000001,large_hourly_jump,E00105
WD2M,2021-01-19 09:00:00+07:00,2021-01-19 09:00:00+07:00,1,2,1.163333333333333,large_hourly_jump,E00106
WD2M,2012-03-06 16:00:00+07:00,2012-03-06 16:00:00+07:00,1,2,1.1626666666666665,large_hourly_jump,E00107
WD2M,2002-10-10 19:00:00+07:00,2002-10-10 19:00:00+07:00,1,2,1.1613333333333336,large_hourly_jump,E00108
WD2M,2017-04-17 22:00:00+07:00,2017-04-17 22:00:00+07:00,1,2,1.1613333333333336,large_hourly_jump,E00109
WD2M,2007-08-22 03:00:00+07:00,2007-08-22 03:00:00+07:00,1,2,1.1606666666666667,large_hourly_jump,E00110
WD2M,2001-05-02 12:00:00+07:00,2001-05-02 12:00:00+07:00,1,2,1.16,large_hourly_jump,E00111
WD2M,2016-09-03 05:00:00+07:00,2016-09-03 05:00:00+07:00,1,2,1.159333333333333,large_hourly_jump,E00112
WD2M,2011-03-30 09:00:00+07:00,2011-03-30 09:00:00+07:00,1,2,1.158,large_hourly_jump,E00113
WD2M,2022-01-04 08:00:00+07:00,2022-01-04 08:00:00+07:00,1,2,1.158,large_hourly_jump,E00114
WD2M,2010-12-28 04:00:00+07:00,2010-12-28 04:00:00+07:00,1,2,1.1560000000000001,large_hourly_jump,E00115
WD2M,2024-12-15 17:00:00+07:00,2024-12-15 17:00:00+07:00,1,2,1.156,large_hourly_jump,E00116
WD2M,2017-05-13 08:00:00+07:00,2017-05-13 08:00:00+07:00,1,2,1.1553333333333333,large_hourly_jump,E00117
WD2M,2010-09-10 12:00:00+07:00,2010-09-10 12:00:00+07:00,1,2,1.1546666666666665,large_hourly_jump,E00118
WD2M,2023-05-20 12:00:00+07:00,2023-05-20 12:00:00+07:00,1,2,1.1546666666666665,large_hourly_jump,E00119
WD2M,2022-09-01 01:00:00+07:00,2022-09-01 01:00:00+07:00,1,2,1.1539999999999997,large_hourly_jump,E00120
WD2M,2010-03-18 04:00:00+07:00,2010-03-18 04:00:00+07:00,1,2,1.153974873854392,large_hourly_jump,E00121
WD2M,2017-09-07 02:00:00+07:00,2017-09-07 02:00:00+07:00,1,2,1.1533333333333333,large_hourly_jump,E00122
WD2M,2023-07-16 19:00:00+07:00,2023-07-16 19:00:00+07:00,1,2,1.1533333333333333,large_hourly_jump,E00123
WD2M,2025-08-28 06:00:00+07:00,2025-08-28 06:00:00+07:00,1,2,1.1533333333333333,large_hourly_jump,E00124
WD2M,2007-07-21 12:00:00+07:00,2007-07-21 12:00:00+07:00,1,2,1.1519999999999997,large_hourly_jump,E00125
RH2M,2014-01-21 16:00:00+07:00,2014-01-21 16:00:00+07:00,1,2,1.1512561085375796,large_hourly_jump,E00126
WD2M,2008-10-05 19:00:00+07:00,2008-10-05 19:00:00+07:00,1,2,1.1506666666666667,large_hourly_jump,E00127
WD2M,2009-10-06 19:00:00+07:00,2009-10-06 19:00:00+07:00,1,2,1.15,large_hourly_jump,E00128
WD2M,2005-03-06 08:00:00+07:00,2005-03-06 08:00:00+07:00,1,2,1.1494105257750498,large_hourly_jump,E00129
WD2M,2010-10-31 20:00:00+07:00,2010-10-31 20:00:00+07:00,1,2,1.146,large_hourly_jump,E00130
RH2M,2016-02-17 08:00:00+07:00,2016-02-17 08:00:00+07:00,1,2,1.1450740072648193,large_hourly_jump,E00131
RH2M,2024-04-01 17:00:00+07:00,2024-04-01 17:00:00+07:00,1,2,1.1440328866767127,large_hourly_jump,E00132
WD2M,2003-07-09 12:00:00+07:00,2003-07-09 12:00:00+07:00,1,2,1.1433333333333333,large_hourly_jump,E00133
WD2M,2003-12-18 02:00:00+07:00,2003-12-18 02:00:00+07:00,1,2,1.1426666666666665,large_hourly_jump,E00134
WD2M,2010-06-17 13:00:00+07:00,2010-06-17 13:00:00+07:00,1,2,1.1426666666666665,large_hourly_jump,E00135
WD2M,2008-04-18 03:00:00+07:00,2008-04-18 03:00:00+07:00,1,2,1.1413333333333333,large_hourly_jump,E00136
WD2M,2010-07-06 15:00:00+07:00,2010-07-06 15:00:00+07:00,1,2,1.1406666666666665,large_hourly_jump,E00137
WD2M,2011-03-31 04:00:00+07:00,2011-03-31 04:00:00+07:00,1,2,1.1398156729482036,large_hourly_jump,E00138
WD2M,2006-08-16 01:00:00+07:00,2006-08-16 01:00:00+07:00,1,2,1.1380000000000003,large_hourly_jump,E00139
WD2M,2012-08-01 19:00:00+07:00,2012-08-01 19:00:00+07:00,1,2,1.138,large_hourly_jump,E00140
RH2M,2023-01-25 08:00:00+07:00,2023-01-25 08:00:00+07:00,1,2,1.1375000000000004,large_hourly_jump,E00141
WD2M,2007-10-22 02:00:00+07:00,2007-10-22 02:00:00+07:00,1,2,1.1363343221978597,large_hourly_jump,E00142
WD2M,2006-03-03 08:00:00+07:00,2006-03-03 08:00:00+07:00,1,2,1.1346415637120186,large_hourly_jump,E00143
WD2M,2023-01-07 19:00:00+07:00,2023-01-07 19:00:00+07:00,1,2,1.1340000000000001,large_hourly_jump,E00144
WD2M,2007-04-17 14:00:00+07:00,2007-04-17 14:00:00+07:00,1,2,1.1333333333333333,large_hourly_jump,E00145
WD2M,2003-01-12 01:00:00+07:00,2003-01-12 01:00:00+07:00,1,2,1.1326666666666665,large_hourly_jump,E00146
WD2M,2011-11-10 22:00:00+07:00,2011-11-10 22:00:00+07:00,1,2,1.1313333333333333,large_hourly_jump,E00147
WD2M,2021-01-22 02:00:00+07:00,2021-01-22 02:00:00+07:00,1,2,1.1293333333333333,large_hourly_jump,E00148
T2M,2006-01-18 17:00:00+07:00,2006-01-18 17:00:00+07:00,1,2,1.127338563669282,large_hourly_jump,E00149
WD2M,2008-10-05 00:00:00+07:00,2008-10-05 00:00:00+07:00,1,2,1.1273333333333335,large_hourly_jump,E00150
WD2M,2025-07-18 16:00:00+07:00,2025-07-18 16:00:00+07:00,1,2,1.1273333333333335,large_hourly_jump,E00151
WD2M,2023-10-01 07:00:00+07:00,2023-10-01 07:00:00+07:00,1,2,1.1266666666666667,large_hourly_jump,E00152
RH2M,2006-12-19 16:00:00+07:00,2006-12-19 16:00:00+07:00,1,2,1.1257134803748858,large_hourly_jump,E00153
WD2M,2007-09-17 07:00:00+07:00,2007-09-17 07:00:00+07:00,1,2,1.1257110014467764,large_hourly_jump,E00154
WD2M,2010-06-14 13:00:00+07:00,2010-06-14 13:00:00+07:00,1,2,1.1253333333333335,large_hourly_jump,E00155
ALLSKY_SFC_SW_DWN,2003-08-22 14:00:00+07:00,2003-08-22 14:00:00+07:00,1,2,1.1250250000000002,large_hourly_jump,E00156
WD2M,2023-08-28 02:00:00+07:00,2023-08-28 02:00:00+07:00,1,2,1.1246666666666665,large_hourly_jump,E00157
WD2M,2023-09-22 06:00:00+07:00,2023-09-22 07:00:00+07:00,2,2,1.1246666666666665,large_hourly_jump,E00158
WD2M,2002-11-11 06:00:00+07:00,2002-11-11 06:00:00+07:00,1,2,1.1233333333333333,large_hourly_jump,E00159
WD2M,2019-01-19 05:00:00+07:00,2019-01-19 05:00:00+07:00,1,2,1.1233333333333333,large_hourly_jump,E00160
WD2M,2009-04-27 06:00:00+07:00,2009-04-27 06:00:00+07:00,1,2,1.1226666666666665,large_hourly_jump,E00161
WD2M,2010-12-09 09:00:00+07:00,2010-12-09 09:00:00+07:00,1,2,1.1213333333333335,large_hourly_jump,E00162
WD2M,2007-06-15 07:00:00+07:00,2007-06-15 07:00:00+07:00,1,2,1.12,large_hourly_jump,E00163
WD2M,2016-06-17 11:00:00+07:00,2016-06-17 11:00:00+07:00,1,2,1.12,large_hourly_jump,E00164
RH2M,2015-02-25 17:00:00+07:00,2015-02-25 17:00:00+07:00,1,2,1.1173607241607701,large_hourly_jump,E00165
WD2M,2004-07-04 15:00:00+07:00,2004-07-04 15:00:00+07:00,1,2,1.1173333333333335,large_hourly_jump,E00166
WD2M,2006-10-26 02:00:00+07:00,2006-10-26 02:00:00+07:00,1,2,1.1169869727847288,large_hourly_jump,E00167
WD2M,2005-11-14 02:00:00+07:00,2005-11-14 02:00:00+07:00,1,2,1.1159999999999999,large_hourly_jump,E00168
RH2M,2015-04-02 17:00:00+07:00,2015-04-02 17:00:00+07:00,1,2,1.1158589424525844,large_hourly_jump,E00169
WD2M,2016-01-06 09:00:00+07:00,2016-01-06 09:00:00+07:00,1,2,1.1153333333333335,large_hourly_jump,E00170
WD2M,2023-06-25 17:00:00+07:00,2023-06-25 17:00:00+07:00,1,2,1.115333333333333,large_hourly_jump,E00171
WD2M,2005-08-27 14:00:00+07:00,2005-08-27 14:00:00+07:00,1,2,1.1146666666666667,large_hourly_jump,E00172
RH2M,2017-12-20 16:00:00+07:00,2017-12-20 16:00:00+07:00,1,2,1.113822140793461,large_hourly_jump,E00173
WD2M,2011-04-20 04:00:00+07:00,2011-04-20 04:00:00+07:00,1,2,1.1126666666666665,large_hourly_jump,E00174
WD2M,2005-11-27 10:00:00+07:00,2005-11-27 10:00:00+07:00,1,2,1.1119999999999999,large_hourly_jump,E00175
WD2M,2001-05-17 18:00:00+07:00,2001-05-17 18:00:00+07:00,1,2,1.110666666666667,large_hourly_jump,E00176
WD2M,2024-07-11 11:00:00+07:00,2024-07-11 11:00:00+07:00,1,2,1.110666666666667,large_hourly_jump,E00177
ALLSKY_SFC_SW_DWN,2021-09-05 12:00:00+07:00,2021-09-05 12:00:00+07:00,1,2,1.1098,large_hourly_jump,E00178
WD2M,2013-01-01 00:00:00+07:00,2013-01-01 00:00:00+07:00,1,2,1.1066666666666667,large_hourly_jump,E00179
WD2M,2025-01-15 00:00:00+07:00,2025-01-15 00:00:00+07:00,1,2,1.1066666666666667,large_hourly_jump,E00180
WD2M,2019-07-21 14:00:00+07:00,2019-07-21 14:00:00+07:00,1,2,1.1066666666666665,large_hourly_jump,E00181
ALLSKY_SFC_SW_DWN,2017-12-20 10:00:00+07:00,2017-12-20 10:00:00+07:00,1,2,1.105925,large_hourly_jump,E00182
ALLSKY_SFC_SW_DWN,2016-02-07 14:00:00+07:00,2016-02-07 14:00:00+07:00,1,2,1.1052749999999998,large_hourly_jump,E00183
WD2M,2002-03-09 08:00:00+07:00,2002-03-09 08:00:00+07:00,1,2,1.1044615108006066,large_hourly_jump,E00184
WD2M,2014-09-13 08:00:00+07:00,2014-09-13 08:00:00+07:00,1,2,1.1036002268475362,large_hourly_jump,E00185
WD2M,2025-10-19 01:00:00+07:00,2025-10-19 01:00:00+07:00,1,2,1.1035658895569058,large_hourly_jump,E00186
T2M,2012-11-26 06:00:00+07:00,2012-11-26 06:00:00+07:00,1,2,1.1025,large_hourly_jump,E00187
WD2M,2015-06-11 19:00:00+07:00,2015-06-11 19:00:00+07:00,1,2,1.1013333333333333,large_hourly_jump,E00188
WD2M,2023-11-02 09:00:00+07:00,2023-11-02 09:00:00+07:00,1,2,1.100666666666667,large_hourly_jump,E00189
T2M,2010-02-10 10:00:00+07:00,2010-02-10 10:00:00+07:00,1,2,1.1000249438762788,large_hourly_jump,E00190
WD2M,2011-08-05 15:00:00+07:00,2011-08-05 15:00:00+07:00,1,2,1.0993333333333333,large_hourly_jump,E00191
WD2M,2006-01-01 02:00:00+07:00,2006-01-01 02:00:00+07:00,1,2,1.0986666666666665,large_hourly_jump,E00192
WD2M,2019-02-03 12:00:00+07:00,2019-02-03 12:00:00+07:00,1,2,1.0986666666666665,large_hourly_jump,E00193
ALLSKY_SFC_SW_DWN,2004-03-09 14:00:00+07:00,2004-03-09 14:00:00+07:00,1,2,1.0978999999999999,large_hourly_jump,E00194
WD2M,2022-10-07 01:00:00+07:00,2022-10-07 01:00:00+07:00,1,2,1.0973869092122424,large_hourly_jump,E00195
WD2M,2023-09-07 01:00:00+07:00,2023-09-07 01:00:00+07:00,1,2,1.0973333333333333,large_hourly_jump,E00196
WD2M,2022-01-12 02:00:00+07:00,2022-01-12 02:00:00+07:00,1,2,1.0966666666666667,large_hourly_jump,E00197
WD2M,2025-09-06 08:00:00+07:00,2025-09-06 08:00:00+07:00,1,2,1.0957778980098694,large_hourly_jump,E00198
WD2M,2003-10-26 03:00:00+07:00,2003-10-26 03:00:00+07:00,1,2,1.0953333333333335,large_hourly_jump,E00199
WD2M,2006-04-05 07:00:00+07:00,2006-04-05 07:00:00+07:00,1,2,1.0953333333333335,large_hourly_jump,E00200
ALLSKY_SFC_SW_DWN,2005-08-16 14:00:00+07:00,2005-08-16 14:00:00+07:00,1,2,1.094925,large_hourly_jump,E00201
RH2M,2009-01-12 16:00:00+07:00,2009-01-12 16:00:00+07:00,1,2,1.0947064838857132,large_hourly_jump,E00202
WD2M,2022-08-09 16:00:00+07:00,2022-08-09 16:00:00+07:00,1,2,1.094,large_hourly_jump,E00203
WD2M,2005-09-01 19:00:00+07:00,2005-09-01 19:00:00+07:00,1,2,1.0926666666666665,large_hourly_jump,E00204
T2M,2001-12-06 04:00:00+07:00,2001-12-06 04:00:00+07:00,1,2,1.0924999999999998,large_hourly_jump,E00205
WD2M,2023-07-30 03:00:00+07:00,2023-07-30 03:00:00+07:00,1,2,1.092,large_hourly_jump,E00206
WD2M,2025-09-21 08:00:00+07:00,2025-09-21 08:00:00+07:00,1,2,1.0905630121180916,large_hourly_jump,E00207
WD2M,2009-09-07 03:00:00+07:00,2009-09-07 03:00:00+07:00,1,2,1.09,large_hourly_jump,E00208
WD2M,2010-11-20 08:00:00+07:00,2010-11-20 08:00:00+07:00,1,2,1.09,large_hourly_jump,E00209
WD2M,2016-06-28 07:00:00+07:00,2016-06-28 07:00:00+07:00,1,2,1.0893333333333333,large_hourly_jump,E00210
WD2M,2008-08-21 11:00:00+07:00,2008-08-21 11:00:00+07:00,1,2,1.0886666666666664,large_hourly_jump,E00211
WD2M,2012-03-27 04:00:00+07:00,2012-03-27 04:00:00+07:00,1,2,1.088327669652971,large_hourly_jump,E00212
WD2M,2016-04-24 10:00:00+07:00,2016-04-24 10:00:00+07:00,1,2,1.0880000000000003,large_hourly_jump,E00213
PRECTOTCORR,2025-08-15 18:00:00+07:00,2025-08-15 19:00:00+07:00,2,2,1.088,large_hourly_jump|wet_hour_month_q995,E00214
WD2M,2004-01-07 08:00:00+07:00,2004-01-07 08:00:00+07:00,1,2,1.0873333333333335,large_hourly_jump,E00215
WD2M,2015-09-07 17:00:00+07:00,2015-09-07 17:00:00+07:00,1,2,1.0873333333333335,large_hourly_jump,E00216
WD2M,2021-12-29 01:00:00+07:00,2021-12-29 01:00:00+07:00,1,2,1.0866666666666667,large_hourly_jump,E00217
WD2M,2021-03-24 04:00:00+07:00,2021-03-24 04:00:00+07:00,1,2,1.0851096694470193,large_hourly_jump,E00218
T2M,2005-04-29 08:00:00+07:00,2005-04-29 08:00:00+07:00,1,2,1.085,large_hourly_jump,E00219
WD2M,2021-07-07 03:00:00+07:00,2021-07-07 03:00:00+07:00,1,2,1.084666666666667,large_hourly_jump,E00220
WD2M,2025-12-02 11:00:00+07:00,2025-12-02 11:00:00+07:00,1,2,1.0846666666666667,large_hourly_jump,E00221
WD2M,2009-06-11 18:00:00+07:00,2009-06-11 18:00:00+07:00,1,2,1.0786666666666667,large_hourly_jump,E00222
PRECTOTCORR,2015-09-02 19:00:00+07:00,2015-09-02 20:00:00+07:00,2,2,1.077394918843866,large_hourly_jump|wet_hour_month_q995,E00223
WD2M,2005-04-20 03:00:00+07:00,2005-04-20 03:00:00+07:00,1,2,1.0773333333333335,large_hourly_jump,E00224
WD2M,2013-08-30 07:00:00+07:00,2013-08-30 07:00:00+07:00,1,2,1.0773333333333335,large_hourly_jump,E00225
WD2M,2018-11-30 09:00:00+07:00,2018-11-30 09:00:00+07:00,1,2,1.0773333333333335,large_hourly_jump,E00226
WD2M,2004-06-12 02:00:00+07:00,2004-06-12 02:00:00+07:00,1,2,1.0766666666666667,large_hourly_jump,E00227
ALLSKY_SFC_SW_DWN,2025-07-19 15:00:00+07:00,2025-07-19 15:00:00+07:00,1,2,1.07595,large_hourly_jump,E00228
T2M,2015-02-25 17:00:00+07:00,2015-02-25 17:00:00+07:00,1,2,1.0755469339368464,large_hourly_jump,E00229
PRECTOTCORR,2021-10-10 17:00:00+07:00,2021-10-10 19:00:00+07:00,3,2,1.0728649160161199,large_hourly_jump|wet_hour_month_q995,E00230
WD2M,2004-06-25 01:00:00+07:00,2004-06-25 01:00:00+07:00,1,2,1.0726666666666664,large_hourly_jump,E00231
T2M,2006-01-19 17:00:00+07:00,2006-01-19 17:00:00+07:00,1,2,1.071816535908268,large_hourly_jump,E00232
WD2M,2014-09-21 18:00:00+07:00,2014-09-21 18:00:00+07:00,1,2,1.0713333333333337,large_hourly_jump,E00233
WD2M,2014-02-19 22:00:00+07:00,2014-02-19 22:00:00+07:00,1,2,1.0706666666666667,large_hourly_jump,E00234
WD2M,2014-06-20 19:00:00+07:00,2014-06-20 19:00:00+07:00,1,2,1.0706666666666667,large_hourly_jump,E00235
WD2M,2004-06-25 07:00:00+07:00,2004-06-25 07:00:00+07:00,1,2,1.0706666666666664,large_hourly_jump,E00236
T2M,2010-02-26 10:00:00+07:00,2010-02-26 10:00:00+07:00,1,2,1.0700922923422302,large_hourly_jump,E00237
WD2M,2024-05-17 04:00:00+07:00,2024-05-17 04:00:00+07:00,1,2,1.0693333333333335,large_hourly_jump,E00238
T2M,2006-04-12 09:00:00+07:00,2006-04-12 09:00:00+07:00,1,2,1.06803164720503,large_hourly_jump,E00239
T2M,2005-04-30 08:00:00+07:00,2005-04-30 08:00:00+07:00,1,2,1.067499999999999,large_hourly_jump,E00240
WD2M,2002-07-06 03:00:00+07:00,2002-07-06 03:00:00+07:00,1,2,1.0666666666666667,large_hourly_jump,E00241
ALLSKY_SFC_SW_DWN,2005-08-15 13:00:00+07:00,2005-08-15 13:00:00+07:00,1,2,1.065,large_hourly_jump,E00242
WD2M,2002-10-10 03:00:00+07:00,2002-10-10 03:00:00+07:00,1,2,1.0646666666666669,large_hourly_jump,E00243
RH2M,2005-12-22 08:00:00+07:00,2005-12-22 08:00:00+07:00,1,2,1.0635,large_hourly_jump,E00244
WD2M,2001-08-02 02:00:00+07:00,2001-08-02 02:00:00+07:00,1,2,1.062,large_hourly_jump,E00245
WD2M,2009-06-13 01:00:00+07:00,2009-06-13 01:00:00+07:00,1,2,1.062,large_hourly_jump,E00246
WD2M,2010-11-13 19:00:00+07:00,2010-11-13 19:00:00+07:00,1,2,1.062,large_hourly_jump,E00247
WD2M,2003-06-11 03:00:00+07:00,2003-06-11 03:00:00+07:00,1,2,1.0613333333333332,large_hourly_jump,E00248
WD2M,2002-08-04 16:00:00+07:00,2002-08-04 16:00:00+07:00,1,2,1.0606666666666669,large_hourly_jump,E00249
WD2M,2015-06-10 14:00:00+07:00,2015-06-10 14:00:00+07:00,1,2,1.06,large_hourly_jump,E00250
WD2M,2025-12-02 07:00:00+07:00,2025-12-02 08:00:00+07:00,2,2,1.06,large_hourly_jump,E00251
WD2M,2015-05-18 12:00:00+07:00,2015-05-18 12:00:00+07:00,1,2,1.0593333333333332,large_hourly_jump,E00252
ALLSKY_SFC_SW_DWN,2023-04-29 12:00:00+07:00,2023-04-29 12:00:00+07:00,1,2,1.0592249999999999,large_hourly_jump,E00253
WD2M,2003-11-17 01:00:00+07:00,2003-11-17 01:00:00+07:00,1,2,1.0573333333333335,large_hourly_jump,E00254
T2M,2002-04-06 18:00:00+07:00,2002-04-06 18:00:00+07:00,1,2,1.0570550775134486,large_hourly_jump,E00255
ALLSKY_SFC_SW_DWN,2017-12-19 14:00:00+07:00,2017-12-19 14:00:00+07:00,1,2,1.05705,large_hourly_jump,E00256
WD2M,2006-12-18 00:00:00+07:00,2006-12-18 00:00:00+07:00,1,2,1.0560000000000003,large_hourly_jump,E00257
WD2M,2004-09-29 08:00:00+07:00,2004-09-29 08:00:00+07:00,1,2,1.0553625323485891,large_hourly_jump,E00258
T2M,2004-03-01 17:00:00+07:00,2004-03-01 17:00:00+07:00,1,2,1.0548478787240765,large_hourly_jump,E00259
WD2M,2011-09-17 03:00:00+07:00,2011-09-17 03:00:00+07:00,1,2,1.054,large_hourly_jump,E00260
WD2M,2025-08-04 18:00:00+07:00,2025-08-04 18:00:00+07:00,1,2,1.0539999999999998,large_hourly_jump,E00261
WD2M,2019-11-15 08:00:00+07:00,2019-11-15 08:00:00+07:00,1,2,1.0526666666666666,large_hourly_jump,E00262
T2M,2003-01-25 17:00:00+07:00,2003-01-25 17:00:00+07:00,1,2,1.0525045262522628,large_hourly_jump,E00263
ALLSKY_SFC_SW_DWN,2001-09-08 14:00:00+07:00,2001-09-08 14:00:00+07:00,1,2,1.05155,large_hourly_jump,E00264
ALLSKY_SFC_SW_DWN,2005-05-20 13:00:00+07:00,2005-05-20 13:00:00+07:00,1,2,1.050675,large_hourly_jump,E00265
WD2M,2009-10-10 05:00:00+07:00,2009-10-10 05:00:00+07:00,1,2,1.0506666666666669,large_hourly_jump,E00266
WD2M,2017-09-28 09:00:00+07:00,2017-09-28 09:00:00+07:00,1,2,1.0506666666666669,large_hourly_jump,E00267
WD2M,2021-08-03 18:00:00+07:00,2021-08-03 18:00:00+07:00,1,2,1.0506666666666669,large_hourly_jump,E00268
WD2M,2023-01-21 10:00:00+07:00,2023-01-21 10:00:00+07:00,1,2,1.0506666666666669,large_hourly_jump,E00269
WD2M,2016-05-08 11:00:00+07:00,2016-05-08 11:00:00+07:00,1,2,1.0506666666666666,large_hourly_jump,E00270
WD2M,2009-01-17 10:00:00+07:00,2009-01-17 10:00:00+07:00,1,2,1.05,large_hourly_jump,E00271
RH2M,2005-12-20 16:00:00+07:00,2005-12-20 16:00:00+07:00,1,2,1.0499612430413647,large_hourly_jump,E00272
RH2M,2002-08-20 18:00:00+07:00,2002-08-20 18:00:00+07:00,1,2,1.0495,large_hourly_jump,E00273
RH2M,2013-03-01 17:00:00+07:00,2013-03-01 17:00:00+07:00,1,2,1.0484074462976076,large_hourly_jump,E00274
WD2M,2015-05-04 08:00:00+07:00,2015-05-04 08:00:00+07:00,1,2,1.0473333333333334,large_hourly_jump,E00275
RH2M,2004-02-09 08:00:00+07:00,2004-02-09 08:00:00+07:00,1,2,1.0467271244656395,large_hourly_jump,E00276
RH2M,2014-01-21 09:00:00+07:00,2014-01-21 09:00:00+07:00,1,2,1.0454999999999999,large_hourly_jump,E00277
RH2M,2015-02-24 17:00:00+07:00,2015-02-24 17:00:00+07:00,1,2,1.045028754060788,large_hourly_jump,E00278
T2M,2010-03-02 17:00:00+07:00,2010-03-02 17:00:00+07:00,1,2,1.0422149699968424,large_hourly_jump,E00279
T2M,2015-03-17 17:00:00+07:00,2015-03-17 17:00:00+07:00,1,2,1.0422149699968415,large_hourly_jump,E00280
RH2M,2016-01-25 17:00:00+07:00,2016-01-25 17:00:00+07:00,1,2,1.0407428783250516,large_hourly_jump,E00281
WD2M,2002-11-10 10:00:00+07:00,2002-11-10 10:00:00+07:00,1,2,1.0406666666666664,large_hourly_jump,E00282
T2M,2014-01-24 09:00:00+07:00,2014-01-24 09:00:00+07:00,1,2,1.04,large_hourly_jump,E00283
WD2M,2006-04-12 17:00:00+07:00,2006-04-12 17:00:00+07:00,1,2,1.04,large_hourly_jump,E00284
WD2M,2006-12-28 22:00:00+07:00,2006-12-28 22:00:00+07:00,1,2,1.0393333333333332,large_hourly_jump,E00285
WD2M,2008-04-20 10:00:00+07:00,2008-04-20 10:00:00+07:00,1,2,1.0393333333333332,large_hourly_jump,E00286
RH2M,2003-01-20 09:00:00+07:00,2003-01-20 09:00:00+07:00,1,2,1.0390000000000001,large_hourly_jump,E00287
T2M,2006-04-11 09:00:00+07:00,2006-04-11 09:00:00+07:00,1,2,1.038500818250052,large_hourly_jump,E00288
WD2M,2008-08-22 15:00:00+07:00,2008-08-22 15:00:00+07:00,1,2,1.0366666666666666,large_hourly_jump,E00289
RH2M,2008-02-13 17:00:00+07:00,2008-02-13 17:00:00+07:00,1,2,1.0366180598631154,large_hourly_jump,E00290
WD2M,2010-03-18 08:00:00+07:00,2010-03-18 08:00:00+07:00,1,2,1.0357537307682434,large_hourly_jump,E00291
WD2M,2005-05-16 12:00:00+07:00,2005-05-16 12:00:00+07:00,1,2,1.0353333333333334,large_hourly_jump,E00292
WD2M,2017-09-13 00:00:00+07:00,2017-09-13 00:00:00+07:00,1,2,1.0353333333333334,large_hourly_jump,E00293
T2M,2010-03-02 10:00:00+07:00,2010-03-02 10:00:00+07:00,1,2,1.0350000000000001,large_hourly_jump,E00294
WD2M,2006-10-25 02:00:00+07:00,2006-10-25 02:00:00+07:00,1,2,1.0337933703082682,large_hourly_jump,E00295
RH2M,2007-02-01 16:00:00+07:00,2007-02-01 16:00:00+07:00,1,2,1.0330000000000001,large_hourly_jump,E00296
T2M,2010-02-25 10:00:00+07:00,2010-02-25 10:00:00+07:00,1,2,1.03267647792467,large_hourly_jump,E00297
RH2M,2013-05-15 18:00:00+07:00,2013-05-15 18:00:00+07:00,1,2,1.0320358117866066,large_hourly_jump,E00298
WD2M,2021-11-25 18:00:00+07:00,2021-11-25 18:00:00+07:00,1,2,1.032,large_hourly_jump,E00299
ALLSKY_SFC_SW_DWN,2025-06-08 13:00:00+07:00,2025-06-08 13:00:00+07:00,1,2,1.0312499999999998,large_hourly_jump,E00300
WD2M,2010-03-11 01:00:00+07:00,2010-03-11 01:00:00+07:00,1,2,1.0306666666666668,large_hourly_jump,E00301
WD2M,2012-01-18 05:00:00+07:00,2012-01-18 05:00:00+07:00,1,2,1.0306666666666668,large_hourly_jump,E00302
WD2M,2005-06-02 16:00:00+07:00,2005-06-02 16:00:00+07:00,1,2,1.0306666666666666,large_hourly_jump,E00303
RH2M,2002-12-09 17:00:00+07:00,2002-12-09 17:00:00+07:00,1,2,1.03,large_hourly_jump,E00304
RH2M,2022-05-04 18:00:00+07:00,2022-05-04 18:00:00+07:00,1,2,1.0296368443022124,large_hourly_jump,E00305
WD2M,2006-10-22 08:00:00+07:00,2006-10-22 08:00:00+07:00,1,2,1.0295715838242865,large_hourly_jump,E00306
WD2M,2017-09-02 14:00:00+07:00,2017-09-02 14:00:00+07:00,1,2,1.0293333333333337,large_hourly_jump,E00307
WD2M,2013-10-27 03:00:00+07:00,2013-10-27 03:00:00+07:00,1,2,1.0286666666666664,large_hourly_jump,E00308
RH2M,2017-04-19 18:00:00+07:00,2017-04-19 18:00:00+07:00,1,2,1.0275000000000003,large_hourly_jump,E00309
T2M,2010-03-03 17:00:00+07:00,2010-03-03 17:00:00+07:00,1,2,1.0274765764817353,large_hourly_jump,E00310
WD2M,2014-07-22 02:00:00+07:00,2014-07-22 02:00:00+07:00,1,2,1.0273333333333332,large_hourly_jump,E00311
T2M,2005-04-08 17:00:00+07:00,2005-04-08 18:00:00+07:00,2,2,1.0256287939320938,large_hourly_jump,E00312
WD2M,2015-07-13 08:00:00+07:00,2015-07-13 08:00:00+07:00,1,2,1.024666666666667,large_hourly_jump,E00313
WD2M,2002-01-05 10:00:00+07:00,2002-01-05 10:00:00+07:00,1,2,1.0240000000000002,large_hourly_jump,E00314
WD2M,2017-09-22 07:00:00+07:00,2017-09-22 07:00:00+07:00,1,2,1.0239742090625021,large_hourly_jump,E00315
T2M,2005-02-24 17:00:00+07:00,2005-02-24 17:00:00+07:00,1,2,1.0238172216833712,large_hourly_jump,E00316
RH2M,2018-03-04 17:00:00+07:00,2018-03-04 17:00:00+07:00,1,2,1.0235810277323305,large_hourly_jump,E00317
RH2M,2009-01-09 16:00:00+07:00,2009-01-09 16:00:00+07:00,1,2,1.0230769593266826,large_hourly_jump,E00318
WD2M,2001-06-22 23:00:00+07:00,2001-06-22 23:00:00+07:00,1,2,1.0226666666666666,large_hourly_jump,E00319
WD2M,2015-06-19 17:00:00+07:00,2015-06-19 17:00:00+07:00,1,2,1.0226666666666666,large_hourly_jump,E00320
WD2M,2019-08-21 01:00:00+07:00,2019-08-21 01:00:00+07:00,1,2,1.0226666666666666,large_hourly_jump,E00321
T2M,2009-11-11 17:00:00+07:00,2009-11-11 17:00:00+07:00,1,2,1.0225,large_hourly_jump,E00322
WD2M,2014-06-16 13:00:00+07:00,2014-06-16 13:00:00+07:00,1,2,1.0219999999999998,large_hourly_jump,E00323
RH2M,2006-03-01 17:00:00+07:00,2006-03-01 17:00:00+07:00,1,2,1.021953065859198,large_hourly_jump,E00324
WD2M,2022-07-07 12:00:00+07:00,2022-07-07 12:00:00+07:00,1,2,1.0213333333333332,large_hourly_jump,E00325
WD2M,2004-10-16 08:00:00+07:00,2004-10-16 08:00:00+07:00,1,2,1.0213095896331037,large_hourly_jump,E00326
T2M,2005-04-07 17:00:00+07:00,2005-04-07 17:00:00+07:00,1,2,1.0208584274486872,large_hourly_jump,E00327
RH2M,2004-01-22 17:00:00+07:00,2004-01-22 17:00:00+07:00,1,2,1.0205661678796154,large_hourly_jump,E00328
RH2M,2024-08-10 18:00:00+07:00,2024-08-10 18:00:00+07:00,1,2,1.0195,large_hourly_jump,E00329
RH2M,2009-01-13 08:00:00+07:00,2009-01-13 08:00:00+07:00,1,2,1.0189999999999997,large_hourly_jump,E00330
WD2M,2005-03-10 10:00:00+07:00,2005-03-10 10:00:00+07:00,1,2,1.0186666666666664,large_hourly_jump,E00331
WD2M,2005-10-22 01:00:00+07:00,2005-10-22 01:00:00+07:00,1,2,1.018295960800549,large_hourly_jump,E00332
WD2M,2022-08-08 22:00:00+07:00,2022-08-08 22:00:00+07:00,1,2,1.018,large_hourly_jump,E00333
WD2M,2016-09-18 00:00:00+07:00,2016-09-18 00:00:00+07:00,1,2,1.0166666666666666,large_hourly_jump,E00334
WD2M,2010-11-18 03:00:00+07:00,2010-11-18 03:00:00+07:00,1,2,1.0159999999999998,large_hourly_jump,E00335
WD2M,2021-12-16 05:00:00+07:00,2021-12-16 05:00:00+07:00,1,2,1.0159999999999998,large_hourly_jump,E00336
ALLSKY_SFC_SW_DWN,2018-08-11 14:00:00+07:00,2018-08-11 14:00:00+07:00,1,2,1.015475,large_hourly_jump,E00337
WD2M,2013-09-12 00:00:00+07:00,2013-09-12 00:00:00+07:00,1,2,1.014666666666667,large_hourly_jump,E00338
WD2M,2004-07-30 02:00:00+07:00,2004-07-30 02:00:00+07:00,1,2,1.0139999999999998,large_hourly_jump,E00339
T2M,2010-02-11 17:00:00+07:00,2010-02-11 17:00:00+07:00,1,2,1.013040198297231,large_hourly_jump,E00340
RH2M,2003-01-11 16:00:00+07:00,2003-01-11 16:00:00+07:00,1,2,1.0127095281405072,large_hourly_jump,E00341
WD2M,2001-09-30 23:00:00+07:00,2001-09-30 23:00:00+07:00,1,2,1.0126666666666666,large_hourly_jump,E00342
WD2M,2016-10-06 00:00:00+07:00,2016-10-06 00:00:00+07:00,1,2,1.0126666666666666,large_hourly_jump,E00343
WD2M,2006-10-13 08:00:00+07:00,2006-10-13 08:00:00+07:00,1,2,1.012412057427215,large_hourly_jump,E00344
RH2M,2017-12-18 08:00:00+07:00,2017-12-18 08:00:00+07:00,1,2,1.0119999999999998,large_hourly_jump,E00345
WD2M,2009-11-12 05:00:00+07:00,2009-11-12 05:00:00+07:00,1,2,1.0119999999999998,large_hourly_jump,E00346
WD2M,2012-12-25 03:00:00+07:00,2012-12-25 03:00:00+07:00,1,2,1.0113333333333336,large_hourly_jump,E00347
WD2M,2005-10-12 02:00:00+07:00,2005-10-12 02:00:00+07:00,1,2,1.011221462659616,large_hourly_jump,E00348
WD2M,2024-10-30 23:00:00+07:00,2024-10-30 23:00:00+07:00,1,2,1.0106666666666668,large_hourly_jump,E00349
WD2M,2004-10-10 08:00:00+07:00,2004-10-10 08:00:00+07:00,1,2,1.010505443383096,large_hourly_jump,E00350
RH2M,2015-04-03 17:00:00+07:00,2015-04-03 17:00:00+07:00,1,2,1.0104200905834992,large_hourly_jump,E00351
T2M,2005-05-02 08:00:00+07:00,2005-05-02 08:00:00+07:00,1,2,1.0099999999999998,large_hourly_jump,E00352
WD2M,2024-05-24 06:00:00+07:00,2024-05-24 06:00:00+07:00,1,2,1.0093333333333334,large_hourly_jump,E00353
ALLSKY_SFC_SW_DWN,2012-05-07 12:00:00+07:00,2012-05-07 12:00:00+07:00,1,2,1.009,large_hourly_jump,E00354
WD2M,2025-09-20 09:00:00+07:00,2025-09-20 09:00:00+07:00,1,2,1.0086666666666668,large_hourly_jump,E00355
WD2M,2016-12-11 09:00:00+07:00,2016-12-11 09:00:00+07:00,1,2,1.0086666666666664,large_hourly_jump,E00356
WD2M,2015-08-09 18:00:00+07:00,2015-08-09 18:00:00+07:00,1,2,1.008,large_hourly_jump,E00357
RH2M,2024-01-24 17:00:00+07:00,2024-01-24 17:00:00+07:00,1,2,1.0078970706231787,large_hourly_jump,E00358
WD2M,2010-06-16 11:00:00+07:00,2010-06-16 11:00:00+07:00,1,2,1.0073333333333334,large_hourly_jump,E00359
WD2M,2020-08-31 18:00:00+07:00,2020-08-31 18:00:00+07:00,1,2,1.0073333333333334,large_hourly_jump,E00360
WD2M,2008-12-24 23:00:00+07:00,2008-12-24 23:00:00+07:00,1,2,1.0073333333333332,large_hourly_jump,E00361
WD2M,2011-08-18 06:00:00+07:00,2011-08-18 06:00:00+07:00,1,2,1.0073333333333332,large_hourly_jump,E00362
ALLSKY_SFC_SW_DWN,2003-06-11 15:00:00+07:00,2003-06-11 15:00:00+07:00,1,2,1.006825,large_hourly_jump,E00363
RH2M,2021-04-01 17:00:00+07:00,2021-04-01 17:00:00+07:00,1,2,1.0057244332128115,large_hourly_jump,E00364
T2M,2016-02-12 10:00:00+07:00,2016-02-12 10:00:00+07:00,1,2,1.0052382140184581,large_hourly_jump,E00365
RH2M,2016-02-08 17:00:00+07:00,2016-02-08 17:00:00+07:00,1,2,1.0050779566218444,large_hourly_jump,E00366
T2M,2007-12-01 09:00:00+07:00,2007-12-01 09:00:00+07:00,1,2,1.0050000000000003,large_hourly_jump,E00367
RH2M,2006-12-17 16:00:00+07:00,2006-12-17 16:00:00+07:00,1,2,1.0045979846381514,large_hourly_jump,E00368
RH2M,2011-01-10 17:00:00+07:00,2011-01-10 17:00:00+07:00,1,2,1.0036740382043663,large_hourly_jump,E00369
WD2M,2014-06-09 04:00:00+07:00,2014-06-09 04:00:00+07:00,1,2,1.0033333333333334,large_hourly_jump,E00370
WD2M,2011-12-05 04:00:00+07:00,2011-12-05 04:00:00+07:00,1,2,1.0026666666666666,large_hourly_jump,E00371
T2M,2016-02-11 17:00:00+07:00,2016-02-11 17:00:00+07:00,1,2,1.0022631749110895,large_hourly_jump,E00372
WD2M,2001-01-25 15:00:00+07:00,2001-01-25 15:00:00+07:00,1,2,1.002,large_hourly_jump,E00373
WD2M,2003-02-16 09:00:00+07:00,2003-02-16 09:00:00+07:00,1,2,1.002,large_hourly_jump,E00374
WD2M,2013-05-21 06:00:00+07:00,2013-05-21 06:00:00+07:00,1,2,1.002,large_hourly_jump,E00375
WD2M,2002-06-16 16:00:00+07:00,2002-06-16 16:00:00+07:00,1,2,1.0019999999999998,large_hourly_jump,E00376
WD2M,2015-07-26 19:00:00+07:00,2015-07-26 19:00:00+07:00,1,2,1.0019999999999998,large_hourly_jump,E00377
RH2M,2014-06-26 18:00:00+07:00,2014-06-26 18:00:00+07:00,1,2,1.0019999999999996,large_hourly_jump,E00378
T2M,2006-04-11 17:00:00+07:00,2006-04-11 17:00:00+07:00,1,2,1.001776961515068,large_hourly_jump,E00379
WD2M,2008-10-11 01:00:00+07:00,2008-10-11 01:00:00+07:00,1,2,1.0016127138699573,large_hourly_jump,E00380
WD2M,2015-06-12 02:00:00+07:00,2015-06-12 02:00:00+07:00,1,2,1.0013333333333334,large_hourly_jump,E00381
WD2M,2020-07-27 23:00:00+07:00,2020-07-27 23:00:00+07:00,1,2,1.0006666666666668,large_hourly_jump,E00382
WD2M,2024-04-27 17:00:00+07:00,2024-04-27 17:00:00+07:00,1,2,1.0006666666666668,large_hourly_jump,E00383
RH2M,2009-01-05 19:00:00+07:00,2009-01-06 06:00:00+07:00,12,2,1.0,constant_run_ge12h,E00384
RH2M,2012-01-18 19:00:00+07:00,2012-01-19 06:00:00+07:00,12,2,1.0,constant_run_ge12h,E00385
RH2M,2012-12-13 19:00:00+07:00,2012-12-14 06:00:00+07:00,12,2,1.0,constant_run_ge12h,E00386
RH2M,2012-12-20 19:00:00+07:00,2012-12-21 06:00:00+07:00,12,2,1.0,constant_run_ge12h,E00387
RH2M,2013-01-19 19:00:00+07:00,2013-01-20 06:00:00+07:00,12,2,1.0,constant_run_ge12h,E00388
RH2M,2014-01-06 19:00:00+07:00,2014-01-07 06:00:00+07:00,12,2,1.0,constant_run_ge12h,E00389
RH2M,2015-02-14 19:00:00+07:00,2015-02-15 06:00:00+07:00,12,2,1.0,constant_run_ge12h,E00390
RH2M,2020-02-06 19:00:00+07:00,2020-02-07 06:00:00+07:00,12,2,1.0,constant_run_ge12h,E00391
RH2M,2022-02-06 18:00:00+07:00,2022-02-07 05:00:00+07:00,12,2,1.0,constant_run_ge12h,E00392
WS2M,2024-09-06 22:00:00+07:00,2024-09-09 05:00:00+07:00,56,1,29.962000000000014,seasonal_hour_IQR|seasonal_hour_MAD,E00393
WS2M,2012-10-28 10:00:00+07:00,2012-10-29 06:00:00+07:00,21,1,22.565090909090898,seasonal_hour_IQR|seasonal_hour_MAD,E00394
WS2M,2005-09-26 10:00:00+07:00,2005-09-28 07:00:00+07:00,46,1,20.945000000000004,seasonal_hour_IQR|seasonal_hour_MAD,E00395
WS2M,2013-11-10 16:00:00+07:00,2013-11-11 14:00:00+07:00,23,1,20.35763636363637,seasonal_hour_IQR|seasonal_hour_MAD,E00396
WS2M,2011-09-29 17:00:00+07:00,2011-10-01 02:00:00+07:00,34,1,20.199500000000004,seasonal_hour_IQR|seasonal_hour_MAD,E00397
WS2M,2014-09-16 16:00:00+07:00,2014-09-17 07:00:00+07:00,16,1,19.817452380952385,seasonal_hour_IQR|seasonal_hour_MAD,E00398
WS2M,2016-08-18 19:00:00+07:00,2016-08-20 06:00:00+07:00,36,1,19.24919230769231,seasonal_hour_IQR|seasonal_hour_MAD,E00399
WS2M,2005-09-18 10:00:00+07:00,2005-09-19 07:00:00+07:00,22,1,18.815000000000005,seasonal_hour_IQR|seasonal_hour_MAD,E00400
WS2M,2020-08-01 17:00:00+07:00,2020-08-03 06:00:00+07:00,38,1,18.725404761904766,seasonal_hour_IQR|seasonal_hour_MAD,E00401
WS2M,2003-07-22 16:00:00+07:00,2003-07-23 08:00:00+07:00,17,1,18.44498076923077,seasonal_hour_IQR|seasonal_hour_MAD,E00402
RH2M,2006-05-15 16:00:00+07:00,2006-05-19 05:00:00+07:00,86,1,17.509062130177387,seasonal_hour_IQR|seasonal_hour_MAD,E00403
WS2M,2013-08-07 18:00:00+07:00,2013-08-08 06:00:00+07:00,13,1,16.734023809523812,seasonal_hour_IQR|seasonal_hour_MAD,E00404
WS2M,2005-07-31 16:00:00+07:00,2005-08-01 07:00:00+07:00,16,1,16.188000000000002,seasonal_hour_IQR|seasonal_hour_MAD,E00405
WS2M,2018-08-16 18:00:00+07:00,2018-08-17 12:00:00+07:00,19,1,16.155880952380954,seasonal_hour_IQR|seasonal_hour_MAD,E00406
WS2M,2025-09-28 13:00:00+07:00,2025-09-30 04:00:00+07:00,40,1,16.019375000000004,seasonal_hour_IQR|seasonal_hour_MAD,E00407
WS2M,2025-08-25 00:00:00+07:00,2025-08-26 07:00:00+07:00,32,1,15.817025000000003,seasonal_hour_IQR|seasonal_hour_MAD,E00408
WS2M,2017-09-15 00:00:00+07:00,2017-09-16 06:00:00+07:00,31,1,15.762000000000002,seasonal_hour_IQR|seasonal_hour_MAD,E00409
WS2M,2005-08-11 17:00:00+07:00,2005-08-12 19:00:00+07:00,27,1,15.385023809523812,seasonal_hour_IQR|seasonal_hour_MAD,E00410
WS2M,2021-10-13 14:00:00+07:00,2021-10-14 22:00:00+07:00,33,1,15.237568181818174,seasonal_hour_IQR|seasonal_hour_MAD,E00411
RH2M,2005-03-12 16:00:00+07:00,2005-03-13 11:00:00+07:00,20,1,14.756827411167412,seasonal_hour_IQR|seasonal_hour_MAD,E00412
WS2M,2019-08-02 22:00:00+07:00,2019-08-04 11:00:00+07:00,38,1,14.726583333333334,seasonal_hour_IQR|seasonal_hour_MAD,E00413
RH2M,2007-04-01 20:00:00+07:00,2007-04-02 07:00:00+07:00,12,1,14.67243643031789,seasonal_hour_IQR|seasonal_hour_MAD,E00414
WS2M,2003-08-25 18:00:00+07:00,2003-08-26 07:00:00+07:00,14,1,14.029600000000004,seasonal_hour_IQR|seasonal_hour_MAD,E00415
WS2M,2006-08-16 20:00:00+07:00,2006-08-17 06:00:00+07:00,11,1,14.029600000000004,seasonal_hour_IQR|seasonal_hour_MAD,E00416
WS2M,2018-08-29 21:00:00+07:00,2018-08-30 10:00:00+07:00,14,1,13.93966666666667,seasonal_hour_IQR|seasonal_hour_MAD,E00417
RH2M,2001-04-10 22:00:00+07:00,2001-04-11 08:00:00+07:00,11,1,13.898499999999938,seasonal_hour_IQR|seasonal_hour_MAD,E00418
RH2M,2007-04-03 19:00:00+07:00,2007-04-04 08:00:00+07:00,14,1,13.79236206896551,seasonal_hour_IQR|seasonal_hour_MAD,E00419
WS2M,2025-07-21 19:00:00+07:00,2025-07-23 09:00:00+07:00,39,1,13.636630434782608,seasonal_hour_IQR|seasonal_hour_MAD,E00420
RH2M,2003-04-13 19:00:00+07:00,2003-04-14 08:00:00+07:00,14,1,13.619583743842355,seasonal_hour_IQR|seasonal_hour_MAD,E00421
WS2M,2010-12-15 14:00:00+07:00,2010-12-16 07:00:00+07:00,18,1,13.520659090909085,seasonal_hour_IQR|seasonal_hour_MAD,E00422
WS2M,2022-08-25 23:00:00+07:00,2022-08-26 06:00:00+07:00,8,1,13.425761904761908,seasonal_hour_IQR|seasonal_hour_MAD,E00423
RH2M,2007-05-08 18:00:00+07:00,2007-05-09 07:00:00+07:00,14,1,13.368589999999996,seasonal_hour_IQR|seasonal_hour_MAD,E00424
RH2M,2007-04-02 18:00:00+07:00,2007-04-03 08:00:00+07:00,15,1,13.204251231527085,seasonal_hour_IQR|seasonal_hour_MAD,E00425
ALLSKY_SFC_SW_DWN,2020-12-31 17:00:00+07:00,2020-12-31 17:00:00+07:00,1,1,13.170731707317074,seasonal_hour_IQR,E00426
RH2M,2006-04-12 23:00:00+07:00,2006-04-13 08:00:00+07:00,10,1,12.986499999999939,seasonal_hour_IQR|seasonal_hour_MAD,E00427
RH2M,2007-05-23 19:00:00+07:00,2007-05-24 08:00:00+07:00,14,1,12.940089171974579,seasonal_hour_IQR|seasonal_hour_MAD,E00428
WS2M,2020-09-18 11:00:00+07:00,2020-09-19 06:00:00+07:00,20,1,12.922000000000002,seasonal_hour_IQR|seasonal_hour_MAD,E00429
WS2M,2020-09-18 00:00:00+07:00,2020-09-18 08:00:00+07:00,9,1,12.600886363636365,seasonal_hour_IQR|seasonal_hour_MAD,E00430
WS2M,2007-09-25 12:00:00+07:00,2007-09-26 05:00:00+07:00,18,1,12.460500000000003,seasonal_hour_IQR|seasonal_hour_MAD,E00431
RH2M,2010-03-08 21:00:00+07:00,2010-03-09 10:00:00+07:00,14,1,12.144423857867936,seasonal_hour_IQR|seasonal_hour_MAD,E00432
ALLSKY_SFC_SW_DWN,2016-12-30 17:00:00+07:00,2016-12-30 17:00:00+07:00,1,1,12.121951219512196,seasonal_hour_IQR,E00433
WS2M,2018-11-21 16:00:00+07:00,2018-11-21 20:00:00+07:00,5,1,12.079681818181811,seasonal_hour_IQR|seasonal_hour_MAD,E00434
RH2M,2012-04-30 23:00:00+07:00,2012-05-01 08:00:00+07:00,10,1,12.052830065359469,seasonal_hour_IQR|seasonal_hour_MAD,E00435
RH2M,2006-05-13 20:00:00+07:00,2006-05-14 10:00:00+07:00,15,1,12.052617241379284,seasonal_hour_IQR|seasonal_hour_MAD,E00436
ALLSKY_SFC_SW_DWN,2014-12-31 17:00:00+07:00,2014-12-31 17:00:00+07:00,1,1,11.951219512195124,seasonal_hour_IQR,E00437
WS2M,2007-10-02 16:00:00+07:00,2007-10-04 06:00:00+07:00,39,1,11.92638636363636,seasonal_hour_IQR|seasonal_hour_MAD,E00438
RH2M,2013-04-05 18:00:00+07:00,2013-04-06 07:00:00+07:00,14,1,11.912999999999943,seasonal_hour_IQR|seasonal_hour_MAD,E00439
WS2M,2003-01-26 22:00:00+07:00,2003-01-27 08:00:00+07:00,11,1,11.871199999999996,seasonal_hour_IQR|seasonal_hour_MAD,E00440
ALLSKY_SFC_SW_DWN,2016-12-29 17:00:00+07:00,2016-12-29 17:00:00+07:00,1,1,11.829268292682926,seasonal_hour_IQR,E00441
WS2M,2004-11-15 00:00:00+07:00,2004-11-15 06:00:00+07:00,7,1,11.725923076923074,seasonal_hour_IQR|seasonal_hour_MAD,E00442
ALLSKY_SFC_SW_DWN,2005-12-31 17:00:00+07:00,2005-12-31 17:00:00+07:00,1,1,11.585365853658537,seasonal_hour_IQR,E00443
ALLSKY_SFC_SW_DWN,2014-12-30 17:00:00+07:00,2014-12-30 17:00:00+07:00,1,1,11.585365853658537,seasonal_hour_IQR,E00444
ALLSKY_SFC_SW_DWN,2013-12-31 17:00:00+07:00,2013-12-31 17:00:00+07:00,1,1,11.414634146341463,seasonal_hour_IQR,E00445
WS2M,2013-09-25 16:00:00+07:00,2013-09-26 05:00:00+07:00,14,1,11.399050000000003,seasonal_hour_IQR|seasonal_hour_MAD,E00446
WS2M,2021-10-10 11:00:00+07:00,2021-10-11 08:00:00+07:00,22,1,11.374522727272725,seasonal_hour_IQR|seasonal_hour_MAD,E00447
RH2M,2010-02-12 01:00:00+07:00,2010-02-12 08:00:00+07:00,8,1,11.328388095238127,seasonal_hour_IQR|seasonal_hour_MAD,E00448
WS2M,2012-12-29 14:00:00+07:00,2012-12-30 08:00:00+07:00,19,1,11.310846153846153,seasonal_hour_IQR|seasonal_hour_MAD,E00449
WS2M,2010-08-24 04:00:00+07:00,2010-08-25 13:00:00+07:00,34,1,11.297875000000005,seasonal_hour_IQR|seasonal_hour_MAD,E00450
ALLSKY_SFC_SW_DWN,2014-12-29 17:00:00+07:00,2014-12-29 17:00:00+07:00,1,1,11.21951219512195,seasonal_hour_IQR,E00451
WS2M,2012-11-16 17:00:00+07:00,2012-11-17 02:00:00+07:00,10,1,11.191703703703705,seasonal_hour_IQR|seasonal_hour_MAD,E00452
WS2M,2012-12-18 03:00:00+07:00,2012-12-18 06:00:00+07:00,4,1,11.098590909090905,seasonal_hour_IQR|seasonal_hour_MAD,E00453
WS2M,2016-07-27 18:00:00+07:00,2016-07-28 06:00:00+07:00,13,1,11.077365384615385,seasonal_hour_IQR|seasonal_hour_MAD,E00454
WS2M,2010-07-17 04:00:00+07:00,2010-07-18 19:00:00+07:00,40,1,11.055934782608695,seasonal_hour_IQR|seasonal_hour_MAD,E00455
RH2M,2010-03-24 22:00:00+07:00,2010-03-25 10:00:00+07:00,13,1,11.045365482233425,seasonal_hour_IQR|seasonal_hour_MAD,E00456
WS2M,2002-12-07 21:00:00+07:00,2002-12-08 07:00:00+07:00,11,1,11.025480769230768,seasonal_hour_IQR|seasonal_hour_MAD,E00457
WS2M,2020-12-29 20:00:00+07:00,2020-12-30 07:00:00+07:00,12,1,11.025480769230768,seasonal_hour_IQR|seasonal_hour_MAD,E00458
RH2M,2007-02-02 09:00:00+07:00,2007-02-03 15:00:00+07:00,31,1,11.024536402569552,seasonal_hour_IQR|seasonal_hour_MAD,E00459
RH2M,2005-02-18 01:00:00+07:00,2005-02-18 09:00:00+07:00,9,1,11.000773809523842,seasonal_hour_IQR|seasonal_hour_MAD,E00460
WS2M,2005-07-24 19:00:00+07:00,2005-07-25 10:00:00+07:00,16,1,10.960625000000002,seasonal_hour_IQR|seasonal_hour_MAD,E00461
ALLSKY_SFC_SW_DWN,2003-12-31 17:00:00+07:00,2003-12-31 17:00:00+07:00,1,1,10.853658536585368,seasonal_hour_IQR,E00462
WS2M,2008-08-08 01:00:00+07:00,2008-08-08 10:00:00+07:00,10,1,10.759880952380954,seasonal_hour_IQR|seasonal_hour_MAD,E00463
RH2M,2017-05-26 19:00:00+07:00,2017-05-27 06:00:00+07:00,12,1,10.753334394904506,seasonal_hour_IQR|seasonal_hour_MAD,E00464
RH2M,2007-05-01 20:00:00+07:00,2007-05-02 06:00:00+07:00,11,1,10.738039999999998,seasonal_hour_IQR|seasonal_hour_MAD,E00465
WS2M,2025-10-06 17:00:00+07:00,2025-10-07 06:00:00+07:00,14,1,10.700022727272723,seasonal_hour_IQR|seasonal_hour_MAD,E00466
ALLSKY_SFC_SW_DWN,2008-12-29 17:00:00+07:00,2008-12-29 17:00:00+07:00,1,1,10.682926829268293,seasonal_hour_IQR,E00467
RH2M,2003-03-06 04:00:00+07:00,2003-03-06 08:00:00+07:00,5,1,10.668741116751198,seasonal_hour_IQR|seasonal_hour_MAD,E00468
WS2M,2012-12-01 18:00:00+07:00,2012-12-02 03:00:00+07:00,10,1,10.657099999999996,seasonal_hour_IQR|seasonal_hour_MAD,E00469
RH2M,2003-04-30 20:00:00+07:00,2003-05-01 06:00:00+07:00,11,1,10.620381656804659,seasonal_hour_IQR|seasonal_hour_MAD,E00470
ALLSKY_SFC_SW_DWN,2012-12-31 17:00:00+07:00,2012-12-31 17:00:00+07:00,1,1,10.609756097560975,seasonal_hour_IQR,E00471
ALLSKY_SFC_SW_DWN,2016-12-31 17:00:00+07:00,2016-12-31 17:00:00+07:00,1,1,10.609756097560975,seasonal_hour_IQR,E00472
ALLSKY_SFC_SW_DWN,2024-12-28 17:00:00+07:00,2024-12-28 17:00:00+07:00,1,1,10.609756097560975,seasonal_hour_IQR,E00473
RH2M,2010-02-24 23:00:00+07:00,2010-02-26 08:00:00+07:00,34,1,10.586166666666692,seasonal_hour_IQR|seasonal_hour_MAD,E00474
WS2M,2013-08-03 01:00:00+07:00,2013-08-04 05:00:00+07:00,29,1,10.584461538461538,seasonal_hour_IQR|seasonal_hour_MAD,E00475
WS2M,2018-07-19 00:00:00+07:00,2018-07-19 14:00:00+07:00,15,1,10.557391304347826,seasonal_hour_IQR|seasonal_hour_MAD,E00476
WS2M,2015-06-24 00:00:00+07:00,2015-06-25 02:00:00+07:00,27,1,10.54761594202899,seasonal_hour_IQR|seasonal_hour_MAD,E00477
ALLSKY_SFC_SW_DWN,2016-12-28 17:00:00+07:00,2016-12-28 17:00:00+07:00,1,1,10.536585365853659,seasonal_hour_IQR,E00478
WS2M,2011-03-22 02:00:00+07:00,2011-03-22 07:00:00+07:00,6,1,10.427405405405407,seasonal_hour_IQR|seasonal_hour_MAD,E00479
RH2M,2004-03-03 02:00:00+07:00,2004-03-03 09:00:00+07:00,8,1,10.391408629441553,seasonal_hour_IQR|seasonal_hour_MAD,E00480
RH2M,2016-02-07 17:00:00+07:00,2016-02-08 06:00:00+07:00,14,1,10.371701284796536,seasonal_hour_IQR|seasonal_hour_MAD,E00481
WS2M,2018-03-07 23:00:00+07:00,2018-03-08 06:00:00+07:00,8,1,10.368028571428567,seasonal_hour_IQR|seasonal_hour_MAD,E00482
RH2M,2011-05-17 21:00:00+07:00,2011-05-18 06:00:00+07:00,10,1,10.364816666666664,seasonal_hour_IQR|seasonal_hour_MAD,E00483
WS2M,2025-01-25 23:00:00+07:00,2025-01-26 06:00:00+07:00,8,1,10.356838709677417,seasonal_hour_IQR|seasonal_hour_MAD,E00484
RH2M,2017-05-27 19:00:00+07:00,2017-05-28 06:00:00+07:00,12,1,10.349493630573294,seasonal_hour_IQR|seasonal_hour_MAD,E00485
RH2M,2012-04-25 19:00:00+07:00,2012-04-26 06:00:00+07:00,12,1,10.33015024630541,seasonal_hour_IQR|seasonal_hour_MAD,E00486
WS2M,2017-07-16 20:00:00+07:00,2017-07-17 14:00:00+07:00,19,1,10.26413043478261,seasonal_hour_IQR|seasonal_hour_MAD,E00487
WS2M,2014-09-17 14:00:00+07:00,2014-09-18 03:00:00+07:00,14,1,10.188500000000003,seasonal_hour_IQR|seasonal_hour_MAD,E00488
RH2M,2005-02-18 23:00:00+07:00,2005-02-19 10:00:00+07:00,12,1,10.188161904761932,seasonal_hour_IQR|seasonal_hour_MAD,E00489
WS2M,2005-12-03 20:00:00+07:00,2005-12-04 06:00:00+07:00,11,1,10.169384615384615,seasonal_hour_IQR|seasonal_hour_MAD,E00490
WS2M,2009-11-12 15:00:00+07:00,2009-11-13 02:00:00+07:00,12,1,10.148159090909086,seasonal_hour_IQR|seasonal_hour_MAD,E00491
WS2M,2012-11-23 04:00:00+07:00,2012-11-23 07:00:00+07:00,4,1,10.095741935483868,seasonal_hour_IQR|seasonal_hour_MAD,E00492
WS2M,2011-06-24 09:00:00+07:00,2011-06-25 15:00:00+07:00,31,1,10.078398550724643,seasonal_hour_IQR|seasonal_hour_MAD,E00493
WS2M,2010-03-24 21:00:00+07:00,2010-03-25 06:00:00+07:00,10,1,10.061291666666667,seasonal_hour_IQR|seasonal_hour_MAD,E00494
WS2M,2014-11-07 20:00:00+07:00,2014-11-08 05:00:00+07:00,10,1,10.06009574468085,seasonal_hour_IQR|seasonal_hour_MAD,E00495
RH2M,2004-04-07 18:00:00+07:00,2004-04-08 07:00:00+07:00,14,1,10.056466357308578,seasonal_hour_IQR|seasonal_hour_MAD,E00496
ALLSKY_SFC_SW_DWN,2005-12-30 17:00:00+07:00,2005-12-30 17:00:00+07:00,1,1,10.048780487804878,seasonal_hour_IQR,E00497
ALLSKY_SFC_SW_DWN,2015-12-31 17:00:00+07:00,2015-12-31 17:00:00+07:00,1,1,10.048780487804878,seasonal_hour_IQR,E00498
RH2M,2005-02-19 16:00:00+07:00,2005-02-20 10:00:00+07:00,19,1,10.047833333333356,seasonal_hour_IQR|seasonal_hour_MAD,E00499
RH2M,2006-03-12 19:00:00+07:00,2006-03-13 07:00:00+07:00,13,1,10.040045454545442,seasonal_hour_IQR|seasonal_hour_MAD,E00500
RH2M,2004-03-08 17:00:00+07:00,2004-03-09 10:00:00+07:00,18,1,10.017574074074021,seasonal_hour_IQR|seasonal_hour_MAD,E00501
RH2M,2008-02-11 20:00:00+07:00,2008-02-12 10:00:00+07:00,15,1,10.014719047619078,seasonal_hour_IQR|seasonal_hour_MAD,E00502
RH2M,2009-03-14 17:00:00+07:00,2009-03-15 08:00:00+07:00,16,1,10.00508333333328,seasonal_hour_IQR|seasonal_hour_MAD,E00503
ALLSKY_SFC_SW_DWN,2014-12-28 17:00:00+07:00,2014-12-28 17:00:00+07:00,1,1,10.0,seasonal_hour_IQR,E00504
WS2M,2021-11-21 22:00:00+07:00,2021-11-22 06:00:00+07:00,9,1,9.964204545454548,seasonal_hour_IQR|seasonal_hour_MAD,E00505
WS2M,2010-06-02 01:00:00+07:00,2010-06-02 13:00:00+07:00,13,1,9.937633333333332,seasonal_hour_IQR|seasonal_hour_MAD,E00506
ALLSKY_SFC_SW_DWN,2010-12-27 17:00:00+07:00,2010-12-27 17:00:00+07:00,1,1,9.926829268292684,seasonal_hour_IQR,E00507
WS2M,2010-08-27 20:00:00+07:00,2010-08-28 06:00:00+07:00,11,1,9.915150000000004,seasonal_hour_IQR|seasonal_hour_MAD,E00508
WS2M,2007-09-17 22:00:00+07:00,2007-09-18 05:00:00+07:00,8,1,9.91515,seasonal_hour_IQR|seasonal_hour_MAD,E00509
RH2M,2004-02-03 22:00:00+07:00,2004-02-04 07:00:00+07:00,10,1,9.88945476190479,seasonal_hour_IQR|seasonal_hour_MAD,E00510
ALLSKY_SFC_SW_DWN,2008-12-31 17:00:00+07:00,2008-12-31 17:00:00+07:00,1,1,9.878048780487806,seasonal_hour_IQR,E00511
ALLSKY_SFC_SW_DWN,2021-12-30 17:00:00+07:00,2021-12-30 17:00:00+07:00,1,1,9.878048780487806,seasonal_hour_IQR,E00512
WS2M,2001-12-06 02:00:00+07:00,2001-12-06 06:00:00+07:00,5,1,9.87222727272727,seasonal_hour_IQR|seasonal_hour_MAD,E00513
WS2M,2008-08-07 10:00:00+07:00,2008-08-07 23:00:00+07:00,14,1,9.858076923076922,seasonal_hour_IQR|seasonal_hour_MAD,E00514
RH2M,2005-05-05 18:00:00+07:00,2005-05-06 06:00:00+07:00,13,1,9.810486206896535,seasonal_hour_IQR|seasonal_hour_MAD,E00515
WS2M,2025-11-17 22:00:00+07:00,2025-11-18 06:00:00+07:00,9,1,9.780250000000004,seasonal_hour_IQR|seasonal_hour_MAD,E00516
WS2M,2023-01-23 20:00:00+07:00,2023-01-24 07:00:00+07:00,12,1,9.729151515151512,seasonal_hour_IQR|seasonal_hour_MAD,E00517
ALLSKY_SFC_SW_DWN,2023-12-31 17:00:00+07:00,2023-12-31 17:00:00+07:00,1,1,9.682926829268293,seasonal_hour_IQR,E00518
WS2M,2005-07-30 21:00:00+07:00,2005-07-31 13:00:00+07:00,17,1,9.677608695652173,seasonal_hour_IQR|seasonal_hour_MAD,E00519
RH2M,2010-03-09 18:00:00+07:00,2010-03-10 13:00:00+07:00,20,1,9.665550761421253,seasonal_hour_IQR|seasonal_hour_MAD,E00520
RH2M,2023-03-12 20:00:00+07:00,2023-03-13 07:00:00+07:00,12,1,9.641736607142878,seasonal_hour_IQR|seasonal_hour_MAD,E00521
WS2M,2024-09-21 22:00:00+07:00,2024-09-22 02:00:00+07:00,5,1,9.635714285714286,seasonal_hour_IQR|seasonal_hour_MAD,E00522
ALLSKY_SFC_SW_DWN,2004-12-28 17:00:00+07:00,2004-12-28 17:00:00+07:00,1,1,9.634146341463415,seasonal_hour_IQR,E00523
WS2M,2021-03-21 03:00:00+07:00,2021-03-21 07:00:00+07:00,5,1,9.597171428571425,seasonal_hour_IQR|seasonal_hour_MAD,E00524
WS2M,2019-07-03 22:00:00+07:00,2019-07-04 06:00:00+07:00,9,1,9.58963043478261,seasonal_hour_IQR|seasonal_hour_MAD,E00525
WS2M,2016-01-22 17:00:00+07:00,2016-01-23 07:00:00+07:00,15,1,9.567907407407407,seasonal_hour_IQR|seasonal_hour_MAD,E00526
WS2M,2016-01-31 20:00:00+07:00,2016-02-01 05:00:00+07:00,10,1,9.563446428571433,seasonal_hour_IQR|seasonal_hour_MAD,E00527
ALLSKY_SFC_SW_DWN,2009-12-29 17:00:00+07:00,2009-12-29 17:00:00+07:00,1,1,9.560975609756097,seasonal_hour_IQR,E00528
RH2M,2005-02-27 22:00:00+07:00,2005-02-28 08:00:00+07:00,11,1,9.545780952380976,seasonal_hour_IQR|seasonal_hour_MAD,E00529
WS2M,2009-09-28 18:00:00+07:00,2009-09-29 06:00:00+07:00,13,1,9.534977272727275,seasonal_hour_IQR|seasonal_hour_MAD,E00530
ALLSKY_SFC_SW_DWN,2018-12-26 17:00:00+07:00,2018-12-26 17:00:00+07:00,1,1,9.512195121951219,seasonal_hour_IQR,E00531
WS2M,2001-08-10 23:00:00+07:00,2001-08-11 13:00:00+07:00,15,1,9.47511904761905,seasonal_hour_IQR|seasonal_hour_MAD,E00532
WS2M,2024-10-27 17:00:00+07:00,2024-10-28 05:00:00+07:00,13,1,9.471104166666668,seasonal_hour_IQR|seasonal_hour_MAD,E00533
WS2M,2021-06-12 22:00:00+07:00,2021-06-13 18:00:00+07:00,21,1,9.463439393939396,seasonal_hour_IQR|seasonal_hour_MAD,E00534
ALLSKY_SFC_SW_DWN,2020-12-29 17:00:00+07:00,2020-12-29 17:00:00+07:00,1,1,9.463414634146341,seasonal_hour_IQR,E00535
RH2M,2007-05-12 20:00:00+07:00,2007-05-13 09:00:00+07:00,14,1,9.456955172413775,seasonal_hour_IQR|seasonal_hour_MAD,E00536
RH2M,2007-05-22 20:00:00+07:00,2007-05-23 07:00:00+07:00,12,1,9.443,seasonal_hour_IQR|seasonal_hour_MAD,E00537
RH2M,2007-05-21 21:00:00+07:00,2007-05-22 07:00:00+07:00,11,1,9.407026666666662,seasonal_hour_IQR|seasonal_hour_MAD,E00538
RH2M,2002-03-07 19:00:00+07:00,2002-03-08 05:00:00+07:00,11,1,9.36805555555551,seasonal_hour_IQR|seasonal_hour_MAD,E00539
WS2M,2022-08-10 23:00:00+07:00,2022-08-11 06:00:00+07:00,8,1,9.341825,seasonal_hour_IQR|seasonal_hour_MAD,E00540
ALLSKY_SFC_SW_DWN,2010-12-31 17:00:00+07:00,2010-12-31 17:00:00+07:00,1,1,9.341463414634147,seasonal_hour_IQR,E00541
WS2M,2021-10-16 16:00:00+07:00,2021-10-17 06:00:00+07:00,15,1,9.320363636363632,seasonal_hour_IQR|seasonal_hour_MAD,E00542
WS2M,2009-09-29 17:00:00+07:00,2009-09-30 06:00:00+07:00,14,1,9.274375000000003,seasonal_hour_IQR|seasonal_hour_MAD,E00543
ALLSKY_SFC_SW_DWN,2004-12-29 17:00:00+07:00,2004-12-29 17:00:00+07:00,1,1,9.268292682926829,seasonal_hour_IQR,E00544
ALLSKY_SFC_SW_DWN,2005-12-29 17:00:00+07:00,2005-12-29 17:00:00+07:00,1,1,9.268292682926829,seasonal_hour_IQR,E00545
ALLSKY_SFC_SW_DWN,2023-12-27 17:00:00+07:00,2023-12-27 17:00:00+07:00,1,1,9.268292682926829,seasonal_hour_IQR,E00546
RH2M,2010-03-03 03:00:00+07:00,2010-03-03 08:00:00+07:00,6,1,9.254687817258816,seasonal_hour_IQR|seasonal_hour_MAD,E00547
WS2M,2009-07-13 00:00:00+07:00,2009-07-13 07:00:00+07:00,8,1,9.25414,seasonal_hour_IQR|seasonal_hour_MAD,E00548
WS2M,2006-01-05 02:00:00+07:00,2006-01-05 06:00:00+07:00,5,1,9.242472972972976,seasonal_hour_IQR|seasonal_hour_MAD,E00549
ALLSKY_SFC_SW_DWN,2003-12-30 17:00:00+07:00,2003-12-30 17:00:00+07:00,1,1,9.21951219512195,seasonal_hour_IQR,E00550
ALLSKY_SFC_SW_DWN,2017-12-25 17:00:00+07:00,2017-12-25 17:00:00+07:00,1,1,9.21951219512195,seasonal_hour_IQR,E00551
ALLSKY_SFC_SW_DWN,2023-12-26 17:00:00+07:00,2023-12-26 17:00:00+07:00,1,1,9.21951219512195,seasonal_hour_IQR,E00552
RH2M,2005-03-02 20:00:00+07:00,2005-03-03 09:00:00+07:00,14,1,9.217025380710593,seasonal_hour_IQR|seasonal_hour_MAD,E00553
WS2M,2024-03-19 01:00:00+07:00,2024-03-19 06:00:00+07:00,6,1,9.199430555555558,seasonal_hour_IQR|seasonal_hour_MAD,E00554
WS2M,2015-03-01 02:00:00+07:00,2015-03-01 06:00:00+07:00,5,1,9.187783783783788,seasonal_hour_IQR|seasonal_hour_MAD,E00555
WS2M,2011-03-07 01:00:00+07:00,2011-03-07 06:00:00+07:00,6,1,9.180694444444448,seasonal_hour_IQR|seasonal_hour_MAD,E00556
ALLSKY_SFC_SW_DWN,2001-12-24 17:00:00+07:00,2001-12-24 17:00:00+07:00,1,1,9.146341463414634,seasonal_hour_IQR,E00557
ALLSKY_SFC_SW_DWN,2002-12-30 17:00:00+07:00,2002-12-30 17:00:00+07:00,1,1,9.146341463414634,seasonal_hour_IQR,E00558
WS2M,2009-11-16 21:00:00+07:00,2009-11-17 06:00:00+07:00,10,1,9.105750000000002,seasonal_hour_IQR|seasonal_hour_MAD,E00559
WS2M,2013-04-05 23:00:00+07:00,2013-04-06 09:00:00+07:00,11,1,9.105750000000002,seasonal_hour_IQR|seasonal_hour_MAD,E00560
RH2M,2013-06-12 17:00:00+07:00,2013-06-13 03:00:00+07:00,11,1,9.08932234957022,seasonal_hour_IQR|seasonal_hour_MAD,E00561
RH2M,2007-03-19 21:00:00+07:00,2007-03-20 08:00:00+07:00,12,1,9.083494923857804,seasonal_hour_IQR|seasonal_hour_MAD,E00562
RH2M,2006-02-28 20:00:00+07:00,2006-03-01 11:00:00+07:00,16,1,9.080071065989786,seasonal_hour_IQR|seasonal_hour_MAD,E00563
WS2M,2008-09-25 17:00:00+07:00,2008-09-26 06:00:00+07:00,14,1,9.057571428571425,seasonal_hour_IQR|seasonal_hour_MAD,E00564
WS2M,2022-08-21 02:00:00+07:00,2022-08-21 20:00:00+07:00,19,1,9.049541666666666,seasonal_hour_IQR|seasonal_hour_MAD,E00565
WS2M,2013-09-30 17:00:00+07:00,2013-10-01 02:00:00+07:00,10,1,9.044431818181817,seasonal_hour_IQR|seasonal_hour_MAD,E00566
WS2M,2018-01-28 20:00:00+07:00,2018-01-29 05:00:00+07:00,10,1,9.018314814814815,seasonal_hour_IQR|seasonal_hour_MAD,E00567
WS2M,2018-08-30 17:00:00+07:00,2018-08-31 05:00:00+07:00,13,1,8.993333333333334,seasonal_hour_IQR|seasonal_hour_MAD,E00568
WS2M,2010-02-12 00:00:00+07:00,2010-02-12 06:00:00+07:00,7,1,8.983557971014488,seasonal_hour_IQR|seasonal_hour_MAD,E00569
RH2M,2010-02-11 01:00:00+07:00,2010-02-11 08:00:00+07:00,8,1,8.958002380952404,seasonal_hour_IQR|seasonal_hour_MAD,E00570
ALLSKY_SFC_SW_DWN,2023-12-25 17:00:00+07:00,2023-12-25 17:00:00+07:00,1,1,8.951219512195122,seasonal_hour_IQR,E00571
WS2M,2024-09-22 15:00:00+07:00,2024-09-23 04:00:00+07:00,14,1,8.946000000000003,seasonal_hour_IQR|seasonal_hour_MAD,E00572
WS2M,2012-03-31 02:00:00+07:00,2012-03-31 06:00:00+07:00,5,1,8.937125000000004,seasonal_hour_IQR|seasonal_hour_MAD,E00573
RH2M,2012-03-31 19:00:00+07:00,2012-04-01 04:00:00+07:00,10,1,8.91372727272726,seasonal_hour_IQR|seasonal_hour_MAD,E00574
ALLSKY_SFC_SW_DWN,2024-12-26 17:00:00+07:00,2024-12-26 17:00:00+07:00,1,1,8.902439024390244,seasonal_hour_IQR,E00575
WS2M,2003-03-06 02:00:00+07:00,2003-03-06 07:00:00+07:00,6,1,8.877878378378382,seasonal_hour_IQR|seasonal_hour_MAD,E00576
WS2M,2015-10-31 17:00:00+07:00,2015-11-01 06:00:00+07:00,14,1,8.864857142857138,seasonal_hour_IQR|seasonal_hour_MAD,E00577
RH2M,2006-03-02 19:00:00+07:00,2006-03-03 08:00:00+07:00,14,1,8.846567129629584,seasonal_hour_IQR|seasonal_hour_MAD,E00578
RH2M,2014-02-09 21:00:00+07:00,2014-02-10 07:00:00+07:00,11,1,8.841333333333353,seasonal_hour_IQR|seasonal_hour_MAD,E00579
WS2M,2010-10-02 21:00:00+07:00,2010-10-03 06:00:00+07:00,10,1,8.82981818181818,seasonal_hour_IQR|seasonal_hour_MAD,E00580
ALLSKY_SFC_SW_DWN,2012-12-30 17:00:00+07:00,2012-12-30 17:00:00+07:00,1,1,8.829268292682928,seasonal_hour_IQR,E00581
RH2M,2025-06-01 17:00:00+07:00,2025-06-02 06:00:00+07:00,14,1,8.815872909699015,seasonal_hour_IQR|seasonal_hour_MAD,E00582
RH2M,2010-02-26 23:00:00+07:00,2010-02-27 05:00:00+07:00,7,1,8.803614967462012,seasonal_hour_IQR|seasonal_hour_MAD,E00583
WS2M,2022-10-09 16:00:00+07:00,2022-10-10 05:00:00+07:00,14,1,8.800619047619044,seasonal_hour_IQR|seasonal_hour_MAD,E00584
WS2M,2007-09-24 22:00:00+07:00,2007-09-25 07:00:00+07:00,10,1,8.799159090909093,seasonal_hour_IQR|seasonal_hour_MAD,E00585
RH2M,2007-05-24 22:00:00+07:00,2007-05-25 05:00:00+07:00,8,1,8.79584459459457,seasonal_hour_IQR|seasonal_hour_MAD,E00586
RH2M,2020-02-15 20:00:00+07:00,2020-02-16 08:00:00+07:00,13,1,8.78750000000002,seasonal_hour_IQR|seasonal_hour_MAD,E00587
ALLSKY_SFC_SW_DWN,2023-12-28 17:00:00+07:00,2023-12-28 17:00:00+07:00,1,1,8.78048780487805,seasonal_hour_IQR,E00588
WS2M,2004-05-04 00:00:00+07:00,2004-05-04 09:00:00+07:00,10,1,8.768500000000001,seasonal_hour_IQR|seasonal_hour_MAD,E00589
WS2M,2006-09-09 15:00:00+07:00,2006-09-10 05:00:00+07:00,15,1,8.768500000000001,seasonal_hour_IQR|seasonal_hour_MAD,E00590
RH2M,2006-06-05 23:00:00+07:00,2006-06-06 07:00:00+07:00,9,1,8.757220735785966,seasonal_hour_IQR|seasonal_hour_MAD,E00591
WS2M,2009-10-13 15:00:00+07:00,2009-10-14 08:00:00+07:00,18,1,8.737840909090906,seasonal_hour_IQR|seasonal_hour_MAD,E00592
RH2M,2010-05-22 02:00:00+07:00,2010-05-22 08:00:00+07:00,7,1,8.717331034482738,seasonal_hour_IQR|seasonal_hour_MAD,E00593
WS2M,2021-11-07 23:00:00+07:00,2021-11-08 05:00:00+07:00,7,1,8.712291666666669,seasonal_hour_IQR|seasonal_hour_MAD,E00594
WS2M,2020-10-29 16:00:00+07:00,2020-10-30 02:00:00+07:00,11,1,8.704261904761902,seasonal_hour_IQR|seasonal_hour_MAD,E00595
WS2M,2024-09-09 16:00:00+07:00,2024-09-10 03:00:00+07:00,12,1,8.697500000000002,seasonal_hour_IQR|seasonal_hour_MAD,E00596
RH2M,2016-02-29 17:00:00+07:00,2016-03-01 11:00:00+07:00,19,1,8.66816115702479,seasonal_hour_IQR|seasonal_hour_MAD,E00597
WS2M,2004-10-01 18:00:00+07:00,2004-10-02 03:00:00+07:00,10,1,8.656083333333333,seasonal_hour_IQR|seasonal_hour_MAD,E00598
WS2M,2020-10-16 14:00:00+07:00,2020-10-17 06:00:00+07:00,17,1,8.640023809523806,seasonal_hour_IQR|seasonal_hour_MAD,E00599
RH2M,2010-02-16 00:00:00+07:00,2010-02-16 07:00:00+07:00,8,1,8.63681190476193,seasonal_hour_IQR|seasonal_hour_MAD,E00600
WS2M,2019-11-27 20:00:00+07:00,2019-11-28 04:00:00+07:00,9,1,8.624989361702129,seasonal_hour_IQR|seasonal_hour_MAD,E00601
RH2M,2016-03-10 20:00:00+07:00,2016-03-11 07:00:00+07:00,12,1,8.559644670050705,seasonal_hour_IQR|seasonal_hour_MAD,E00602
WS2M,2001-07-03 18:00:00+07:00,2001-07-04 06:00:00+07:00,13,1,8.55266,seasonal_hour_IQR|seasonal_hour_MAD,E00603
RH2M,2008-03-02 09:00:00+07:00,2008-03-03 16:00:00+07:00,32,1,8.543666666666624,seasonal_hour_IQR|seasonal_hour_MAD,E00604
RH2M,2014-05-11 21:00:00+07:00,2014-05-12 02:00:00+07:00,6,1,8.530649999999975,seasonal_hour_IQR|seasonal_hour_MAD,E00605
WS2M,2016-10-18 20:00:00+07:00,2016-10-19 13:00:00+07:00,18,1,8.515562500000001,seasonal_hour_IQR|seasonal_hour_MAD,E00606
WS2M,2001-01-25 17:00:00+07:00,2001-01-26 06:00:00+07:00,14,1,8.50740322580645,seasonal_hour_IQR|seasonal_hour_MAD,E00607
WS2M,2021-12-26 16:00:00+07:00,2021-12-27 05:00:00+07:00,14,1,8.503517857142857,seasonal_hour_IQR|seasonal_hour_MAD,E00608
WS2M,2012-11-11 00:00:00+07:00,2012-11-11 06:00:00+07:00,7,1,8.496333333333334,seasonal_hour_IQR|seasonal_hour_MAD,E00609
WS2M,2022-01-16 20:00:00+07:00,2022-01-17 05:00:00+07:00,10,1,8.493703703703705,seasonal_hour_IQR|seasonal_hour_MAD,E00610
WS2M,2007-12-28 15:00:00+07:00,2007-12-28 19:00:00+07:00,5,1,8.492568181818179,seasonal_hour_IQR|seasonal_hour_MAD,E00611
WS2M,2001-04-10 23:00:00+07:00,2001-04-11 09:00:00+07:00,11,1,8.490764705882356,seasonal_hour_IQR|seasonal_hour_MAD,E00612
WS2M,2008-12-22 01:00:00+07:00,2008-12-22 06:00:00+07:00,6,1,8.482348484848481,seasonal_hour_IQR|seasonal_hour_MAD,E00613
WS2M,2006-02-28 00:00:00+07:00,2006-02-28 06:00:00+07:00,7,1,8.480713333333332,seasonal_hour_IQR|seasonal_hour_MAD,E00614
RH2M,2015-04-13 22:00:00+07:00,2015-04-14 09:00:00+07:00,12,1,8.474766129032279,seasonal_hour_IQR|seasonal_hour_MAD,E00615
RH2M,2008-02-15 18:00:00+07:00,2008-02-16 06:00:00+07:00,13,1,8.468080299785838,seasonal_hour_IQR|seasonal_hour_MAD,E00616
WS2M,2015-09-12 21:00:00+07:00,2015-09-13 04:00:00+07:00,8,1,8.464975,seasonal_hour_IQR|seasonal_hour_MAD,E00617
RH2M,2012-06-17 18:00:00+07:00,2012-06-18 04:00:00+07:00,11,1,8.464313725490191,seasonal_hour_IQR|seasonal_hour_MAD,E00618
ALLSKY_SFC_SW_DWN,2019-12-30 17:00:00+07:00,2019-12-30 17:00:00+07:00,1,1,8.463414634146343,seasonal_hour_IQR,E00619
WS2M,2005-10-07 23:00:00+07:00,2005-10-08 05:00:00+07:00,7,1,8.459354166666667,seasonal_hour_IQR|seasonal_hour_MAD,E00620
RH2M,2016-02-14 20:00:00+07:00,2016-02-15 08:00:00+07:00,13,1,8.45183333333335,seasonal_hour_IQR|seasonal_hour_MAD,E00621
RH2M,2005-03-13 16:00:00+07:00,2005-03-14 01:00:00+07:00,10,1,8.446863425925883,seasonal_hour_IQR|seasonal_hour_MAD,E00622
RH2M,2023-03-13 18:00:00+07:00,2023-03-14 07:00:00+07:00,14,1,8.445772727272715,seasonal_hour_IQR|seasonal_hour_MAD,E00623
WS2M,2016-12-22 01:00:00+07:00,2016-12-22 06:00:00+07:00,6,1,8.441469696969696,seasonal_hour_IQR|seasonal_hour_MAD,E00624
WS2M,2002-09-18 13:00:00+07:00,2002-09-19 04:00:00+07:00,16,1,8.413500000000003,seasonal_hour_IQR|seasonal_hour_MAD,E00625
RH2M,2006-04-13 20:00:00+07:00,2006-04-14 06:00:00+07:00,11,1,8.404333333333293,seasonal_hour_IQR|seasonal_hour_MAD,E00626
WS2M,2010-11-24 22:00:00+07:00,2010-11-25 05:00:00+07:00,8,1,8.403145833333337,seasonal_hour_IQR|seasonal_hour_MAD,E00627
WS2M,2001-10-08 21:00:00+07:00,2001-10-09 05:00:00+07:00,9,1,8.400590909090907,seasonal_hour_IQR|seasonal_hour_MAD,E00628
RH2M,2017-06-04 10:00:00+07:00,2017-06-05 07:00:00+07:00,22,1,8.379805084745803,seasonal_hour_IQR|seasonal_hour_MAD,E00629
WS2M,2014-12-01 00:00:00+07:00,2014-12-01 05:00:00+07:00,6,1,8.373103448275861,seasonal_hour_IQR|seasonal_hour_MAD,E00630
WS2M,2015-12-02 17:00:00+07:00,2015-12-03 00:00:00+07:00,8,1,8.358982142857144,seasonal_hour_IQR|seasonal_hour_MAD,E00631
RH2M,2015-07-02 01:00:00+07:00,2015-07-02 07:00:00+07:00,7,1,8.352319148936104,seasonal_hour_IQR|seasonal_hour_MAD,E00632
RH2M,2004-06-23 22:00:00+07:00,2004-06-24 07:00:00+07:00,10,1,8.346655518394662,seasonal_hour_IQR|seasonal_hour_MAD,E00633
ALLSKY_SFC_SW_DWN,2002-12-31 17:00:00+07:00,2002-12-31 17:00:00+07:00,1,1,8.341463414634147,seasonal_hour_IQR,E00634
ALLSKY_SFC_SW_DWN,2011-12-26 17:00:00+07:00,2011-12-26 17:00:00+07:00,1,1,8.341463414634147,seasonal_hour_IQR,E00635
WS2M,2001-10-03 21:00:00+07:00,2001-10-04 04:00:00+07:00,8,1,8.339272727272725,seasonal_hour_IQR|seasonal_hour_MAD,E00636
RH2M,2016-05-16 22:00:00+07:00,2016-05-17 06:00:00+07:00,9,1,8.330289808917234,seasonal_hour_IQR|seasonal_hour_MAD,E00637
WS2M,2012-01-21 17:00:00+07:00,2012-01-22 06:00:00+07:00,14,1,8.32525714285714,seasonal_hour_IQR|seasonal_hour_MAD,E00638
WS2M,2010-12-25 02:00:00+07:00,2010-12-25 07:00:00+07:00,6,1,8.318833333333332,seasonal_hour_IQR|seasonal_hour_MAD,E00639
RH2M,2017-06-03 10:00:00+07:00,2017-06-04 07:00:00+07:00,22,1,8.305607843137249,seasonal_hour_IQR|seasonal_hour_MAD,E00640
RH2M,2010-03-07 02:00:00+07:00,2010-03-07 07:00:00+07:00,6,1,8.302855329949184,seasonal_hour_IQR|seasonal_hour_MAD,E00641
WS2M,2003-01-05 17:00:00+07:00,2003-01-06 06:00:00+07:00,14,1,8.293851851851853,seasonal_hour_IQR|seasonal_hour_MAD,E00642
WS2M,2005-02-18 01:00:00+07:00,2005-02-18 06:00:00+07:00,6,1,8.266948717948718,seasonal_hour_IQR|seasonal_hour_MAD,E00643
WS2M,2002-09-22 15:00:00+07:00,2002-09-23 04:00:00+07:00,14,1,8.262625000000002,seasonal_hour_IQR|seasonal_hour_MAD,E00644
WS2M,2016-01-23 20:00:00+07:00,2016-01-24 07:00:00+07:00,12,1,8.246306451612902,seasonal_hour_IQR|seasonal_hour_MAD,E00645
WS2M,2020-02-15 21:00:00+07:00,2020-02-16 05:00:00+07:00,9,1,8.24500746268657,seasonal_hour_IQR|seasonal_hour_MAD,E00646
WS2M,2022-03-23 00:00:00+07:00,2022-03-23 05:00:00+07:00,6,1,8.24388888888889,seasonal_hour_IQR|seasonal_hour_MAD,E00647
RH2M,2024-04-28 00:00:00+07:00,2024-04-28 07:00:00+07:00,8,1,8.235102298850556,seasonal_hour_IQR|seasonal_hour_MAD,E00648
RH2M,2015-03-01 04:00:00+07:00,2015-03-01 07:00:00+07:00,4,1,8.234378172588778,seasonal_hour_IQR|seasonal_hour_MAD,E00649
WS2M,2021-06-04 01:00:00+07:00,2021-06-04 06:00:00+07:00,6,1,8.214446428571428,seasonal_hour_IQR|seasonal_hour_MAD,E00650
WS2M,2016-03-09 23:00:00+07:00,2016-03-10 07:00:00+07:00,9,1,8.20641666666667,seasonal_hour_IQR|seasonal_hour_MAD,E00651
RH2M,2001-04-21 20:00:00+07:00,2001-04-22 07:00:00+07:00,12,1,8.201666666666627,seasonal_hour_IQR|seasonal_hour_MAD,E00652
RH2M,2007-05-06 21:00:00+07:00,2007-05-07 05:00:00+07:00,9,1,8.201404458598763,seasonal_hour_IQR|seasonal_hour_MAD,E00653
WS2M,2020-10-13 23:00:00+07:00,2020-10-14 19:00:00+07:00,21,1,8.1783125,seasonal_hour_IQR|seasonal_hour_MAD,E00654
ALLSKY_SFC_SW_DWN,2009-12-28 17:00:00+07:00,2009-12-28 17:00:00+07:00,1,1,8.170731707317074,seasonal_hour_IQR,E00655
RH2M,2003-03-06 19:00:00+07:00,2003-03-07 09:00:00+07:00,15,1,8.155318181818172,seasonal_hour_IQR|seasonal_hour_MAD,E00656
RH2M,2010-02-17 01:00:00+07:00,2010-02-17 07:00:00+07:00,7,1,8.145390476190498,seasonal_hour_IQR|seasonal_hour_MAD,E00657
PS,2024-09-07 01:00:00+07:00,2024-09-08 15:00:00+07:00,39,1,8.12950000000012,seasonal_hour_IQR|seasonal_hour_MAD,E00658
WS2M,2024-10-01 17:00:00+07:00,2024-10-02 02:00:00+07:00,10,1,8.124659090909088,seasonal_hour_IQR|seasonal_hour_MAD,E00659
WS2M,2002-10-29 22:00:00+07:00,2002-10-30 03:00:00+07:00,6,1,8.122104166666666,seasonal_hour_IQR|seasonal_hour_MAD,E00660
ALLSKY_SFC_SW_DWN,2001-12-29 17:00:00+07:00,2001-12-29 17:00:00+07:00,1,1,8.121951219512196,seasonal_hour_IQR,E00661
ALLSKY_SFC_SW_DWN,2016-12-27 17:00:00+07:00,2016-12-27 17:00:00+07:00,1,1,8.121951219512196,seasonal_hour_IQR,E00662
RH2M,2017-06-02 20:00:00+07:00,2017-06-03 07:00:00+07:00,12,1,8.116042483660122,seasonal_hour_IQR|seasonal_hour_MAD,E00663
RH2M,2010-03-10 16:00:00+07:00,2010-03-11 10:00:00+07:00,19,1,8.103681818181808,seasonal_hour_IQR|seasonal_hour_MAD,E00664
WS2M,2013-08-19 23:00:00+07:00,2013-08-20 05:00:00+07:00,7,1,8.094000000000003,seasonal_hour_IQR|seasonal_hour_MAD,E00665
WS2M,2019-09-02 17:00:00+07:00,2019-09-03 05:00:00+07:00,13,1,8.094000000000001,seasonal_hour_IQR|seasonal_hour_MAD,E00666
WS2M,2015-12-24 19:00:00+07:00,2015-12-25 06:00:00+07:00,12,1,8.094,seasonal_hour_IQR|seasonal_hour_MAD,E00667
WS2M,2024-07-30 16:00:00+07:00,2024-07-31 06:00:00+07:00,15,1,8.094,seasonal_hour_IQR|seasonal_hour_MAD,E00668
WS2M,2012-02-06 23:00:00+07:00,2012-02-07 05:00:00+07:00,7,1,8.084224637681155,seasonal_hour_IQR|seasonal_hour_MAD,E00669
RH2M,2006-05-14 19:00:00+07:00,2006-05-15 11:00:00+07:00,17,1,8.074044378698163,seasonal_hour_IQR|seasonal_hour_MAD,E00670
WS2M,2022-02-19 00:00:00+07:00,2022-02-19 07:00:00+07:00,8,1,8.059410256410258,seasonal_hour_IQR|seasonal_hour_MAD,E00671
WS2M,2022-09-29 16:00:00+07:00,2022-09-29 19:00:00+07:00,4,1,8.058500000000002,seasonal_hour_IQR|seasonal_hour_MAD,E00672
RH2M,2003-03-07 20:00:00+07:00,2003-03-08 09:00:00+07:00,14,1,8.052913705583702,seasonal_hour_IQR|seasonal_hour_MAD,E00673
RH2M,2025-03-15 20:00:00+07:00,2025-03-16 08:00:00+07:00,13,1,8.048818181818174,seasonal_hour_IQR|seasonal_hour_MAD,E00674
ALLSKY_SFC_SW_DWN,2001-12-25 17:00:00+07:00,2001-12-25 17:00:00+07:00,1,1,8.048780487804878,seasonal_hour_IQR,E00675
ALLSKY_SFC_SW_DWN,2004-12-26 17:00:00+07:00,2004-12-26 17:00:00+07:00,1,1,8.048780487804878,seasonal_hour_IQR,E00676
ALLSKY_SFC_SW_DWN,2020-12-30 17:00:00+07:00,2020-12-30 17:00:00+07:00,1,1,8.048780487804878,seasonal_hour_IQR,E00677
WS2M,2016-11-23 20:00:00+07:00,2016-11-24 05:00:00+07:00,10,1,8.037791666666669,seasonal_hour_IQR|seasonal_hour_MAD,E00678
RH2M,2003-06-15 19:00:00+07:00,2003-06-16 01:00:00+07:00,7,1,8.026356733524374,seasonal_hour_IQR|seasonal_hour_MAD,E00679
RH2M,2005-04-12 18:00:00+07:00,2005-04-13 06:00:00+07:00,13,1,8.022011600928067,seasonal_hour_IQR|seasonal_hour_MAD,E00680
WS2M,2006-03-12 21:00:00+07:00,2006-03-13 07:00:00+07:00,11,1,8.019055555555559,seasonal_hour_IQR|seasonal_hour_MAD,E00681
WS2M,2003-11-10 20:00:00+07:00,2003-11-11 04:00:00+07:00,9,1,8.002022727272728,seasonal_hour_IQR|seasonal_hour_MAD,E00682
WS2M,2019-11-13 19:00:00+07:00,2019-11-14 05:00:00+07:00,11,1,8.002022727272728,seasonal_hour_IQR|seasonal_hour_MAD,E00683
WS2M,2024-10-22 21:00:00+07:00,2024-10-23 03:00:00+07:00,7,1,8.002022727272724,seasonal_hour_IQR|seasonal_hour_MAD,E00684
ALLSKY_SFC_SW_DWN,2002-12-28 17:00:00+07:00,2002-12-28 17:00:00+07:00,1,1,8.0,seasonal_hour_IQR,E00685
ALLSKY_SFC_SW_DWN,2019-12-29 17:00:00+07:00,2019-12-29 17:00:00+07:00,1,1,8.0,seasonal_hour_IQR,E00686
WS2M,2010-10-15 00:00:00+07:00,2010-10-15 03:00:00+07:00,4,1,7.997642857142861,seasonal_hour_IQR|seasonal_hour_MAD,E00687
RH2M,2009-04-20 20:00:00+07:00,2009-04-21 03:00:00+07:00,8,1,7.994320197044331,seasonal_hour_IQR|seasonal_hour_MAD,E00688
RH2M,2006-04-11 22:00:00+07:00,2006-04-12 11:00:00+07:00,14,1,7.992980414746565,seasonal_hour_IQR|seasonal_hour_MAD,E00689
WS2M,2011-01-15 00:00:00+07:00,2011-01-15 06:00:00+07:00,7,1,7.9918030303030285,seasonal_hour_IQR|seasonal_hour_MAD,E00690
WS2M,2022-03-31 22:00:00+07:00,2022-04-01 05:00:00+07:00,8,1,7.981583333333336,seasonal_hour_IQR|seasonal_hour_MAD,E00691
WS2M,2015-11-12 22:00:00+07:00,2015-11-13 04:00:00+07:00,7,1,7.981583333333335,seasonal_hour_IQR|seasonal_hour_MAD,E00692
WS2M,2020-10-15 18:00:00+07:00,2020-10-16 05:00:00+07:00,12,1,7.971363636363633,seasonal_hour_IQR|seasonal_hour_MAD,E00693
WS2M,2023-09-13 12:00:00+07:00,2023-09-13 20:00:00+07:00,9,1,7.952000000000001,seasonal_hour_IQR|seasonal_hour_MAD,E00694
RH2M,2005-03-23 21:00:00+07:00,2005-03-24 08:00:00+07:00,12,1,7.950197969543094,seasonal_hour_IQR|seasonal_hour_MAD,E00695
ALLSKY_SFC_SW_DWN,2010-12-26 17:00:00+07:00,2010-12-26 17:00:00+07:00,1,1,7.926829268292684,seasonal_hour_IQR,E00696
ALLSKY_SFC_SW_DWN,2010-12-28 17:00:00+07:00,2010-12-28 17:00:00+07:00,1,1,7.926829268292684,seasonal_hour_IQR,E00697
ALLSKY_SFC_SW_DWN,2024-12-25 17:00:00+07:00,2024-12-25 17:00:00+07:00,1,1,7.926829268292684,seasonal_hour_IQR,E00698
WS2M,2020-10-28 17:00:00+07:00,2020-10-29 07:00:00+07:00,15,1,7.925375000000001,seasonal_hour_IQR|seasonal_hour_MAD,E00699
RH2M,2005-03-04 16:00:00+07:00,2005-03-05 01:00:00+07:00,10,1,7.912884259259216,seasonal_hour_IQR|seasonal_hour_MAD,E00700
RH2M,2008-02-26 20:00:00+07:00,2008-02-27 09:00:00+07:00,14,1,7.910921428571453,seasonal_hour_IQR|seasonal_hour_MAD,E00701
RH2M,2007-05-25 21:00:00+07:00,2007-05-26 06:00:00+07:00,10,1,7.874894904458632,seasonal_hour_IQR|seasonal_hour_MAD,E00702
WS2M,2017-01-11 20:00:00+07:00,2017-01-12 06:00:00+07:00,11,1,7.8691666666666675,seasonal_hour_IQR|seasonal_hour_MAD,E00703
ALLSKY_SFC_SW_DWN,2006-12-30 17:00:00+07:00,2006-12-30 17:00:00+07:00,1,1,7.853658536585367,seasonal_hour_IQR,E00704
T2M,2013-06-12 22:00:00+07:00,2013-06-13 07:00:00+07:00,10,1,7.84978448275862,seasonal_hour_IQR|seasonal_hour_MAD,E00705
WS2M,2024-11-25 22:00:00+07:00,2024-11-26 06:00:00+07:00,9,1,7.848727272727274,seasonal_hour_IQR|seasonal_hour_MAD,E00706
WS2M,2019-03-23 03:00:00+07:00,2019-03-23 06:00:00+07:00,4,1,7.8434714285714255,seasonal_hour_IQR|seasonal_hour_MAD,E00707
RH2M,2006-03-13 20:00:00+07:00,2006-03-14 08:00:00+07:00,13,1,7.82009137055832,seasonal_hour_IQR|seasonal_hour_MAD,E00708
WS2M,2025-11-18 12:00:00+07:00,2025-11-19 05:00:00+07:00,18,1,7.818068181818184,seasonal_hour_IQR|seasonal_hour_MAD,E00709
WS2M,2013-12-15 13:00:00+07:00,2013-12-16 06:00:00+07:00,18,1,7.818068181818178,seasonal_hour_IQR|seasonal_hour_MAD,E00710
WS2M,2025-12-31 16:00:00+07:00,2025-12-31 22:00:00+07:00,7,1,7.818068181818178,seasonal_hour_IQR|seasonal_hour_MAD,E00711
WS2M,2012-12-11 01:00:00+07:00,2012-12-11 05:00:00+07:00,5,1,7.807848484848483,seasonal_hour_IQR|seasonal_hour_MAD,E00712
ALLSKY_SFC_SW_DWN,2011-12-25 17:00:00+07:00,2011-12-25 17:00:00+07:00,1,1,7.8048780487804885,seasonal_hour_IQR,E00713
ALLSKY_SFC_SW_DWN,2016-12-26 17:00:00+07:00,2016-12-26 17:00:00+07:00,1,1,7.8048780487804885,seasonal_hour_IQR,E00714
ALLSKY_SFC_SW_DWN,2017-12-24 17:00:00+07:00,2017-12-24 17:00:00+07:00,1,1,7.8048780487804885,seasonal_hour_IQR,E00715
ALLSKY_SFC_SW_DWN,2021-12-28 17:00:00+07:00,2021-12-28 17:00:00+07:00,1,1,7.8048780487804885,seasonal_hour_IQR,E00716
ALLSKY_SFC_SW_DWN,2022-12-24 17:00:00+07:00,2022-12-24 17:00:00+07:00,1,1,7.8048780487804885,seasonal_hour_IQR,E00717
ALLSKY_SFC_SW_DWN,2025-12-26 17:00:00+07:00,2025-12-26 17:00:00+07:00,1,1,7.8048780487804885,seasonal_hour_IQR,E00718
RH2M,2010-03-25 19:00:00+07:00,2010-03-26 13:00:00+07:00,19,1,7.790636363636351,seasonal_hour_IQR|seasonal_hour_MAD,E00719
WS2M,2012-08-17 18:00:00+07:00,2012-08-18 10:00:00+07:00,17,1,7.782692307692307,seasonal_hour_IQR|seasonal_hour_MAD,E00720
WS2M,2010-04-15 01:00:00+07:00,2010-04-15 06:00:00+07:00,6,1,7.756750000000004,seasonal_hour_IQR|seasonal_hour_MAD,E00721
WS2M,2010-03-08 21:00:00+07:00,2010-03-09 06:00:00+07:00,10,1,7.756750000000001,seasonal_hour_IQR|seasonal_hour_MAD,E00722
WS2M,2006-11-19 15:00:00+07:00,2006-11-19 19:00:00+07:00,5,1,7.756749999999996,seasonal_hour_IQR|seasonal_hour_MAD,E00723
WS2M,2023-09-26 17:00:00+07:00,2023-09-27 03:00:00+07:00,11,1,7.739000000000001,seasonal_hour_IQR|seasonal_hour_MAD,E00724
ALLSKY_SFC_SW_DWN,2006-12-25 17:00:00+07:00,2006-12-25 17:00:00+07:00,1,1,7.731707317073171,seasonal_hour_IQR,E00725
ALLSKY_SFC_SW_DWN,2024-12-29 17:00:00+07:00,2024-12-29 17:00:00+07:00,1,1,7.731707317073171,seasonal_hour_IQR,E00726
RH2M,2011-03-22 04:00:00+07:00,2011-03-22 07:00:00+07:00,4,1,7.731071065989795,seasonal_hour_IQR|seasonal_hour_MAD,E00727
WS2M,2010-12-12 16:00:00+07:00,2010-12-12 22:00:00+07:00,7,1,7.726090909090907,seasonal_hour_IQR|seasonal_hour_MAD,E00728
WS2M,2006-04-12 23:00:00+07:00,2006-04-13 07:00:00+07:00,9,1,7.719277777777781,seasonal_hour_IQR|seasonal_hour_MAD,E00729
WS2M,2001-07-02 22:00:00+07:00,2001-07-03 05:00:00+07:00,8,1,7.716280000000001,seasonal_hour_IQR|seasonal_hour_MAD,E00730
WS2M,2004-03-03 02:00:00+07:00,2004-03-03 06:00:00+07:00,5,1,7.700541666666669,seasonal_hour_IQR|seasonal_hour_MAD,E00731
WS2M,2004-09-08 19:00:00+07:00,2004-09-09 04:00:00+07:00,10,1,7.700541666666667,seasonal_hour_IQR|seasonal_hour_MAD,E00732
WS2M,2012-01-22 21:00:00+07:00,2012-01-23 05:00:00+07:00,9,1,7.6942962962962955,seasonal_hour_IQR|seasonal_hour_MAD,E00733
RH2M,2024-04-29 22:00:00+07:00,2024-04-30 07:00:00+07:00,10,1,7.69325794621029,seasonal_hour_IQR|seasonal_hour_MAD,E00734
ALLSKY_SFC_SW_DWN,2004-12-31 17:00:00+07:00,2004-12-31 17:00:00+07:00,1,1,7.682926829268293,seasonal_hour_IQR,E00735
ALLSKY_SFC_SW_DWN,2012-12-28 17:00:00+07:00,2012-12-28 17:00:00+07:00,1,1,7.682926829268293,seasonal_hour_IQR,E00736
RH2M,2020-03-09 16:00:00+07:00,2020-03-10 00:00:00+07:00,9,1,7.678682870370328,seasonal_hour_IQR|seasonal_hour_MAD,E00737
RH2M,2003-04-04 23:00:00+07:00,2003-04-05 07:00:00+07:00,9,1,7.669666666666631,seasonal_hour_IQR|seasonal_hour_MAD,E00738
WS2M,2016-08-17 23:00:00+07:00,2016-08-18 07:00:00+07:00,9,1,7.6555750000000025,seasonal_hour_IQR|seasonal_hour_MAD,E00739
WS2M,2010-03-16 00:00:00+07:00,2010-03-16 05:00:00+07:00,6,1,7.644333333333334,seasonal_hour_IQR|seasonal_hour_MAD,E00740
WS2M,2014-08-28 18:00:00+07:00,2014-08-29 05:00:00+07:00,12,1,7.628827586206895,seasonal_hour_IQR|seasonal_hour_MAD,E00741
WS2M,2022-03-07 03:00:00+07:00,2022-03-07 06:00:00+07:00,4,1,7.620027027027029,seasonal_hour_IQR|seasonal_hour_MAD,E00742
RH2M,2005-04-29 21:00:00+07:00,2005-04-30 10:00:00+07:00,14,1,7.615426190476183,seasonal_hour_IQR|seasonal_hour_MAD,E00743
ALLSKY_SFC_SW_DWN,2004-12-25 17:00:00+07:00,2004-12-25 17:00:00+07:00,1,1,7.609756097560976,seasonal_hour_IQR,E00744
RH2M,2018-03-21 19:00:00+07:00,2018-03-22 01:00:00+07:00,7,1,7.600227272727264,seasonal_hour_IQR|seasonal_hour_MAD,E00745
WS2M,2024-09-10 16:00:00+07:00,2024-09-11 01:00:00+07:00,10,1,7.597000000000001,seasonal_hour_IQR|seasonal_hour_MAD,E00746
WS2M,2023-09-13 02:00:00+07:00,2023-09-13 07:00:00+07:00,6,1,7.5768833333333365,seasonal_hour_IQR|seasonal_hour_MAD,E00747
RH2M,2008-05-11 21:00:00+07:00,2008-05-12 06:00:00+07:00,10,1,7.567889999999999,seasonal_hour_IQR|seasonal_hour_MAD,E00748
ALLSKY_SFC_SW_DWN,2003-12-29 17:00:00+07:00,2003-12-29 17:00:00+07:00,1,1,7.560975609756098,seasonal_hour_IQR,E00749
ALLSKY_SFC_SW_DWN,2006-12-29 17:00:00+07:00,2006-12-29 17:00:00+07:00,1,1,7.560975609756098,seasonal_hour_IQR,E00750
ALLSKY_SFC_SW_DWN,2012-12-29 17:00:00+07:00,2012-12-29 17:00:00+07:00,1,1,7.560975609756098,seasonal_hour_IQR,E00751
ALLSKY_SFC_SW_DWN,2013-12-29 17:00:00+07:00,2013-12-29 17:00:00+07:00,1,1,7.560975609756098,seasonal_hour_IQR,E00752
ALLSKY_SFC_SW_DWN,2018-12-25 17:00:00+07:00,2018-12-25 17:00:00+07:00,1,1,7.560975609756098,seasonal_hour_IQR,E00753
WS2M,2003-10-13 11:00:00+07:00,2003-10-14 06:00:00+07:00,20,1,7.560020833333333,seasonal_hour_IQR|seasonal_hour_MAD,E00754
RH2M,2005-04-04 21:00:00+07:00,2005-04-05 06:00:00+07:00,10,1,7.539115763546793,seasonal_hour_IQR|seasonal_hour_MAD,E00755
WS2M,2021-03-01 22:00:00+07:00,2021-03-02 05:00:00+07:00,8,1,7.5319166666666675,seasonal_hour_IQR|seasonal_hour_MAD,E00756
RH2M,2016-02-20 18:00:00+07:00,2016-02-21 05:00:00+07:00,12,1,7.526380085653076,seasonal_hour_IQR|seasonal_hour_MAD,E00757
RH2M,2004-06-08 19:00:00+07:00,2004-06-09 02:00:00+07:00,8,1,7.516486928104569,seasonal_hour_IQR|seasonal_hour_MAD,E00758
ALLSKY_SFC_SW_DWN,2009-12-25 17:00:00+07:00,2009-12-25 17:00:00+07:00,1,1,7.51219512195122,seasonal_hour_IQR,E00759
WS2M,2025-05-10 21:00:00+07:00,2025-05-11 03:00:00+07:00,7,1,7.494444444444443,seasonal_hour_IQR|seasonal_hour_MAD,E00760
RH2M,2007-01-28 12:00:00+07:00,2007-01-29 09:00:00+07:00,22,1,7.487729768786141,seasonal_hour_IQR|seasonal_hour_MAD,E00761
WS2M,2021-10-15 17:00:00+07:00,2021-10-16 05:00:00+07:00,13,1,7.480818181818179,seasonal_hour_IQR|seasonal_hour_MAD,E00762
RH2M,2008-05-28 00:00:00+07:00,2008-05-28 05:00:00+07:00,6,1,7.477956666666664,seasonal_hour_IQR|seasonal_hour_MAD,E00763
RH2M,2008-02-06 01:00:00+07:00,2008-02-06 07:00:00+07:00,7,1,7.467678571428591,seasonal_hour_IQR|seasonal_hour_MAD,E00764
WS2M,2010-01-06 02:00:00+07:00,2010-01-06 06:00:00+07:00,5,1,7.458042857142855,seasonal_hour_IQR|seasonal_hour_MAD,E00765
RH2M,2016-03-10 02:00:00+07:00,2016-03-10 07:00:00+07:00,6,1,7.453738578680152,seasonal_hour_IQR|seasonal_hour_MAD,E00766
RH2M,2002-10-09 17:00:00+07:00,2002-10-10 05:00:00+07:00,13,1,7.45058294930875,seasonal_hour_IQR|seasonal_hour_MAD,E00767
RH2M,2016-02-12 20:00:00+07:00,2016-02-13 07:00:00+07:00,12,1,7.44876247288501,seasonal_hour_IQR|seasonal_hour_MAD,E00768
WS2M,2003-06-14 02:00:00+07:00,2003-06-14 05:00:00+07:00,4,1,7.441983333333332,seasonal_hour_IQR|seasonal_hour_MAD,E00769
ALLSKY_SFC_SW_DWN,2017-12-31 17:00:00+07:00,2017-12-31 17:00:00+07:00,1,1,7.439024390243903,seasonal_hour_IQR,E00770
ALLSKY_SFC_SW_DWN,2024-12-31 17:00:00+07:00,2024-12-31 17:00:00+07:00,1,1,7.439024390243903,seasonal_hour_IQR,E00771
ALLSKY_SFC_SW_DWN,2025-12-25 17:00:00+07:00,2025-12-25 17:00:00+07:00,1,1,7.439024390243903,seasonal_hour_IQR,E00772
RH2M,2003-06-16 19:00:00+07:00,2003-06-17 01:00:00+07:00,7,1,7.42336532951291,seasonal_hour_IQR|seasonal_hour_MAD,E00773
WS2M,2002-08-18 22:00:00+07:00,2002-08-19 14:00:00+07:00,17,1,7.419500000000001,seasonal_hour_IQR|seasonal_hour_MAD,E00774
WS2M,2006-11-21 21:00:00+07:00,2006-11-22 02:00:00+07:00,6,1,7.419500000000001,seasonal_hour_IQR|seasonal_hour_MAD,E00775
WS2M,2017-10-12 23:00:00+07:00,2017-10-13 02:00:00+07:00,4,1,7.4195,seasonal_hour_IQR|seasonal_hour_MAD,E00776
RH2M,2010-04-22 21:00:00+07:00,2010-04-23 06:00:00+07:00,10,1,7.416177339901472,seasonal_hour_IQR|seasonal_hour_MAD,E00777
RH2M,2023-02-25 00:00:00+07:00,2023-02-25 09:00:00+07:00,10,1,7.391000000000017,seasonal_hour_IQR|seasonal_hour_MAD,E00778
ALLSKY_SFC_SW_DWN,2004-12-24 17:00:00+07:00,2004-12-24 17:00:00+07:00,1,1,7.390243902439025,seasonal_hour_IQR,E00779
ALLSKY_SFC_SW_DWN,2013-12-28 17:00:00+07:00,2013-12-28 17:00:00+07:00,1,1,7.390243902439025,seasonal_hour_IQR,E00780
WS2M,2011-07-30 03:00:00+07:00,2011-07-31 04:00:00+07:00,26,1,7.361685714285711,seasonal_hour_IQR|seasonal_hour_MAD,E00781
WS2M,2025-03-06 00:00:00+07:00,2025-03-06 07:00:00+07:00,8,1,7.361685714285711,seasonal_hour_IQR|seasonal_hour_MAD,E00782
WS2M,2016-11-08 04:00:00+07:00,2016-11-08 07:00:00+07:00,4,1,7.354225806451612,seasonal_hour_IQR|seasonal_hour_MAD,E00783
RH2M,2005-04-30 17:00:00+07:00,2005-05-03 00:00:00+07:00,56,1,7.348499999999978,seasonal_hour_IQR|seasonal_hour_MAD,E00784
RH2M,2018-02-06 20:00:00+07:00,2018-02-07 05:00:00+07:00,10,1,7.347283725910035,seasonal_hour_IQR|seasonal_hour_MAD,E00785
WS2M,2009-05-28 23:00:00+07:00,2009-05-29 05:00:00+07:00,7,1,7.328351351351355,seasonal_hour_IQR|seasonal_hour_MAD,E00786
WS2M,2021-10-11 20:00:00+07:00,2021-10-12 02:00:00+07:00,7,1,7.327522727272725,seasonal_hour_IQR|seasonal_hour_MAD,E00787
WS2M,2005-03-12 20:00:00+07:00,2005-03-13 05:00:00+07:00,10,1,7.323142857142855,seasonal_hour_IQR|seasonal_hour_MAD,E00788
ALLSKY_SFC_SW_DWN,2004-12-27 17:00:00+07:00,2004-12-27 17:00:00+07:00,1,1,7.317073170731708,seasonal_hour_IQR,E00789
ALLSKY_SFC_SW_DWN,2004-12-30 17:00:00+07:00,2004-12-30 17:00:00+07:00,1,1,7.317073170731708,seasonal_hour_IQR,E00790
ALLSKY_SFC_SW_DWN,2018-12-27 17:00:00+07:00,2018-12-27 17:00:00+07:00,1,1,7.317073170731708,seasonal_hour_IQR,E00791
ALLSKY_SFC_SW_DWN,2025-12-31 17:00:00+07:00,2025-12-31 17:00:00+07:00,1,1,7.317073170731708,seasonal_hour_IQR,E00792
RH2M,2022-03-07 18:00:00+07:00,2022-03-08 01:00:00+07:00,8,1,7.306545454545443,seasonal_hour_IQR|seasonal_hour_MAD,E00793
WS2M,2002-12-25 16:00:00+07:00,2002-12-26 08:00:00+07:00,17,1,7.303871428571433,seasonal_hour_IQR|seasonal_hour_MAD,E00794
WS2M,2020-03-28 04:00:00+07:00,2020-03-28 06:00:00+07:00,3,1,7.303871428571426,seasonal_hour_IQR|seasonal_hour_MAD,E00795
WS2M,2008-02-26 04:00:00+07:00,2008-02-26 07:00:00+07:00,4,1,7.298435897435899,seasonal_hour_IQR|seasonal_hour_MAD,E00796
RH2M,2015-07-07 20:00:00+07:00,2015-07-08 03:00:00+07:00,8,1,7.27807258064516,seasonal_hour_IQR|seasonal_hour_MAD,E00797
RH2M,2022-04-07 19:00:00+07:00,2022-04-08 05:00:00+07:00,11,1,7.274375305623493,seasonal_hour_IQR|seasonal_hour_MAD,E00798
WS2M,2024-07-30 00:00:00+07:00,2024-07-30 08:00:00+07:00,9,1,7.27286956521739,seasonal_hour_IQR|seasonal_hour_MAD,E00799
WS2M,2020-01-24 23:00:00+07:00,2020-01-25 07:00:00+07:00,9,1,7.26961111111111,seasonal_hour_IQR|seasonal_hour_MAD,E00800
WS2M,2002-10-20 22:00:00+07:00,2002-10-21 03:00:00+07:00,6,1,7.2508750000000015,seasonal_hour_IQR|seasonal_hour_MAD,E00801
ALLSKY_SFC_SW_DWN,2006-12-24 17:00:00+07:00,2006-12-24 17:00:00+07:00,1,1,7.243902439024391,seasonal_hour_IQR,E00802
ALLSKY_SFC_SW_DWN,2013-12-26 17:00:00+07:00,2013-12-26 17:00:00+07:00,1,1,7.243902439024391,seasonal_hour_IQR,E00803
RH2M,2015-05-29 01:00:00+07:00,2015-05-29 06:00:00+07:00,6,1,7.241760135135116,seasonal_hour_IQR|seasonal_hour_MAD,E00804
RH2M,2017-02-12 18:00:00+07:00,2017-02-13 05:00:00+07:00,12,1,7.237514989293335,seasonal_hour_IQR|seasonal_hour_MAD,E00805
WS2M,2007-12-22 16:00:00+07:00,2007-12-23 02:00:00+07:00,11,1,7.235545454545451,seasonal_hour_IQR|seasonal_hour_MAD,E00806
RH2M,2008-02-12 20:00:00+07:00,2008-02-13 10:00:00+07:00,15,1,7.226785714285733,seasonal_hour_IQR|seasonal_hour_MAD,E00807
RH2M,2007-02-01 18:00:00+07:00,2007-02-02 05:00:00+07:00,12,1,7.2144057815845555,seasonal_hour_IQR|seasonal_hour_MAD,E00808
WS2M,2011-12-01 01:00:00+07:00,2011-12-01 05:00:00+07:00,5,1,7.210172413793102,seasonal_hour_IQR|seasonal_hour_MAD,E00809
ALLSKY_SFC_SW_DWN,2002-12-27 17:00:00+07:00,2002-12-27 17:00:00+07:00,1,1,7.195121951219513,seasonal_hour_IQR,E00810
ALLSKY_SFC_SW_DWN,2009-12-24 17:00:00+07:00,2009-12-24 17:00:00+07:00,1,1,7.195121951219513,seasonal_hour_IQR,E00811
WS2M,2001-03-29 02:00:00+07:00,2001-03-29 04:00:00+07:00,3,1,7.19466666666667,seasonal_hour_IQR|seasonal_hour_MAD,E00812
WS2M,2014-07-19 17:00:00+07:00,2014-07-20 06:00:00+07:00,14,1,7.194666666666667,seasonal_hour_IQR|seasonal_hour_MAD,E00813
WS2M,2022-12-16 23:00:00+07:00,2022-12-17 06:00:00+07:00,8,1,7.18601923076923,seasonal_hour_IQR|seasonal_hour_MAD,E00814
WS2M,2022-01-10 21:00:00+07:00,2022-01-11 03:00:00+07:00,7,1,7.178607142857146,seasonal_hour_IQR|seasonal_hour_MAD,E00815
WS2M,2007-11-01 12:00:00+07:00,2007-11-02 06:00:00+07:00,19,1,7.143568181818179,seasonal_hour_IQR|seasonal_hour_MAD,E00816
WS2M,2022-05-01 01:00:00+07:00,2022-05-01 13:00:00+07:00,13,1,7.13845833333333,seasonal_hour_IQR|seasonal_hour_MAD,E00817
PS,2014-09-16 06:00:00+07:00,2014-09-17 12:00:00+07:00,31,1,7.135499999999519,seasonal_hour_IQR|seasonal_hour_MAD,E00818
RH2M,2005-03-03 18:00:00+07:00,2005-03-04 10:00:00+07:00,17,1,7.135335648148111,seasonal_hour_IQR|seasonal_hour_MAD,E00819
WS2M,2008-12-04 21:00:00+07:00,2008-12-05 01:00:00+07:00,5,1,7.134134615384616,seasonal_hour_IQR|seasonal_hour_MAD,E00820
WS2M,2014-12-15 20:00:00+07:00,2014-12-16 07:00:00+07:00,12,1,7.134134615384616,seasonal_hour_IQR|seasonal_hour_MAD,E00821
ALLSKY_SFC_SW_DWN,2013-12-27 17:00:00+07:00,2013-12-27 17:00:00+07:00,1,1,7.121951219512195,seasonal_hour_IQR,E00822
RH2M,2004-02-03 00:00:00+07:00,2004-02-03 07:00:00+07:00,8,1,7.117580952380975,seasonal_hour_IQR|seasonal_hour_MAD,E00823
WS2M,2016-10-31 22:00:00+07:00,2016-11-01 04:00:00+07:00,7,1,7.112909090909089,seasonal_hour_IQR|seasonal_hour_MAD,E00824
RH2M,2005-03-05 07:00:00+07:00,2005-03-06 13:00:00+07:00,31,1,7.104505076142085,seasonal_hour_IQR|seasonal_hour_MAD,E00825
RH2M,2015-04-12 22:00:00+07:00,2015-04-13 03:00:00+07:00,6,1,7.093879310344822,seasonal_hour_IQR|seasonal_hour_MAD,E00826
RH2M,2001-02-13 20:00:00+07:00,2001-02-14 09:00:00+07:00,14,1,7.08730513918627,seasonal_hour_IQR|seasonal_hour_MAD,E00827
RH2M,2004-02-13 17:00:00+07:00,2004-02-14 05:00:00+07:00,13,1,7.08730513918627,seasonal_hour_IQR|seasonal_hour_MAD,E00828
RH2M,2025-03-20 18:00:00+07:00,2025-03-21 11:00:00+07:00,18,1,7.085372685185148,seasonal_hour_IQR|seasonal_hour_MAD,E00829
RH2M,2014-02-10 21:00:00+07:00,2014-02-11 07:00:00+07:00,11,1,7.080666666666681,seasonal_hour_IQR|seasonal_hour_MAD,E00830
ALLSKY_SFC_SW_DWN,2010-12-30 17:00:00+07:00,2010-12-30 17:00:00+07:00,1,1,7.073170731707317,seasonal_hour_IQR,E00831
WS2M,2015-08-02 22:00:00+07:00,2015-08-03 06:00:00+07:00,9,1,7.066190476190477,seasonal_hour_IQR|seasonal_hour_MAD,E00832
WS2M,2024-01-03 03:00:00+07:00,2024-01-03 06:00:00+07:00,4,1,7.054905405405408,seasonal_hour_IQR|seasonal_hour_MAD,E00833
WS2M,2023-11-06 16:00:00+07:00,2023-11-06 18:00:00+07:00,3,1,7.020931818181816,seasonal_hour_IQR|seasonal_hour_MAD,E00834
RH2M,2011-03-28 20:00:00+07:00,2011-03-29 02:00:00+07:00,7,1,7.012863636363626,seasonal_hour_IQR|seasonal_hour_MAD,E00835
RH2M,2014-05-10 22:00:00+07:00,2014-05-11 05:00:00+07:00,8,1,7.0027707006369715,seasonal_hour_IQR|seasonal_hour_MAD,E00836
WS2M,2018-09-28 01:00:00+07:00,2018-09-28 05:00:00+07:00,5,1,6.99628431372549,seasonal_hour_IQR|seasonal_hour_MAD,E00837
WS2M,2021-10-09 20:00:00+07:00,2021-10-10 07:00:00+07:00,12,1,6.995528571428573,seasonal_hour_IQR|seasonal_hour_MAD,E00838
WS2M,2003-11-26 20:00:00+07:00,2003-11-27 03:00:00+07:00,8,1,6.990272727272729,seasonal_hour_IQR|seasonal_hour_MAD,E00839
WS2M,2023-09-14 23:00:00+07:00,2023-09-15 05:00:00+07:00,7,1,6.990272727272729,seasonal_hour_IQR|seasonal_hour_MAD,E00840
WS2M,2002-11-20 19:00:00+07:00,2002-11-21 06:00:00+07:00,12,1,6.988968085106383,seasonal_hour_IQR|seasonal_hour_MAD,E00841
WS2M,2007-04-02 20:00:00+07:00,2007-04-03 07:00:00+07:00,12,1,6.9885694444444475,seasonal_hour_IQR|seasonal_hour_MAD,E00842
WS2M,2025-12-24 21:00:00+07:00,2025-12-25 05:00:00+07:00,9,1,6.978480769230768,seasonal_hour_IQR|seasonal_hour_MAD,E00843
WS2M,2008-10-23 17:00:00+07:00,2008-10-24 00:00:00+07:00,8,1,6.969833333333335,seasonal_hour_IQR|seasonal_hour_MAD,E00844
RH2M,2009-10-06 15:00:00+07:00,2009-10-07 05:00:00+07:00,15,1,6.966551094890513,seasonal_hour_IQR|seasonal_hour_MAD,E00845
RH2M,2022-05-03 21:00:00+07:00,2022-05-04 05:00:00+07:00,9,1,6.965424836601307,seasonal_hour_IQR|seasonal_hour_MAD,E00846
WS2M,2011-12-23 19:00:00+07:00,2011-12-24 04:00:00+07:00,10,1,6.961803571428568,seasonal_hour_IQR|seasonal_hour_MAD,E00847
WS2M,2019-09-03 23:00:00+07:00,2019-09-04 06:00:00+07:00,8,1,6.9596136363636365,seasonal_hour_IQR|seasonal_hour_MAD,E00848
RH2M,2025-03-06 01:00:00+07:00,2025-03-06 06:00:00+07:00,6,1,6.953855329949188,seasonal_hour_IQR|seasonal_hour_MAD,E00849
WS2M,2024-01-21 23:00:00+07:00,2024-01-22 07:00:00+07:00,9,1,6.952538461538464,seasonal_hour_IQR|seasonal_hour_MAD,E00850
ALLSKY_SFC_SW_DWN,2006-12-26 17:00:00+07:00,2006-12-26 17:00:00+07:00,1,1,6.951219512195123,seasonal_hour_IQR,E00851
ALLSKY_SFC_SW_DWN,2013-12-25 17:00:00+07:00,2013-12-25 17:00:00+07:00,1,1,6.951219512195123,seasonal_hour_IQR,E00852
WS2M,2006-09-09 02:00:00+07:00,2006-09-09 06:00:00+07:00,5,1,6.941218181818181,seasonal_hour_IQR|seasonal_hour_MAD,E00853
WS2M,2012-01-24 21:00:00+07:00,2012-01-25 05:00:00+07:00,9,1,6.9408225806451584,seasonal_hour_IQR|seasonal_hour_MAD,E00854
WS2M,2022-02-19 22:00:00+07:00,2022-02-20 06:00:00+07:00,9,1,6.936276119402988,seasonal_hour_IQR|seasonal_hour_MAD,E00855
T2M,2013-06-11 19:00:00+07:00,2013-06-12 07:00:00+07:00,13,1,6.931068965517242,seasonal_hour_IQR|seasonal_hour_MAD,E00856
RH2M,2015-06-30 22:00:00+07:00,2015-07-01 15:00:00+07:00,18,1,6.926780141843913,seasonal_hour_IQR|seasonal_hour_MAD,E00857
T2M,2004-06-01 00:00:00+07:00,2004-06-01 14:00:00+07:00,15,1,6.916690909090945,seasonal_hour_IQR|seasonal_hour_MAD,E00858
WS2M,2016-03-23 23:00:00+07:00,2016-03-24 05:00:00+07:00,7,1,6.9136250000000015,seasonal_hour_IQR|seasonal_hour_MAD,E00859
WS2M,2011-10-28 17:00:00+07:00,2011-10-29 00:00:00+07:00,8,1,6.913625000000001,seasonal_hour_IQR|seasonal_hour_MAD,E00860
WS2M,2014-02-09 22:00:00+07:00,2014-02-10 05:00:00+07:00,8,1,6.911181159420286,seasonal_hour_IQR|seasonal_hour_MAD,E00861
RH2M,2006-02-17 01:00:00+07:00,2006-02-17 07:00:00+07:00,7,1,6.906500000000015,seasonal_hour_IQR|seasonal_hour_MAD,E00862
WS2M,2016-10-29 16:00:00+07:00,2016-10-30 02:00:00+07:00,11,1,6.905595238095236,seasonal_hour_IQR|seasonal_hour_MAD,E00863
RH2M,2006-05-19 20:00:00+07:00,2006-05-20 05:00:00+07:00,10,1,6.90238333333333,seasonal_hour_IQR|seasonal_hour_MAD,E00864
RH2M,2003-06-25 23:00:00+07:00,2003-06-26 06:00:00+07:00,8,1,6.898397993311051,seasonal_hour_IQR|seasonal_hour_MAD,E00865
WS2M,2002-12-19 17:00:00+07:00,2002-12-19 22:00:00+07:00,6,1,6.898295454545452,seasonal_hour_IQR|seasonal_hour_MAD,E00866
WS2M,2019-12-24 16:00:00+07:00,2019-12-24 18:00:00+07:00,3,1,6.898295454545452,seasonal_hour_IQR|seasonal_hour_MAD,E00867
WS2M,2004-02-02 23:00:00+07:00,2004-02-03 05:00:00+07:00,7,1,6.891630434782605,seasonal_hour_IQR|seasonal_hour_MAD,E00868
WS2M,2016-02-14 20:00:00+07:00,2016-02-15 04:00:00+07:00,9,1,6.888075757575756,seasonal_hour_IQR|seasonal_hour_MAD,E00869
RH2M,2008-02-14 17:00:00+07:00,2008-02-15 02:00:00+07:00,10,1,6.887988222698049,seasonal_hour_IQR|seasonal_hour_MAD,E00870
WS2M,2009-09-21 13:00:00+07:00,2009-09-22 03:00:00+07:00,15,1,6.887000000000001,seasonal_hour_IQR|seasonal_hour_MAD,E00871
WS2M,2019-10-22 16:00:00+07:00,2019-10-23 00:00:00+07:00,9,1,6.873476190476187,seasonal_hour_IQR|seasonal_hour_MAD,E00872
RH2M,2001-02-15 17:00:00+07:00,2001-02-16 05:00:00+07:00,13,1,6.870656316916464,seasonal_hour_IQR|seasonal_hour_MAD,E00873
RH2M,2012-03-23 20:00:00+07:00,2012-03-24 11:00:00+07:00,16,1,6.868258883248681,seasonal_hour_IQR|seasonal_hour_MAD,E00874
WS2M,2021-02-26 21:00:00+07:00,2021-02-27 02:00:00+07:00,6,1,6.867636363636363,seasonal_hour_IQR|seasonal_hour_MAD,E00875
WS2M,2001-02-24 21:00:00+07:00,2001-02-25 05:00:00+07:00,9,1,6.8557388059701525,seasonal_hour_IQR|seasonal_hour_MAD,E00876
ALLSKY_SFC_SW_DWN,2003-12-28 17:00:00+07:00,2003-12-28 17:00:00+07:00,1,1,6.829268292682927,seasonal_hour_IQR,E00877
RH2M,2012-05-04 02:00:00+07:00,2012-05-04 06:00:00+07:00,5,1,6.822476351351332,seasonal_hour_IQR|seasonal_hour_MAD,E00878
WS2M,2021-01-07 20:00:00+07:00,2021-01-08 06:00:00+07:00,11,1,6.819944444444444,seasonal_hour_IQR|seasonal_hour_MAD,E00879
WS2M,2015-12-14 00:00:00+07:00,2015-12-14 04:00:00+07:00,5,1,6.814775862068965,seasonal_hour_IQR|seasonal_hour_MAD,E00880
RH2M,2012-02-07 01:00:00+07:00,2012-02-07 07:00:00+07:00,7,1,6.809238095238115,seasonal_hour_IQR|seasonal_hour_MAD,E00881
WS2M,2012-11-08 15:00:00+07:00,2012-11-08 19:00:00+07:00,5,1,6.806318181818178,seasonal_hour_IQR|seasonal_hour_MAD,E00882
WS2M,2016-12-26 15:00:00+07:00,2016-12-26 18:00:00+07:00,4,1,6.806318181818178,seasonal_hour_IQR|seasonal_hour_MAD,E00883
WS2M,2022-11-27 16:00:00+07:00,2022-11-27 22:00:00+07:00,7,1,6.806318181818178,seasonal_hour_IQR|seasonal_hour_MAD,E00884
WS2M,2013-05-01 01:00:00+07:00,2013-05-01 05:00:00+07:00,5,1,6.801208333333335,seasonal_hour_IQR|seasonal_hour_MAD,E00885
RH2M,2004-05-04 03:00:00+07:00,2004-05-04 05:00:00+07:00,3,1,6.80082068965516,seasonal_hour_IQR|seasonal_hour_MAD,E00886
WS2M,2002-12-26 15:00:00+07:00,2002-12-27 05:00:00+07:00,15,1,6.796884615384616,seasonal_hour_IQR|seasonal_hour_MAD,E00887
WS2M,2003-04-13 21:00:00+07:00,2003-04-14 05:00:00+07:00,9,1,6.7955875,seasonal_hour_IQR|seasonal_hour_MAD,E00888
WS2M,2008-09-30 17:00:00+07:00,2008-09-30 20:00:00+07:00,4,1,6.780500000000001,seasonal_hour_IQR|seasonal_hour_MAD,E00889
ALLSKY_SFC_SW_DWN,2003-12-27 17:00:00+07:00,2003-12-27 17:00:00+07:00,1,1,6.780487804878049,seasonal_hour_IQR,E00890
ALLSKY_SFC_SW_DWN,2020-12-25 17:00:00+07:00,2020-12-25 17:00:00+07:00,1,1,6.780487804878049,seasonal_hour_IQR,E00891
WS2M,2023-01-27 02:00:00+07:00,2023-01-27 07:00:00+07:00,6,1,6.764271428571426,seasonal_hour_IQR|seasonal_hour_MAD,E00892
RH2M,2019-09-27 18:00:00+07:00,2019-09-28 02:00:00+07:00,9,1,6.752689739413679,seasonal_hour_IQR|seasonal_hour_MAD,E00893
WS2M,2024-09-28 18:00:00+07:00,2024-09-28 22:00:00+07:00,5,1,6.745000000000002,seasonal_hour_IQR|seasonal_hour_MAD,E00894
WS2M,2018-10-09 22:00:00+07:00,2018-10-10 02:00:00+07:00,5,1,6.745000000000001,seasonal_hour_IQR|seasonal_hour_MAD,E00895
WS2M,2020-01-23 15:00:00+07:00,2020-01-23 18:00:00+07:00,4,1,6.744999999999998,seasonal_hour_IQR|seasonal_hour_MAD,E00896
WS2M,2001-11-05 13:00:00+07:00,2001-11-05 18:00:00+07:00,6,1,6.7449999999999966,seasonal_hour_IQR|seasonal_hour_MAD,E00897
WS2M,2010-02-15 23:00:00+07:00,2010-02-16 05:00:00+07:00,7,1,6.7352246376811555,seasonal_hour_IQR|seasonal_hour_MAD,E00898
WS2M,2017-05-24 04:00:00+07:00,2017-05-24 07:00:00+07:00,4,1,6.726263888888891,seasonal_hour_IQR|seasonal_hour_MAD,E00899
WS2M,2019-11-18 09:00:00+07:00,2019-11-19 03:00:00+07:00,19,1,6.71434090909091,seasonal_hour_IQR|seasonal_hour_MAD,E00900
WS2M,2001-05-01 00:00:00+07:00,2001-05-01 06:00:00+07:00,7,1,6.708540540540542,seasonal_hour_IQR|seasonal_hour_MAD,E00901
WS2M,2004-01-11 04:00:00+07:00,2004-01-11 06:00:00+07:00,3,1,6.707527777777775,seasonal_hour_IQR|seasonal_hour_MAD,E00902
ALLSKY_SFC_SW_DWN,2008-12-25 17:00:00+07:00,2008-12-25 17:00:00+07:00,1,1,6.707317073170732,seasonal_hour_IQR,E00903
ALLSKY_SFC_SW_DWN,2012-12-24 17:00:00+07:00,2012-12-24 17:00:00+07:00,1,1,6.707317073170732,seasonal_hour_IQR,E00904
RH2M,2023-02-13 23:00:00+07:00,2023-02-14 06:00:00+07:00,8,1,6.703833333333348,seasonal_hour_IQR|seasonal_hour_MAD,E00905
RH2M,2024-02-09 00:00:00+07:00,2024-02-09 07:00:00+07:00,8,1,6.693609523809543,seasonal_hour_IQR|seasonal_hour_MAD,E00906
ALLSKY_SFC_SW_DWN,2016-02-29 06:00:00+07:00,2016-02-29 11:00:00+07:00,6,1,6.682463576158937,seasonal_hour_IQR|seasonal_hour_MAD,E00907
RH2M,2025-04-12 20:00:00+07:00,2025-04-13 06:00:00+07:00,11,1,6.681869458128075,seasonal_hour_IQR|seasonal_hour_MAD,E00908
RH2M,2017-02-08 20:00:00+07:00,2017-02-09 07:00:00+07:00,12,1,6.6816666666666835,seasonal_hour_IQR|seasonal_hour_MAD,E00909
WS2M,2013-06-23 02:00:00+07:00,2013-06-24 04:00:00+07:00,27,1,6.675224137931034,seasonal_hour_IQR|seasonal_hour_MAD,E00910
RH2M,2015-06-30 00:00:00+07:00,2015-06-30 08:00:00+07:00,9,1,6.672812709030115,seasonal_hour_IQR|seasonal_hour_MAD,E00911
WS2M,2006-01-20 21:00:00+07:00,2006-01-21 04:00:00+07:00,8,1,6.670055555555554,seasonal_hour_IQR|seasonal_hour_MAD,E00912
RH2M,2007-05-07 20:00:00+07:00,2007-05-08 03:00:00+07:00,8,1,6.6685566666666665,seasonal_hour_IQR|seasonal_hour_MAD,E00913
WS2M,2022-11-30 21:00:00+07:00,2022-12-01 06:00:00+07:00,10,1,6.667173076923076,seasonal_hour_IQR|seasonal_hour_MAD,E00914
WS2M,2024-12-13 23:00:00+07:00,2024-12-14 04:00:00+07:00,6,1,6.641230769230769,seasonal_hour_IQR|seasonal_hour_MAD,E00915
RH2M,2001-02-14 17:00:00+07:00,2001-02-15 05:00:00+07:00,13,1,6.636675588865073,seasonal_hour_IQR|seasonal_hour_MAD,E00916
WS2M,2023-02-13 21:00:00+07:00,2023-02-14 05:00:00+07:00,9,1,6.634261194029854,seasonal_hour_IQR|seasonal_hour_MAD,E00917
ALLSKY_SFC_SW_DWN,2002-12-29 17:00:00+07:00,2002-12-29 17:00:00+07:00,1,1,6.634146341463415,seasonal_hour_IQR,E00918
ALLSKY_SFC_SW_DWN,2021-12-29 17:00:00+07:00,2021-12-29 17:00:00+07:00,1,1,6.634146341463415,seasonal_hour_IQR,E00919
ALLSKY_SFC_SW_DWN,2023-12-29 17:00:00+07:00,2023-12-29 17:00:00+07:00,1,1,6.634146341463415,seasonal_hour_IQR,E00920
RH2M,2010-02-19 01:00:00+07:00,2010-02-19 05:00:00+07:00,5,1,6.632583333333353,seasonal_hour_IQR|seasonal_hour_MAD,E00921
RH2M,2005-02-27 01:00:00+07:00,2005-02-27 07:00:00+07:00,7,1,6.627833333333349,seasonal_hour_IQR|seasonal_hour_MAD,E00922
RH2M,2010-06-03 18:00:00+07:00,2010-06-04 03:00:00+07:00,10,1,6.60392810457516,seasonal_hour_IQR|seasonal_hour_MAD,E00923
RH2M,2001-05-12 21:00:00+07:00,2001-05-13 07:00:00+07:00,11,1,6.603719594594574,seasonal_hour_IQR|seasonal_hour_MAD,E00924
RH2M,2004-03-02 05:00:00+07:00,2004-03-02 08:00:00+07:00,4,1,6.601197969543099,seasonal_hour_IQR|seasonal_hour_MAD,E00925
PS,2025-07-21 10:00:00+07:00,2025-07-23 02:00:00+07:00,41,1,6.595111111110881,seasonal_hour_IQR|seasonal_hour_MAD,E00926
WS2M,2022-09-04 20:00:00+07:00,2022-09-05 02:00:00+07:00,7,1,6.591704545454545,seasonal_hour_IQR|seasonal_hour_MAD,E00927
WS2M,2019-12-25 16:00:00+07:00,2019-12-25 19:00:00+07:00,4,1,6.591704545454543,seasonal_hour_IQR|seasonal_hour_MAD,E00928
ALLSKY_SFC_SW_DWN,2001-12-30 17:00:00+07:00,2001-12-30 17:00:00+07:00,1,1,6.585365853658537,seasonal_hour_IQR,E00929
WS2M,2011-09-20 23:00:00+07:00,2011-09-21 04:00:00+07:00,6,1,6.576375000000002,seasonal_hour_IQR|seasonal_hour_MAD,E00930
WS2M,2025-03-15 20:00:00+07:00,2025-03-16 04:00:00+07:00,9,1,6.576375000000001,seasonal_hour_IQR|seasonal_hour_MAD,E00931
RH2M,2008-03-03 18:00:00+07:00,2008-03-04 05:00:00+07:00,12,1,6.573252314814781,seasonal_hour_IQR|seasonal_hour_MAD,E00932
WS2M,2017-10-15 22:00:00+07:00,2017-10-16 05:00:00+07:00,8,1,6.570935483870969,seasonal_hour_IQR|seasonal_hour_MAD,E00933
RH2M,2025-03-29 01:00:00+07:00,2025-03-29 07:00:00+07:00,7,1,6.563535532994876,seasonal_hour_IQR|seasonal_hour_MAD,E00934
RH2M,2010-02-18 00:00:00+07:00,2010-02-18 07:00:00+07:00,8,1,6.5619214285714484,seasonal_hour_IQR|seasonal_hour_MAD,E00935
WS2M,2019-10-23 18:00:00+07:00,2019-10-24 04:00:00+07:00,11,1,6.561045454545452,seasonal_hour_IQR|seasonal_hour_MAD,E00936
WS2M,2004-12-21 16:00:00+07:00,2004-12-21 18:00:00+07:00,3,1,6.561045454545451,seasonal_hour_IQR|seasonal_hour_MAD,E00937
RH2M,2009-11-17 00:00:00+07:00,2009-11-17 09:00:00+07:00,10,1,6.560290769230769,seasonal_hour_IQR|seasonal_hour_MAD,E00938
WS2M,2002-02-10 04:00:00+07:00,2002-02-10 06:00:00+07:00,3,1,6.554756410256411,seasonal_hour_IQR|seasonal_hour_MAD,E00939
RH2M,2014-03-20 20:00:00+07:00,2014-03-21 01:00:00+07:00,6,1,6.5545909090909,seasonal_hour_IQR|seasonal_hour_MAD,E00940
WS2M,2011-03-15 20:00:00+07:00,2011-03-16 06:00:00+07:00,11,1,6.552285714285714,seasonal_hour_IQR|seasonal_hour_MAD,E00941
WS2M,2002-10-17 17:00:00+07:00,2002-10-17 20:00:00+07:00,4,1,6.552285714285712,seasonal_hour_IQR|seasonal_hour_MAD,E00942
WS2M,2025-09-25 00:00:00+07:00,2025-09-25 05:00:00+07:00,6,1,6.546617647058824,seasonal_hour_IQR|seasonal_hour_MAD,E00943
WS2M,2019-08-29 23:00:00+07:00,2019-08-30 04:00:00+07:00,6,1,6.542650000000003,seasonal_hour_IQR|seasonal_hour_MAD,E00944
RH2M,2019-09-25 18:00:00+07:00,2019-09-26 01:00:00+07:00,8,1,6.539759285714301,seasonal_hour_IQR|seasonal_hour_MAD,E00945
WS2M,2022-12-01 22:00:00+07:00,2022-12-02 04:00:00+07:00,7,1,6.537461538461538,seasonal_hour_IQR|seasonal_hour_MAD,E00946
WS2M,2013-06-10 05:00:00+07:00,2013-06-10 15:00:00+07:00,11,1,6.525054347826084,seasonal_hour_IQR|seasonal_hour_MAD,E00947
WS2M,2011-10-02 18:00:00+07:00,2011-10-03 04:00:00+07:00,11,1,6.520166666666668,seasonal_hour_IQR|seasonal_hour_MAD,E00948
WS2M,2020-09-23 20:00:00+07:00,2020-09-24 03:00:00+07:00,8,1,6.520166666666666,seasonal_hour_IQR|seasonal_hour_MAD,E00949
WS2M,2018-10-14 17:00:00+07:00,2018-10-14 22:00:00+07:00,6,1,6.520166666666663,seasonal_hour_IQR|seasonal_hour_MAD,E00950
RH2M,2001-05-11 18:00:00+07:00,2001-05-12 06:00:00+07:00,13,1,6.517505917159716,seasonal_hour_IQR|seasonal_hour_MAD,E00951
WS2M,2005-03-23 02:00:00+07:00,2005-03-23 06:00:00+07:00,5,1,6.513742857142855,seasonal_hour_IQR|seasonal_hour_MAD,E00952
ALLSKY_SFC_SW_DWN,2025-12-24 17:00:00+07:00,2025-12-24 17:00:00+07:00,1,1,6.51219512195122,seasonal_hour_IQR,E00953
WS2M,2006-12-09 21:00:00+07:00,2006-12-10 03:00:00+07:00,7,1,6.51151923076923,seasonal_hour_IQR|seasonal_hour_MAD,E00954
RH2M,2013-03-02 21:00:00+07:00,2013-03-03 07:00:00+07:00,11,1,6.5053299492385355,seasonal_hour_IQR|seasonal_hour_MAD,E00955
WS2M,2001-01-12 23:00:00+07:00,2001-01-13 02:00:00+07:00,4,1,6.497683333333332,seasonal_hour_IQR|seasonal_hour_MAD,E00956
WS2M,2002-10-06 00:00:00+07:00,2002-10-06 06:00:00+07:00,7,1,6.4920625,seasonal_hour_IQR|seasonal_hour_MAD,E00957
WS2M,2010-02-17 01:00:00+07:00,2010-02-17 06:00:00+07:00,6,1,6.485576923076926,seasonal_hour_IQR|seasonal_hour_MAD,E00958
RH2M,2007-02-25 04:00:00+07:00,2007-02-25 07:00:00+07:00,4,1,6.478411904761923,seasonal_hour_IQR|seasonal_hour_MAD,E00959
RH2M,2002-03-23 04:00:00+07:00,2002-03-23 07:00:00+07:00,4,1,6.477939086294369,seasonal_hour_IQR|seasonal_hour_MAD,E00960
RH2M,2010-03-16 01:00:00+07:00,2010-03-16 07:00:00+07:00,7,1,6.474515228426352,seasonal_hour_IQR|seasonal_hour_MAD,E00961
RH2M,2020-04-27 20:00:00+07:00,2020-04-28 05:00:00+07:00,10,1,6.472696055684449,seasonal_hour_IQR|seasonal_hour_MAD,E00962
RH2M,2004-03-06 20:00:00+07:00,2004-03-07 08:00:00+07:00,13,1,6.46424365482229,seasonal_hour_IQR|seasonal_hour_MAD,E00963
WS2M,2019-10-17 23:00:00+07:00,2019-10-18 03:00:00+07:00,5,1,6.463958333333334,seasonal_hour_IQR|seasonal_hour_MAD,E00964
ALLSKY_SFC_SW_DWN,2022-12-25 17:00:00+07:00,2022-12-25 17:00:00+07:00,1,1,6.463414634146342,seasonal_hour_IQR,E00965
WS2M,2012-01-03 17:00:00+07:00,2012-01-04 06:00:00+07:00,14,1,6.462145161290321,seasonal_hour_IQR|seasonal_hour_MAD,E00966
WS2M,2014-12-03 22:00:00+07:00,2014-12-04 06:00:00+07:00,9,1,6.459634615384616,seasonal_hour_IQR|seasonal_hour_MAD,E00967
WS2M,2025-08-18 23:00:00+07:00,2025-08-19 05:00:00+07:00,7,1,6.455928571428574,seasonal_hour_IQR|seasonal_hour_MAD,E00968
WS2M,2017-02-23 03:00:00+07:00,2017-02-23 07:00:00+07:00,5,1,6.450987179487182,seasonal_hour_IQR|seasonal_hour_MAD,E00969
RH2M,2017-06-01 17:00:00+07:00,2017-06-02 07:00:00+07:00,15,1,6.445222222222219,seasonal_hour_IQR|seasonal_hour_MAD,E00970
RH2M,2011-03-22 20:00:00+07:00,2011-03-23 07:00:00+07:00,12,1,6.445222222222186,seasonal_hour_IQR|seasonal_hour_MAD,E00971
WS2M,2014-02-18 21:00:00+07:00,2014-02-19 05:00:00+07:00,9,1,6.441963768115938,seasonal_hour_IQR|seasonal_hour_MAD,E00972
WS2M,2024-08-21 22:00:00+07:00,2024-08-22 05:00:00+07:00,8,1,6.441475000000001,seasonal_hour_IQR|seasonal_hour_MAD,E00973
RH2M,2006-06-07 01:00:00+07:00,2006-06-07 07:00:00+07:00,7,1,6.440459866220712,seasonal_hour_IQR|seasonal_hour_MAD,E00974
WS2M,2002-11-01 21:00:00+07:00,2002-11-02 05:00:00+07:00,9,1,6.438409090909092,seasonal_hour_IQR|seasonal_hour_MAD,E00975
WS2M,2007-12-15 16:00:00+07:00,2007-12-15 20:00:00+07:00,5,1,6.438409090909087,seasonal_hour_IQR|seasonal_hour_MAD,E00976
WS2M,2009-12-15 15:00:00+07:00,2009-12-15 17:00:00+07:00,3,1,6.438409090909087,seasonal_hour_IQR|seasonal_hour_MAD,E00977
RH2M,2016-02-13 17:00:00+07:00,2016-02-14 01:00:00+07:00,9,1,6.433692307692299,seasonal_hour_IQR|seasonal_hour_MAD,E00978
WS2M,2020-03-14 00:00:00+07:00,2020-03-14 04:00:00+07:00,5,1,6.426486111111112,seasonal_hour_IQR|seasonal_hour_MAD,E00979
WS2M,2006-02-16 23:00:00+07:00,2006-02-17 05:00:00+07:00,7,1,6.422413043478257,seasonal_hour_IQR|seasonal_hour_MAD,E00980
WS2M,2006-01-20 02:00:00+07:00,2006-01-20 04:00:00+07:00,3,1,6.417385714285713,seasonal_hour_IQR|seasonal_hour_MAD,E00981
WS2M,2001-01-15 01:00:00+07:00,2001-01-15 06:00:00+07:00,6,1,6.398114285714282,seasonal_hour_IQR|seasonal_hour_MAD,E00982
WS2M,2024-08-24 23:00:00+07:00,2024-08-25 04:00:00+07:00,6,1,6.391690476190476,seasonal_hour_IQR|seasonal_hour_MAD,E00983
WS2M,2015-10-09 17:00:00+07:00,2015-10-10 02:00:00+07:00,10,1,6.3916904761904725,seasonal_hour_IQR|seasonal_hour_MAD,E00984
ALLSKY_SFC_SW_DWN,2011-12-28 17:00:00+07:00,2011-12-28 17:00:00+07:00,1,1,6.390243902439025,seasonal_hour_IQR,E00985
ALLSKY_SFC_SW_DWN,2013-12-24 17:00:00+07:00,2013-12-24 17:00:00+07:00,1,1,6.390243902439025,seasonal_hour_IQR,E00986
ALLSKY_SFC_SW_DWN,2017-12-26 17:00:00+07:00,2017-12-26 17:00:00+07:00,1,1,6.390243902439025,seasonal_hour_IQR,E00987
RH2M,2016-02-27 18:00:00+07:00,2016-02-28 04:00:00+07:00,11,1,6.388251605995694,seasonal_hour_IQR|seasonal_hour_MAD,E00988
RH2M,2010-03-06 01:00:00+07:00,2010-03-06 08:00:00+07:00,8,1,6.38366071428573,seasonal_hour_IQR|seasonal_hour_MAD,E00989
WS2M,2002-11-15 15:00:00+07:00,2002-11-15 17:00:00+07:00,3,1,6.3770909090909065,seasonal_hour_IQR|seasonal_hour_MAD,E00990
WS2M,2021-12-12 16:00:00+07:00,2021-12-13 01:00:00+07:00,10,1,6.377090909090906,seasonal_hour_IQR|seasonal_hour_MAD,E00991
WS2M,2020-04-11 23:00:00+07:00,2020-04-12 06:00:00+07:00,8,1,6.369329113924052,seasonal_hour_IQR|seasonal_hour_MAD,E00992
RH2M,2010-02-10 04:00:00+07:00,2010-02-10 08:00:00+07:00,5,1,6.356359523809543,seasonal_hour_IQR|seasonal_hour_MAD,E00993
WS2M,2010-12-06 21:00:00+07:00,2010-12-07 06:00:00+07:00,10,1,6.3558653846153845,seasonal_hour_IQR|seasonal_hour_MAD,E00994
WS2M,2025-09-25 16:00:00+07:00,2025-09-25 19:00:00+07:00,4,1,6.354500000000002,seasonal_hour_IQR|seasonal_hour_MAD,E00995
RH2M,2009-01-10 17:00:00+07:00,2009-01-11 06:00:00+07:00,14,1,6.353587794432545,seasonal_hour_IQR|seasonal_hour_MAD,E00996
RH2M,2005-05-13 20:00:00+07:00,2005-05-14 06:00:00+07:00,11,1,6.349293333333328,seasonal_hour_IQR|seasonal_hour_MAD,E00997
RH2M,2011-08-27 18:00:00+07:00,2011-08-28 01:00:00+07:00,8,1,6.348235294117654,seasonal_hour_IQR|seasonal_hour_MAD,E00998
WS2M,2018-09-17 00:00:00+07:00,2018-09-17 05:00:00+07:00,6,1,6.34643181818182,seasonal_hour_IQR|seasonal_hour_MAD,E00999
WS2M,2009-10-14 16:00:00+07:00,2009-10-15 05:00:00+07:00,14,1,6.3464318181818165,seasonal_hour_IQR|seasonal_hour_MAD,E01000
WS2M,2013-10-16 19:00:00+07:00,2013-10-17 04:00:00+07:00,10,1,6.3464318181818165,seasonal_hour_IQR|seasonal_hour_MAD,E01001
WS2M,2025-10-21 16:00:00+07:00,2025-10-22 03:00:00+07:00,12,1,6.3464318181818165,seasonal_hour_IQR|seasonal_hour_MAD,E01002
WS2M,2015-11-15 16:00:00+07:00,2015-11-15 19:00:00+07:00,4,1,6.346431818181815,seasonal_hour_IQR|seasonal_hour_MAD,E01003
PS,2016-08-18 00:00:00+07:00,2016-08-19 21:00:00+07:00,46,1,6.3274523809525665,seasonal_hour_IQR|seasonal_hour_MAD,E01004
RH2M,2014-02-19 01:00:00+07:00,2014-02-19 06:00:00+07:00,6,1,6.327452380952399,seasonal_hour_MAD,E01005
WS2M,2023-10-20 01:00:00+07:00,2023-10-20 05:00:00+07:00,5,1,6.32102857142857,seasonal_hour_IQR|seasonal_hour_MAD,E01006
WS2M,2011-01-06 01:00:00+07:00,2011-01-06 06:00:00+07:00,6,1,6.3210285714285686,seasonal_hour_IQR|seasonal_hour_MAD,E01007
WS2M,2025-03-28 23:00:00+07:00,2025-03-29 05:00:00+07:00,7,1,6.314069444444445,seasonal_hour_IQR|seasonal_hour_MAD,E01008
RH2M,2004-03-03 18:00:00+07:00,2004-03-04 09:00:00+07:00,16,1,6.307824074074039,seasonal_hour_IQR|seasonal_hour_MAD,E01009
RH2M,2003-02-05 18:00:00+07:00,2003-02-06 02:00:00+07:00,9,1,6.30413704819277,seasonal_hour_IQR|seasonal_hour_MAD,E01010
RH2M,2023-05-17 22:00:00+07:00,2023-05-18 06:00:00+07:00,9,1,6.299829999999996,seasonal_hour_IQR|seasonal_hour_MAD,E01011
WS2M,2012-09-13 14:00:00+07:00,2012-09-13 20:00:00+07:00,7,1,6.283500000000002,seasonal_hour_IQR|seasonal_hour_MAD,E01012
WS2M,2008-10-14 21:00:00+07:00,2008-10-15 05:00:00+07:00,9,1,6.267229166666667,seasonal_hour_IQR|seasonal_hour_MAD,E01013
WS2M,2020-10-17 19:00:00+07:00,2020-10-18 04:00:00+07:00,10,1,6.254454545454543,seasonal_hour_IQR|seasonal_hour_MAD,E01014
WS2M,2005-10-29 02:00:00+07:00,2005-10-29 05:00:00+07:00,4,1,6.243942857142857,seasonal_hour_IQR|seasonal_hour_MAD,E01015
RH2M,2012-04-24 22:00:00+07:00,2012-04-25 06:00:00+07:00,9,1,6.23541442542789,seasonal_hour_IQR|seasonal_hour_MAD,E01016
RH2M,2003-03-04 04:00:00+07:00,2003-03-04 19:00:00+07:00,16,1,6.233945392491451,seasonal_hour_IQR|seasonal_hour_MAD,E01017
RH2M,2018-04-07 22:00:00+07:00,2018-04-08 08:00:00+07:00,11,1,6.233310344827579,seasonal_hour_IQR|seasonal_hour_MAD,E01018
RH2M,2007-03-05 20:00:00+07:00,2007-03-06 07:00:00+07:00,12,1,6.231863636363627,seasonal_hour_IQR|seasonal_hour_MAD,E01019
WS2M,2003-11-28 21:00:00+07:00,2003-11-29 03:00:00+07:00,7,1,6.223795454545456,seasonal_hour_IQR|seasonal_hour_MAD,E01020
RH2M,2023-01-29 17:00:00+07:00,2023-01-30 04:00:00+07:00,12,1,6.221217920353988,seasonal_hour_IQR|seasonal_hour_MAD,E01021
ALLSKY_SFC_SW_DWN,2009-12-31 17:00:00+07:00,2009-12-31 17:00:00+07:00,1,1,6.219512195121951,seasonal_hour_IQR,E01022
ALLSKY_SFC_SW_DWN,2016-12-25 17:00:00+07:00,2016-12-25 17:00:00+07:00,1,1,6.219512195121951,seasonal_hour_IQR,E01023
WS2M,2023-11-16 01:00:00+07:00,2023-11-16 06:00:00+07:00,6,1,6.218046874999999,seasonal_hour_IQR|seasonal_hour_MAD,E01024
WS2M,2014-09-20 17:00:00+07:00,2014-09-20 19:00:00+07:00,3,1,6.212500000000001,seasonal_hour_IQR|seasonal_hour_MAD,E01025
WS2M,2012-04-21 02:00:00+07:00,2012-04-21 05:00:00+07:00,4,1,6.2093676470588255,seasonal_hour_IQR|seasonal_hour_MAD,E01026
RH2M,2021-06-19 21:00:00+07:00,2021-06-20 06:00:00+07:00,10,1,6.208107023411384,seasonal_hour_IQR|seasonal_hour_MAD,E01027
WS2M,2016-08-14 00:00:00+07:00,2016-08-14 03:00:00+07:00,4,1,6.205400000000001,seasonal_hour_IQR|seasonal_hour_MAD,E01028
WS2M,2007-01-16 23:00:00+07:00,2007-01-17 03:00:00+07:00,5,1,6.205399999999998,seasonal_hour_IQR|seasonal_hour_MAD,E01029
WS2M,2020-12-14 20:00:00+07:00,2020-12-15 04:00:00+07:00,9,1,6.200211538461538,seasonal_hour_IQR|seasonal_hour_MAD,E01030
WS2M,2009-03-29 03:00:00+07:00,2009-03-29 05:00:00+07:00,3,1,6.198108108108111,seasonal_hour_IQR|seasonal_hour_MAD,E01031
RH2M,2003-01-27 01:00:00+07:00,2003-01-27 07:00:00+07:00,7,1,6.197212427745677,seasonal_hour_IQR|seasonal_hour_MAD,E01032
RH2M,2008-03-23 18:00:00+07:00,2008-03-23 23:00:00+07:00,6,1,6.195407407407373,seasonal_hour_IQR|seasonal_hour_MAD,E01033
RH2M,2003-05-06 08:00:00+07:00,2003-05-07 07:00:00+07:00,24,1,6.19508917197455,seasonal_hour_IQR|seasonal_hour_MAD,E01034
RH2M,2009-03-29 05:00:00+07:00,2009-03-29 07:00:00+07:00,3,1,6.186911167512648,seasonal_hour_IQR|seasonal_hour_MAD,E01035
WS2M,2021-03-07 02:00:00+07:00,2021-03-07 05:00:00+07:00,4,1,6.18291666666667,seasonal_hour_IQR|seasonal_hour_MAD,E01036
WS2M,2011-01-10 22:00:00+07:00,2011-01-11 06:00:00+07:00,9,1,6.1829166666666655,seasonal_hour_IQR|seasonal_hour_MAD,E01037
RH2M,2012-02-26 03:00:00+07:00,2012-02-26 07:00:00+07:00,5,1,6.179704761904781,seasonal_hour_MAD,E01038
ALLSKY_SFC_SW_DWN,2011-12-27 17:00:00+07:00,2011-12-27 17:00:00+07:00,1,1,6.170731707317073,seasonal_hour_IQR,E01039
T2M,2013-06-13 20:00:00+07:00,2013-06-14 06:00:00+07:00,11,1,6.163534482758621,seasonal_hour_IQR|seasonal_hour_MAD,E01040
RH2M,2011-03-26 21:00:00+07:00,2011-03-27 02:00:00+07:00,6,1,6.160834821428583,seasonal_hour_IQR|seasonal_hour_MAD,E01041
RH2M,2002-05-15 00:00:00+07:00,2002-05-15 02:00:00+07:00,3,1,6.160719745222958,seasonal_hour_IQR|seasonal_hour_MAD,E01042
WS2M,2006-01-16 15:00:00+07:00,2006-01-16 18:00:00+07:00,4,1,6.152257575757574,seasonal_hour_IQR|seasonal_hour_MAD,E01043
WS2M,2020-01-15 13:00:00+07:00,2020-01-15 18:00:00+07:00,6,1,6.152257575757574,seasonal_hour_IQR|seasonal_hour_MAD,E01044
WS2M,2005-12-10 23:00:00+07:00,2005-12-11 03:00:00+07:00,5,1,6.148326923076923,seasonal_hour_IQR|seasonal_hour_MAD,E01045
WS2M,2018-11-18 23:00:00+07:00,2018-11-19 05:00:00+07:00,7,1,6.148326923076923,seasonal_hour_IQR|seasonal_hour_MAD,E01046
RH2M,2018-06-07 18:00:00+07:00,2018-06-08 07:00:00+07:00,14,1,6.134520338983077,seasonal_hour_IQR|seasonal_hour_MAD,E01047
WS2M,2005-11-15 02:00:00+07:00,2005-11-15 05:00:00+07:00,4,1,6.133734374999999,seasonal_hour_IQR|seasonal_hour_MAD,E01048
WS2M,2019-07-07 01:00:00+07:00,2019-07-07 05:00:00+07:00,5,1,6.1291521739130435,seasonal_hour_IQR|seasonal_hour_MAD,E01049
WS2M,2018-11-08 04:00:00+07:00,2018-11-08 07:00:00+07:00,4,1,6.129152173913043,seasonal_hour_IQR|seasonal_hour_MAD,E01050
WS2M,2002-01-20 21:00:00+07:00,2002-01-21 03:00:00+07:00,7,1,6.120462962962962,seasonal_hour_IQR|seasonal_hour_MAD,E01051
RH2M,2006-03-01 20:00:00+07:00,2006-03-02 01:00:00+07:00,6,1,6.114217592592562,seasonal_hour_IQR|seasonal_hour_MAD,E01052
WS2M,2010-10-03 17:00:00+07:00,2010-10-04 05:00:00+07:00,13,1,6.114016129032259,seasonal_hour_IQR|seasonal_hour_MAD,E01053
RH2M,2018-04-06 22:00:00+07:00,2018-04-07 06:00:00+07:00,9,1,6.1070492610837395,seasonal_hour_IQR|seasonal_hour_MAD,E01054
RH2M,2002-10-10 11:00:00+07:00,2002-10-11 05:00:00+07:00,19,1,6.103322384428225,seasonal_hour_IQR|seasonal_hour_MAD,E01055
RH2M,2015-04-03 23:00:00+07:00,2015-04-04 06:00:00+07:00,8,1,6.102166666666638,seasonal_hour_IQR|seasonal_hour_MAD,E01056
RH2M,2001-03-29 03:00:00+07:00,2001-03-29 08:00:00+07:00,6,1,6.10131472081214,seasonal_hour_IQR|seasonal_hour_MAD,E01057
WS2M,2009-12-14 16:00:00+07:00,2009-12-14 18:00:00+07:00,3,1,6.101159090909087,seasonal_hour_IQR|seasonal_hour_MAD,E01058
RH2M,2006-03-02 04:00:00+07:00,2006-03-02 11:00:00+07:00,8,1,6.100426621160394,seasonal_hour_IQR|seasonal_hour_MAD,E01059
RH2M,2007-03-06 20:00:00+07:00,2007-03-07 06:00:00+07:00,11,1,6.099545454545446,seasonal_hour_IQR|seasonal_hour_MAD,E01060
ALLSKY_SFC_SW_DWN,2013-12-30 17:00:00+07:00,2013-12-30 17:00:00+07:00,1,1,6.097560975609756,seasonal_hour_IQR,E01061
ALLSKY_SFC_SW_DWN,2018-12-30 17:00:00+07:00,2018-12-30 17:00:00+07:00,1,1,6.097560975609756,seasonal_hour_IQR,E01062
ALLSKY_SFC_SW_DWN,2018-12-31 17:00:00+07:00,2018-12-31 17:00:00+07:00,1,1,6.097560975609756,seasonal_hour_IQR,E01063
WS2M,2002-03-23 01:00:00+07:00,2002-03-23 05:00:00+07:00,5,1,6.089236111111113,seasonal_hour_IQR|seasonal_hour_MAD,E01064
RH2M,2001-05-07 18:00:00+07:00,2001-05-08 06:00:00+07:00,13,1,6.083989999999994,seasonal_hour_IQR|seasonal_hour_MAD,E01065
RH2M,2025-02-13 02:00:00+07:00,2025-02-13 05:00:00+07:00,4,1,6.0768333333333455,seasonal_hour_MAD,E01066
RH2M,2023-05-17 00:00:00+07:00,2023-05-17 06:00:00+07:00,7,1,6.074908496732022,seasonal_hour_IQR|seasonal_hour_MAD,E01067
WS2M,2020-01-24 14:00:00+07:00,2020-01-24 17:00:00+07:00,4,1,6.070499999999998,seasonal_hour_IQR|seasonal_hour_MAD,E01068
RH2M,2006-04-15 22:00:00+07:00,2006-04-16 06:00:00+07:00,9,1,6.060999999999968,seasonal_hour_IQR|seasonal_hour_MAD,E01069
WS2M,2007-05-25 00:00:00+07:00,2007-05-25 05:00:00+07:00,6,1,6.05176388888889,seasonal_hour_IQR|seasonal_hour_MAD,E01070
WS2M,2003-11-10 03:00:00+07:00,2003-11-10 06:00:00+07:00,4,1,6.049087301587303,seasonal_hour_IQR|seasonal_hour_MAD,E01071
WS2M,2001-12-20 17:00:00+07:00,2001-12-21 06:00:00+07:00,14,1,6.044557692307692,seasonal_hour_IQR|seasonal_hour_MAD,E01072
WS2M,2022-08-11 10:00:00+07:00,2022-08-12 03:00:00+07:00,18,1,6.044557692307692,seasonal_hour_IQR|seasonal_hour_MAD,E01073
WS2M,2009-11-20 20:00:00+07:00,2009-11-21 01:00:00+07:00,6,1,6.0417978723404255,seasonal_hour_IQR|seasonal_hour_MAD,E01074
RH2M,2009-01-15 17:00:00+07:00,2009-01-16 05:00:00+07:00,13,1,6.040169164882224,seasonal_hour_IQR|seasonal_hour_MAD,E01075
WS2M,2018-04-06 03:00:00+07:00,2018-04-06 09:00:00+07:00,7,1,6.039369230769232,seasonal_hour_IQR|seasonal_hour_MAD,E01076
WS2M,2013-10-31 17:00:00+07:00,2013-10-31 19:00:00+07:00,3,1,6.03838095238095,seasonal_hour_IQR|seasonal_hour_MAD,E01077
WS2M,2014-02-13 00:00:00+07:00,2014-02-13 05:00:00+07:00,6,1,6.031398550724634,seasonal_hour_IQR|seasonal_hour_MAD,E01078
RH2M,2010-07-05 04:00:00+07:00,2010-07-05 22:00:00+07:00,19,1,6.0274468085105894,seasonal_hour_IQR|seasonal_hour_MAD,E01079
ALLSKY_SFC_SW_DWN,2015-12-30 17:00:00+07:00,2015-12-30 17:00:00+07:00,1,1,6.02439024390244,seasonal_hour_IQR,E01080
WS2M,2018-07-17 00:00:00+07:00,2018-07-17 13:00:00+07:00,14,1,6.01654,seasonal_hour_IQR|seasonal_hour_MAD,E01081
WS2M,2008-01-13 04:00:00+07:00,2008-01-13 06:00:00+07:00,3,1,6.014291666666663,seasonal_hour_IQR|seasonal_hour_MAD,E01082
WS2M,2011-01-02 20:00:00+07:00,2011-01-03 06:00:00+07:00,11,1,6.012685714285713,seasonal_hour_IQR|seasonal_hour_MAD,E01083
WS2M,2001-10-27 15:00:00+07:00,2001-10-27 19:00:00+07:00,5,1,6.006261904761901,seasonal_hour_IQR|seasonal_hour_MAD,E01084
WS2M,2003-10-10 16:00:00+07:00,2003-10-10 19:00:00+07:00,4,1,6.006261904761901,seasonal_hour_IQR|seasonal_hour_MAD,E01085
RH2M,2012-06-16 20:00:00+07:00,2012-06-17 03:00:00+07:00,8,1,5.986738562091498,seasonal_hour_IQR|seasonal_hour_MAD,E01086
RH2M,2025-03-31 02:00:00+07:00,2025-03-31 07:00:00+07:00,6,1,5.984903553299449,seasonal_hour_IQR|seasonal_hour_MAD,E01087
RH2M,2001-04-11 23:00:00+07:00,2001-04-12 06:00:00+07:00,8,1,5.981833333333307,seasonal_hour_IQR|seasonal_hour_MAD,E01088
WS2M,2016-01-11 03:00:00+07:00,2016-01-11 06:00:00+07:00,4,1,5.979351351351353,seasonal_hour_IQR|seasonal_hour_MAD,E01089
ALLSKY_SFC_SW_DWN,2008-12-30 17:00:00+07:00,2008-12-30 17:00:00+07:00,1,1,5.975609756097562,seasonal_hour_IQR,E01090
RH2M,2018-06-06 22:00:00+07:00,2018-06-07 04:00:00+07:00,7,1,5.973513071895419,seasonal_hour_IQR|seasonal_hour_MAD,E01091
RH2M,2007-02-01 00:00:00+07:00,2007-02-01 06:00:00+07:00,7,1,5.970930952380969,seasonal_hour_IQR|seasonal_hour_MAD,E01092
RH2M,2005-05-05 01:00:00+07:00,2005-05-05 06:00:00+07:00,6,1,5.958858620689645,seasonal_hour_IQR|seasonal_hour_MAD,E01093
RH2M,2019-09-24 18:00:00+07:00,2019-09-25 01:00:00+07:00,8,1,5.942507530120495,seasonal_hour_IQR|seasonal_hour_MAD,E01094
WS2M,2018-12-28 16:00:00+07:00,2018-12-29 06:00:00+07:00,15,1,5.940788461538461,seasonal_hour_IQR|seasonal_hour_MAD,E01095
WS2M,2024-12-07 20:00:00+07:00,2024-12-08 01:00:00+07:00,6,1,5.940788461538461,seasonal_hour_IQR|seasonal_hour_MAD,E01096
RH2M,2025-04-01 23:00:00+07:00,2025-04-02 05:00:00+07:00,7,1,5.940666666666637,seasonal_hour_IQR|seasonal_hour_MAD,E01097
WS2M,2009-09-12 00:00:00+07:00,2009-09-12 05:00:00+07:00,6,1,5.9356,seasonal_hour_IQR|seasonal_hour_MAD,E01098
RH2M,2016-04-17 22:00:00+07:00,2016-04-18 01:00:00+07:00,4,1,5.934348027842222,seasonal_hour_IQR|seasonal_hour_MAD,E01099
RH2M,2008-01-15 23:00:00+07:00,2008-01-16 07:00:00+07:00,9,1,5.932091040462439,seasonal_hour_IQR|seasonal_hour_MAD,E01100
WS2M,2001-04-21 23:00:00+07:00,2001-04-22 05:00:00+07:00,7,1,5.920611111111112,seasonal_hour_IQR|seasonal_hour_MAD,E01101
RH2M,2007-01-09 17:00:00+07:00,2007-01-10 06:00:00+07:00,14,1,5.920290149892931,seasonal_hour_IQR|seasonal_hour_MAD,E01102
WS2M,2020-11-27 21:00:00+07:00,2020-11-28 03:00:00+07:00,7,1,5.917204545454547,seasonal_hour_IQR|seasonal_hour_MAD,E01103
WS2M,2014-11-26 17:00:00+07:00,2014-11-26 18:00:00+07:00,2,1,5.917204545454542,seasonal_hour_IQR|seasonal_hour_MAD,E01104
RH2M,2021-01-12 17:00:00+07:00,2021-01-12 21:00:00+07:00,5,1,5.911624197002138,seasonal_hour_IQR|seasonal_hour_MAD,E01105
WS2M,2018-07-26 22:00:00+07:00,2018-07-27 05:00:00+07:00,8,1,5.90862,seasonal_hour_IQR|seasonal_hour_MAD,E01106
WS2M,2025-02-07 01:00:00+07:00,2025-02-07 05:00:00+07:00,5,1,5.908619999999999,seasonal_hour_IQR|seasonal_hour_MAD,E01107
ALLSKY_SFC_SW_DWN,2009-12-27 17:00:00+07:00,2009-12-27 17:00:00+07:00,1,1,5.902439024390244,seasonal_hour_IQR,E01108
WS2M,2003-11-21 02:00:00+07:00,2003-11-21 05:00:00+07:00,4,1,5.901874999999999,seasonal_hour_IQR|seasonal_hour_MAD,E01109
RH2M,2006-04-14 23:00:00+07:00,2006-04-15 06:00:00+07:00,8,1,5.894881336405545,seasonal_hour_IQR|seasonal_hour_MAD,E01110
RH2M,2011-09-24 18:00:00+07:00,2011-09-25 00:00:00+07:00,7,1,5.893748493975917,seasonal_hour_IQR|seasonal_hour_MAD,E01111
WS2M,2025-02-13 00:00:00+07:00,2025-02-13 03:00:00+07:00,4,1,5.874992753623185,seasonal_hour_IQR|seasonal_hour_MAD,E01112
WS2M,2010-10-16 21:00:00+07:00,2010-10-17 05:00:00+07:00,9,1,5.855886363636361,seasonal_hour_IQR|seasonal_hour_MAD,E01113
ALLSKY_SFC_SW_DWN,2003-12-25 17:00:00+07:00,2003-12-25 17:00:00+07:00,1,1,5.853658536585366,seasonal_hour_IQR,E01114
ALLSKY_SFC_SW_DWN,2006-12-28 17:00:00+07:00,2006-12-28 17:00:00+07:00,1,1,5.853658536585366,seasonal_hour_IQR,E01115
WS2M,2011-09-20 04:00:00+07:00,2011-09-20 06:00:00+07:00,3,1,5.845666666666668,seasonal_hour_IQR|seasonal_hour_MAD,E01116
WS2M,2007-03-05 22:00:00+07:00,2007-03-06 05:00:00+07:00,8,1,5.845666666666666,seasonal_hour_IQR|seasonal_hour_MAD,E01117
WS2M,2020-01-11 21:00:00+07:00,2020-01-12 01:00:00+07:00,5,1,5.8456666666666655,seasonal_hour_IQR|seasonal_hour_MAD,E01118
WS2M,2021-10-17 18:00:00+07:00,2021-10-17 22:00:00+07:00,5,1,5.837019230769231,seasonal_hour_IQR|seasonal_hour_MAD,E01119
RH2M,2022-05-05 01:00:00+07:00,2022-05-05 05:00:00+07:00,5,1,5.833513513513497,seasonal_hour_IQR|seasonal_hour_MAD,E01120
RH2M,2007-04-01 02:00:00+07:00,2007-04-01 06:00:00+07:00,5,1,5.8329999999999735,seasonal_hour_IQR|seasonal_hour_MAD,E01121
WS2M,2010-01-10 22:00:00+07:00,2010-01-11 03:00:00+07:00,6,1,5.831161290322579,seasonal_hour_IQR|seasonal_hour_MAD,E01122
WS2M,2019-11-16 16:00:00+07:00,2019-11-17 00:00:00+07:00,9,1,5.825227272727274,seasonal_hour_IQR|seasonal_hour_MAD,E01123
RH2M,2004-03-07 20:00:00+07:00,2004-03-08 11:00:00+07:00,16,1,5.819576791808859,seasonal_hour_IQR|seasonal_hour_MAD,E01124
WS2M,2005-02-19 00:00:00+07:00,2005-02-19 04:00:00+07:00,5,1,5.818686666666667,seasonal_hour_IQR|seasonal_hour_MAD,E01125
WS2M,2004-12-27 20:00:00+07:00,2004-12-28 06:00:00+07:00,11,1,5.811076923076924,seasonal_hour_IQR|seasonal_hour_MAD,E01126
RH2M,2008-05-13 23:00:00+07:00,2008-05-14 03:00:00+07:00,5,1,5.805196666666665,seasonal_hour_IQR|seasonal_hour_MAD,E01127
ALLSKY_SFC_SW_DWN,2001-12-26 17:00:00+07:00,2001-12-26 17:00:00+07:00,1,1,5.804878048780488,seasonal_hour_IQR,E01128
ALLSKY_SFC_SW_DWN,2007-12-31 17:00:00+07:00,2007-12-31 17:00:00+07:00,1,1,5.804878048780488,seasonal_hour_IQR,E01129
ALLSKY_SFC_SW_DWN,2019-12-25 17:00:00+07:00,2019-12-25 17:00:00+07:00,1,1,5.804878048780488,seasonal_hour_IQR,E01130
WS2M,2001-08-12 00:00:00+07:00,2001-08-12 04:00:00+07:00,5,1,5.800700000000001,seasonal_hour_IQR|seasonal_hour_MAD,E01131
RH2M,2005-04-03 20:00:00+07:00,2005-04-04 04:00:00+07:00,9,1,5.799761020881668,seasonal_hour_IQR|seasonal_hour_MAD,E01132
WS2M,2018-11-21 22:00:00+07:00,2018-11-22 05:00:00+07:00,8,1,5.798333333333334,seasonal_hour_IQR|seasonal_hour_MAD,E01133
WS2M,2022-10-17 21:00:00+07:00,2022-10-18 03:00:00+07:00,7,1,5.794568181818179,seasonal_hour_IQR|seasonal_hour_MAD,E01134
WS2M,2010-12-24 16:00:00+07:00,2010-12-24 18:00:00+07:00,3,1,5.794568181818178,seasonal_hour_IQR|seasonal_hour_MAD,E01135
RH2M,2014-01-22 16:00:00+07:00,2014-01-23 06:00:00+07:00,15,1,5.793189507494643,seasonal_hour_IQR|seasonal_hour_MAD,E01136
WS2M,2008-11-18 03:00:00+07:00,2008-11-18 05:00:00+07:00,3,1,5.792134920634922,seasonal_hour_IQR|seasonal_hour_MAD,E01137
RH2M,2025-03-06 20:00:00+07:00,2025-03-07 07:00:00+07:00,12,1,5.786499999999992,seasonal_hour_IQR|seasonal_hour_MAD,E01138
WS2M,2018-12-29 18:00:00+07:00,2018-12-30 06:00:00+07:00,13,1,5.7851346153846155,seasonal_hour_IQR|seasonal_hour_MAD,E01139
WS2M,2002-01-19 00:00:00+07:00,2002-01-19 04:00:00+07:00,5,1,5.784348484848484,seasonal_hour_IQR|seasonal_hour_MAD,E01140
WS2M,2018-01-08 08:00:00+07:00,2018-01-08 18:00:00+07:00,11,1,5.784348484848484,seasonal_hour_IQR|seasonal_hour_MAD,E01141
RH2M,2001-05-09 21:00:00+07:00,2001-05-10 06:00:00+07:00,10,1,5.782713333333333,seasonal_hour_IQR|seasonal_hour_MAD,E01142
RH2M,2009-05-03 23:00:00+07:00,2009-05-04 04:00:00+07:00,6,1,5.782713333333333,seasonal_hour_IQR|seasonal_hour_MAD,E01143
RH2M,2015-07-06 20:00:00+07:00,2015-07-07 02:00:00+07:00,7,1,5.7803924731182805,seasonal_hour_IQR|seasonal_hour_MAD,E01144
RH2M,2025-02-09 01:00:00+07:00,2025-02-09 05:00:00+07:00,5,1,5.776000000000015,seasonal_hour_IQR|seasonal_hour_MAD,E01145
RH2M,2005-05-17 17:00:00+07:00,2005-05-18 05:00:00+07:00,13,1,5.772926470588209,seasonal_hour_IQR|seasonal_hour_MAD,E01146
WS2M,2014-03-20 20:00:00+07:00,2014-03-21 05:00:00+07:00,10,1,5.770722222222224,seasonal_hour_IQR|seasonal_hour_MAD,E01147
WS2M,2015-05-12 01:00:00+07:00,2015-05-12 05:00:00+07:00,5,1,5.77072222222222,seasonal_hour_IQR|seasonal_hour_MAD,E01148
WS2M,2025-02-02 23:00:00+07:00,2025-02-03 04:00:00+07:00,6,1,5.768485074626868,seasonal_hour_IQR|seasonal_hour_MAD,E01149
WS2M,2019-01-20 20:00:00+07:00,2019-01-21 06:00:00+07:00,11,1,5.765887096774193,seasonal_hour_IQR|seasonal_hour_MAD,E01150
RH2M,2001-04-08 19:00:00+07:00,2001-04-09 03:00:00+07:00,9,1,5.765331786542921,seasonal_hour_IQR|seasonal_hour_MAD,E01151
RH2M,2003-03-05 04:00:00+07:00,2003-03-05 19:00:00+07:00,16,1,5.764327645051179,seasonal_hour_IQR|seasonal_hour_MAD,E01152
WS2M,2012-12-21 23:00:00+07:00,2012-12-22 06:00:00+07:00,8,1,5.763909090909089,seasonal_hour_IQR|seasonal_hour_MAD,E01153
WS2M,2022-10-20 17:00:00+07:00,2022-10-21 00:00:00+07:00,8,1,5.763909090909088,seasonal_hour_IQR|seasonal_hour_MAD,E01154
WS2M,2008-01-13 21:00:00+07:00,2008-01-14 03:00:00+07:00,7,1,5.757339285714287,seasonal_hour_IQR|seasonal_hour_MAD,E01155
WS2M,2006-01-22 22:00:00+07:00,2006-01-23 05:00:00+07:00,8,1,5.755733333333332,seasonal_hour_IQR|seasonal_hour_MAD,E01156
WS2M,2013-03-27 00:00:00+07:00,2013-03-27 03:00:00+07:00,4,1,5.751986111111112,seasonal_hour_IQR|seasonal_hour_MAD,E01157
WS2M,2025-04-25 04:00:00+07:00,2025-04-25 05:00:00+07:00,2,1,5.748815384615384,seasonal_hour_IQR|seasonal_hour_MAD,E01158
RH2M,2025-01-12 17:00:00+07:00,2025-01-13 06:00:00+07:00,14,1,5.748056097560984,seasonal_hour_IQR|seasonal_hour_MAD,E01159
WS2M,2011-01-28 21:00:00+07:00,2011-01-29 05:00:00+07:00,9,1,5.7457407407407395,seasonal_hour_IQR|seasonal_hour_MAD,E01160
RH2M,2016-05-11 00:00:00+07:00,2016-05-11 05:00:00+07:00,6,1,5.744271241830061,seasonal_hour_IQR|seasonal_hour_MAD,E01161
WS2M,2010-01-22 15:00:00+07:00,2010-01-22 18:00:00+07:00,4,1,5.743469696969695,seasonal_hour_IQR|seasonal_hour_MAD,E01162
RH2M,2025-04-14 22:00:00+07:00,2025-04-15 05:00:00+07:00,8,1,5.734074572127156,seasonal_hour_IQR|seasonal_hour_MAD,E01163
RH2M,2017-02-24 03:00:00+07:00,2017-02-24 07:00:00+07:00,5,1,5.733250000000019,seasonal_hour_MAD,E01164
RH2M,2004-06-22 19:00:00+07:00,2004-06-23 07:00:00+07:00,13,1,5.7321220735785765,seasonal_hour_IQR|seasonal_hour_MAD,E01165
ALLSKY_SFC_SW_DWN,2006-12-27 17:00:00+07:00,2006-12-27 17:00:00+07:00,1,1,5.731707317073171,seasonal_hour_IQR,E01166
ALLSKY_SFC_SW_DWN,2006-12-31 17:00:00+07:00,2006-12-31 17:00:00+07:00,1,1,5.731707317073171,seasonal_hour_IQR,E01167
ALLSKY_SFC_SW_DWN,2025-12-30 17:00:00+07:00,2025-12-30 17:00:00+07:00,1,1,5.731707317073171,seasonal_hour_IQR,E01168
RH2M,2006-07-09 18:00:00+07:00,2006-07-10 07:00:00+07:00,14,1,5.7308581560283205,seasonal_hour_IQR|seasonal_hour_MAD,E01169
RH2M,2008-04-17 23:00:00+07:00,2008-04-18 06:00:00+07:00,8,1,5.725333333333302,seasonal_hour_IQR|seasonal_hour_MAD,E01170
WS2M,2015-11-25 06:00:00+07:00,2015-11-25 08:00:00+07:00,3,1,5.724818750000002,seasonal_hour_IQR|seasonal_hour_MAD,E01171
WS2M,2001-01-28 00:00:00+07:00,2001-01-28 05:00:00+07:00,6,1,5.722370967741934,seasonal_hour_IQR|seasonal_hour_MAD,E01172
WS2M,2019-02-22 00:00:00+07:00,2019-02-22 05:00:00+07:00,6,1,5.718586956521736,seasonal_hour_IQR|seasonal_hour_MAD,E01173
WS2M,2009-04-25 01:00:00+07:00,2009-04-25 04:00:00+07:00,4,1,5.715499999999998,seasonal_hour_IQR|seasonal_hour_MAD,E01174
RH2M,2011-03-24 23:00:00+07:00,2011-03-25 06:00:00+07:00,8,1,5.71441878172585,seasonal_hour_IQR|seasonal_hour_MAD,E01175
RH2M,2010-03-26 18:00:00+07:00,2010-03-26 23:00:00+07:00,6,1,5.7113912037036725,seasonal_hour_IQR|seasonal_hour_MAD,E01176
WS2M,2019-12-01 20:00:00+07:00,2019-12-02 06:00:00+07:00,11,1,5.707307692307692,seasonal_hour_IQR|seasonal_hour_MAD,E01177
WS2M,2020-01-14 16:00:00+07:00,2020-01-14 18:00:00+07:00,3,1,5.702590909090908,seasonal_hour_IQR|seasonal_hour_MAD,E01178
WS2M,2025-12-13 16:00:00+07:00,2025-12-13 17:00:00+07:00,2,1,5.702590909090906,seasonal_hour_IQR|seasonal_hour_MAD,E01179
WS2M,2010-01-15 23:00:00+07:00,2010-01-16 02:00:00+07:00,4,1,5.700612903225806,seasonal_hour_IQR|seasonal_hour_MAD,E01180
RH2M,2006-07-08 23:00:00+07:00,2006-07-09 06:00:00+07:00,8,1,5.697372340425487,seasonal_hour_IQR|seasonal_hour_MAD,E01181
WS2M,2005-03-03 01:00:00+07:00,2005-03-03 05:00:00+07:00,5,1,5.69577777777778,seasonal_hour_IQR|seasonal_hour_MAD,E01182
RH2M,2025-03-18 04:00:00+07:00,2025-03-18 07:00:00+07:00,4,1,5.690451776649705,seasonal_hour_IQR|seasonal_hour_MAD,E01183
RH2M,2012-03-24 20:00:00+07:00,2012-03-24 23:00:00+07:00,4,1,5.686409722222192,seasonal_hour_IQR|seasonal_hour_MAD,E01184
WS2M,2008-10-05 02:00:00+07:00,2008-10-05 05:00:00+07:00,4,1,5.685071428571427,seasonal_hour_IQR|seasonal_hour_MAD,E01185
ALLSKY_SFC_SW_DWN,2017-12-29 17:00:00+07:00,2017-12-29 17:00:00+07:00,1,1,5.682926829268293,seasonal_hour_IQR,E01186
WS2M,2006-02-28 21:00:00+07:00,2006-03-01 03:00:00+07:00,7,1,5.6821515151515145,seasonal_hour_IQR|seasonal_hour_MAD,E01187
WS2M,2024-12-27 21:00:00+07:00,2024-12-28 03:00:00+07:00,7,1,5.681365384615385,seasonal_hour_IQR|seasonal_hour_MAD,E01188
RH2M,2007-08-16 19:00:00+07:00,2007-08-17 00:00:00+07:00,6,1,5.678854838709672,seasonal_hour_IQR|seasonal_hour_MAD,E01189
RH2M,2012-02-17 02:00:00+07:00,2012-02-17 06:00:00+07:00,5,1,5.678647619047636,seasonal_hour_MAD,E01190
WS2M,2023-07-18 13:00:00+07:00,2023-07-19 05:00:00+07:00,17,1,5.677041666666667,seasonal_hour_IQR|seasonal_hour_MAD,E01191
RH2M,2006-02-28 03:00:00+07:00,2006-02-28 07:00:00+07:00,5,1,5.67543571428573,seasonal_hour_MAD,E01192
WS2M,2014-11-02 06:00:00+07:00,2014-11-02 08:00:00+07:00,3,1,5.674231250000002,seasonal_hour_IQR|seasonal_hour_MAD,E01193
WS2M,2011-12-01 16:00:00+07:00,2011-12-01 18:00:00+07:00,3,1,5.671931818181815,seasonal_hour_IQR|seasonal_hour_MAD,E01194
WS2M,2008-01-21 02:00:00+07:00,2008-01-21 06:00:00+07:00,5,1,5.669445945945947,seasonal_hour_IQR|seasonal_hour_MAD,E01195
RH2M,2013-02-09 00:00:00+07:00,2013-02-09 05:00:00+07:00,6,1,5.669011904761922,seasonal_hour_MAD,E01196
RH2M,2024-03-05 16:00:00+07:00,2024-03-06 00:00:00+07:00,9,1,5.66386363636363,seasonal_hour_IQR|seasonal_hour_MAD,E01197
RH2M,2011-03-25 21:00:00+07:00,2011-03-26 07:00:00+07:00,11,1,5.659637055837521,seasonal_hour_IQR|seasonal_hour_MAD,E01198
WS2M,2018-01-31 02:00:00+07:00,2018-01-31 06:00:00+07:00,5,1,5.658305555555554,seasonal_hour_IQR|seasonal_hour_MAD,E01199
WS2M,2005-02-27 23:00:00+07:00,2005-02-28 05:00:00+07:00,7,1,5.655423076923078,seasonal_hour_IQR|seasonal_hour_MAD,E01200
WS2M,2003-12-10 21:00:00+07:00,2003-12-11 01:00:00+07:00,5,1,5.655423076923076,seasonal_hour_IQR|seasonal_hour_MAD,E01201
WS2M,2009-09-30 17:00:00+07:00,2009-10-01 02:00:00+07:00,10,1,5.652952380952381,seasonal_hour_IQR|seasonal_hour_MAD,E01202
WS2M,2012-10-30 00:00:00+07:00,2012-10-30 05:00:00+07:00,6,1,5.64652857142857,seasonal_hour_IQR|seasonal_hour_MAD,E01203
WS2M,2019-04-01 03:00:00+07:00,2019-04-01 05:00:00+07:00,3,1,5.645046153846154,seasonal_hour_IQR|seasonal_hour_MAD,E01204
RH2M,2002-04-12 23:00:00+07:00,2002-04-13 03:00:00+07:00,5,1,5.6417224938875465,seasonal_hour_IQR|seasonal_hour_MAD,E01205
WS2M,2010-10-05 22:00:00+07:00,2010-10-06 04:00:00+07:00,7,1,5.641272727272726,seasonal_hour_IQR|seasonal_hour_MAD,E01206
WS2M,2001-01-09 06:00:00+07:00,2001-01-09 08:00:00+07:00,3,1,5.638128205128208,seasonal_hour_IQR|seasonal_hour_MAD,E01207
RH2M,2012-03-31 03:00:00+07:00,2012-03-31 06:00:00+07:00,4,1,5.635670050761382,seasonal_hour_IQR|seasonal_hour_MAD,E01208
RH2M,2004-10-03 16:00:00+07:00,2004-10-04 01:00:00+07:00,10,1,5.632321167883213,seasonal_hour_IQR|seasonal_hour_MAD,E01209
RH2M,2004-01-21 02:00:00+07:00,2004-01-21 08:00:00+07:00,7,1,5.627981213872844,seasonal_hour_IQR|seasonal_hour_MAD,E01210
RH2M,2004-02-04 23:00:00+07:00,2004-02-05 06:00:00+07:00,8,1,5.620833333333348,seasonal_hour_MAD,E01211
RH2M,2009-03-13 19:00:00+07:00,2009-03-14 01:00:00+07:00,7,1,5.614587962962931,seasonal_hour_IQR|seasonal_hour_MAD,E01212
WS2M,2023-11-12 15:00:00+07:00,2023-11-13 06:00:00+07:00,16,1,5.610613636363637,seasonal_hour_IQR|seasonal_hour_MAD,E01213
WS2M,2021-11-05 17:00:00+07:00,2021-11-05 19:00:00+07:00,3,1,5.610613636363634,seasonal_hour_IQR|seasonal_hour_MAD,E01214
ALLSKY_SFC_SW_DWN,2005-12-24 17:00:00+07:00,2005-12-24 17:00:00+07:00,1,1,5.609756097560975,seasonal_hour_IQR,E01215
ALLSKY_SFC_SW_DWN,2010-12-29 17:00:00+07:00,2010-12-29 17:00:00+07:00,1,1,5.609756097560975,seasonal_hour_IQR,E01216
ALLSKY_SFC_SW_DWN,2022-12-29 17:00:00+07:00,2022-12-29 17:00:00+07:00,1,1,5.609756097560975,seasonal_hour_IQR,E01217
ALLSKY_SFC_SW_DWN,2024-12-27 17:00:00+07:00,2024-12-27 17:00:00+07:00,1,1,5.609756097560975,seasonal_hour_IQR,E01218
WS2M,2002-07-07 03:00:00+07:00,2002-07-07 07:00:00+07:00,5,1,5.603538461538464,seasonal_hour_IQR|seasonal_hour_MAD,E01219
WS2M,2012-02-26 02:00:00+07:00,2012-02-26 05:00:00+07:00,4,1,5.603538461538463,seasonal_hour_IQR|seasonal_hour_MAD,E01220
RH2M,2017-04-28 23:00:00+07:00,2017-04-29 01:00:00+07:00,3,1,5.60200492610837,seasonal_hour_IQR|seasonal_hour_MAD,E01221
RH2M,2004-03-06 01:00:00+07:00,2004-03-06 10:00:00+07:00,10,1,5.601431472081181,seasonal_hour_IQR|seasonal_hour_MAD,E01222
WS2M,2003-09-11 00:00:00+07:00,2003-09-11 02:00:00+07:00,3,1,5.598350000000002,seasonal_hour_IQR|seasonal_hour_MAD,E01223
WS2M,2013-03-31 01:00:00+07:00,2013-03-31 05:00:00+07:00,5,1,5.5965270270270295,seasonal_hour_IQR|seasonal_hour_MAD,E01224
RH2M,2007-03-20 20:00:00+07:00,2007-03-21 00:00:00+07:00,5,1,5.59585185185182,seasonal_hour_IQR|seasonal_hour_MAD,E01225
WS2M,2008-11-02 20:00:00+07:00,2008-11-03 02:00:00+07:00,7,1,5.592729166666669,seasonal_hour_IQR|seasonal_hour_MAD,E01226
WS2M,2005-10-22 23:00:00+07:00,2005-10-23 01:00:00+07:00,3,1,5.592729166666667,seasonal_hour_IQR|seasonal_hour_MAD,E01227
RH2M,2007-08-17 18:00:00+07:00,2007-08-18 02:00:00+07:00,9,1,5.591822580645155,seasonal_hour_IQR|seasonal_hour_MAD,E01228
RH2M,2024-03-04 22:00:00+07:00,2024-03-05 07:00:00+07:00,10,1,5.585703125000016,seasonal_hour_IQR|seasonal_hour_MAD,E01229
WS2M,2001-03-08 00:00:00+07:00,2001-03-08 07:00:00+07:00,8,1,5.583361111111114,seasonal_hour_IQR|seasonal_hour_MAD,E01230
RH2M,2022-09-06 19:00:00+07:00,2022-09-07 00:00:00+07:00,6,1,5.58165228013029,seasonal_hour_IQR|seasonal_hour_MAD,E01231
WS2M,2011-10-03 20:00:00+07:00,2011-10-04 03:00:00+07:00,8,1,5.5799545454545445,seasonal_hour_IQR|seasonal_hour_MAD,E01232
RH2M,2012-03-10 01:00:00+07:00,2012-03-10 07:00:00+07:00,7,1,5.574040609137014,seasonal_hour_IQR|seasonal_hour_MAD,E01233
WS2M,2016-09-28 15:00:00+07:00,2016-09-28 19:00:00+07:00,5,1,5.573500000000001,seasonal_hour_IQR|seasonal_hour_MAD,E01234
RH2M,2016-02-01 02:00:00+07:00,2016-02-01 05:00:00+07:00,4,1,5.566230952380971,seasonal_hour_MAD,E01235
WS2M,2007-10-30 00:00:00+07:00,2007-10-30 03:00:00+07:00,4,1,5.564625000000001,seasonal_hour_IQR|seasonal_hour_MAD,E01236
ALLSKY_SFC_SW_DWN,2001-12-31 17:00:00+07:00,2001-12-31 17:00:00+07:00,1,1,5.560975609756097,seasonal_hour_IQR,E01237
ALLSKY_SFC_SW_DWN,2023-12-30 17:00:00+07:00,2023-12-30 17:00:00+07:00,1,1,5.560975609756097,seasonal_hour_IQR,E01238
WS2M,2006-12-09 00:00:00+07:00,2006-12-09 07:00:00+07:00,8,1,5.559515151515151,seasonal_hour_IQR|seasonal_hour_MAD,E01239
WS2M,2010-01-30 17:00:00+07:00,2010-01-30 18:00:00+07:00,2,1,5.55951515151515,seasonal_hour_IQR|seasonal_hour_MAD,E01240
RH2M,2006-07-15 21:00:00+07:00,2006-07-16 06:00:00+07:00,10,1,5.5586453900708745,seasonal_hour_IQR|seasonal_hour_MAD,E01241
RH2M,2007-05-01 00:00:00+07:00,2007-05-01 05:00:00+07:00,6,1,5.55788,seasonal_hour_IQR|seasonal_hour_MAD,E01242
T2M,2012-09-29 22:00:00+07:00,2012-09-30 09:00:00+07:00,12,1,5.553627717391304,seasonal_hour_IQR|seasonal_hour_MAD,E01243
WS2M,2003-09-09 23:00:00+07:00,2003-09-10 06:00:00+07:00,8,1,5.5533833333333344,seasonal_hour_IQR|seasonal_hour_MAD,E01244
WS2M,2004-12-26 23:00:00+07:00,2004-12-27 05:00:00+07:00,7,1,5.551653846153846,seasonal_hour_IQR|seasonal_hour_MAD,E01245
WS2M,2003-03-14 22:00:00+07:00,2003-03-15 03:00:00+07:00,6,1,5.550171428571427,seasonal_hour_IQR|seasonal_hour_MAD,E01246
WS2M,2012-11-07 16:00:00+07:00,2012-11-07 19:00:00+07:00,4,1,5.549295454545452,seasonal_hour_IQR|seasonal_hour_MAD,E01247
WS2M,2024-01-22 21:00:00+07:00,2024-01-23 06:00:00+07:00,10,1,5.548306451612902,seasonal_hour_IQR|seasonal_hour_MAD,E01248
RH2M,2014-02-14 00:00:00+07:00,2014-02-14 05:00:00+07:00,6,1,5.548000000000015,seasonal_hour_MAD,E01249
RH2M,2001-06-13 18:00:00+07:00,2001-06-14 07:00:00+07:00,14,1,5.541794536817134,seasonal_hour_IQR|seasonal_hour_MAD,E01250
WS2M,2020-01-22 17:00:00+07:00,2020-01-22 18:00:00+07:00,2,1,5.539075757575756,seasonal_hour_IQR|seasonal_hour_MAD,E01251
RH2M,2014-06-20 17:00:00+07:00,2014-06-21 05:00:00+07:00,13,1,5.538118729096969,seasonal_hour_IQR|seasonal_hour_MAD,E01252
T2M,2013-06-10 15:00:00+07:00,2013-06-11 07:00:00+07:00,17,1,5.532033613445371,seasonal_hour_IQR|seasonal_hour_MAD,E01253
RH2M,2007-09-23 22:00:00+07:00,2007-09-24 07:00:00+07:00,10,1,5.530099406528181,seasonal_hour_IQR|seasonal_hour_MAD,E01254
WS2M,2013-03-02 22:00:00+07:00,2013-03-03 05:00:00+07:00,8,1,5.52715277777778,seasonal_hour_IQR|seasonal_hour_MAD,E01255
WS2M,2009-11-16 01:00:00+07:00,2009-11-16 05:00:00+07:00,5,1,5.522468749999999,seasonal_hour_IQR|seasonal_hour_MAD,E01256
WS2M,2015-11-16 17:00:00+07:00,2015-11-16 23:00:00+07:00,7,1,5.520907407407409,seasonal_hour_IQR|seasonal_hour_MAD,E01257
WS2M,2020-12-28 17:00:00+07:00,2020-12-28 21:00:00+07:00,5,1,5.516446428571428,seasonal_hour_IQR|seasonal_hour_MAD,E01258
RH2M,2010-02-26 10:00:00+07:00,2010-02-26 20:00:00+07:00,11,1,5.5111395617070436,seasonal_hour_IQR|seasonal_hour_MAD,E01259
WS2M,2020-10-18 22:00:00+07:00,2020-10-19 05:00:00+07:00,8,1,5.508416666666667,seasonal_hour_IQR|seasonal_hour_MAD,E01260
WS2M,2022-01-29 23:00:00+07:00,2022-01-30 03:00:00+07:00,5,1,5.504790322580645,seasonal_hour_IQR|seasonal_hour_MAD,E01261
WS2M,2010-09-13 17:00:00+07:00,2010-09-13 20:00:00+07:00,4,1,5.502500000000001,seasonal_hour_IQR|seasonal_hour_MAD,E01262
WS2M,2005-12-05 20:00:00+07:00,2005-12-06 06:00:00+07:00,11,1,5.499769230769231,seasonal_hour_IQR|seasonal_hour_MAD,E01263
WS2M,2009-12-02 22:00:00+07:00,2009-12-03 01:00:00+07:00,4,1,5.499769230769231,seasonal_hour_IQR|seasonal_hour_MAD,E01264
WS2M,2010-08-25 16:00:00+07:00,2010-08-26 01:00:00+07:00,10,1,5.49976923076923,seasonal_hour_IQR|seasonal_hour_MAD,E01265
RH2M,2019-09-28 18:00:00+07:00,2019-09-29 02:00:00+07:00,9,1,5.493673497267742,seasonal_hour_IQR|seasonal_hour_MAD,E01266
WS2M,2013-10-15 22:00:00+07:00,2013-10-16 05:00:00+07:00,8,1,5.492357142857144,seasonal_hour_IQR|seasonal_hour_MAD,E01267
WS2M,2024-09-27 18:00:00+07:00,2024-09-28 03:00:00+07:00,10,1,5.4923571428571405,seasonal_hour_IQR|seasonal_hour_MAD,E01268
WS2M,2023-09-13 23:00:00+07:00,2023-09-14 05:00:00+07:00,7,1,5.4879772727272735,seasonal_hour_IQR|seasonal_hour_MAD,E01269
ALLSKY_SFC_SW_DWN,2001-12-28 17:00:00+07:00,2001-12-28 17:00:00+07:00,1,1,5.487804878048781,seasonal_hour_IQR,E01270
ALLSKY_SFC_SW_DWN,2017-12-28 17:00:00+07:00,2017-12-28 17:00:00+07:00,1,1,5.487804878048781,seasonal_hour_IQR,E01271
RH2M,2007-11-29 08:00:00+07:00,2007-11-30 06:00:00+07:00,23,1,5.485557567316614,seasonal_hour_IQR|seasonal_hour_MAD,E01272
WS2M,2013-07-29 00:00:00+07:00,2013-07-29 05:00:00+07:00,6,1,5.4839782608695655,seasonal_hour_IQR|seasonal_hour_MAD,E01273
RH2M,2021-06-04 03:00:00+07:00,2021-06-04 06:00:00+07:00,4,1,5.483978260869549,seasonal_hour_IQR|seasonal_hour_MAD,E01274
WS2M,2024-10-26 22:00:00+07:00,2024-10-27 05:00:00+07:00,8,1,5.480312500000001,seasonal_hour_IQR|seasonal_hour_MAD,E01275
WS2M,2025-07-24 00:00:00+07:00,2025-07-24 05:00:00+07:00,6,1,5.480312500000001,seasonal_hour_IQR|seasonal_hour_MAD,E01276
WS2M,2010-04-02 04:00:00+07:00,2010-04-02 06:00:00+07:00,3,1,5.479015384615384,seasonal_hour_IQR|seasonal_hour_MAD,E01277
RH2M,2015-04-02 23:00:00+07:00,2015-04-03 06:00:00+07:00,8,1,5.478180459770102,seasonal_hour_IQR|seasonal_hour_MAD,E01278
RH2M,2018-03-09 20:00:00+07:00,2018-03-10 09:00:00+07:00,14,1,5.474290178571443,seasonal_hour_IQR|seasonal_hour_MAD,E01279
WS2M,2021-01-08 21:00:00+07:00,2021-01-09 00:00:00+07:00,4,1,5.470944444444444,seasonal_hour_IQR|seasonal_hour_MAD,E01280
RH2M,2014-02-13 01:00:00+07:00,2014-02-13 05:00:00+07:00,5,1,5.4666619047619225,seasonal_hour_MAD,E01281
RH2M,2014-05-09 23:00:00+07:00,2014-05-10 05:00:00+07:00,7,1,5.4634499999999955,seasonal_hour_IQR|seasonal_hour_MAD,E01282
WS2M,2023-09-04 00:00:00+07:00,2023-09-04 05:00:00+07:00,6,1,5.457318181818183,seasonal_hour_IQR|seasonal_hour_MAD,E01283
RH2M,2021-03-21 22:00:00+07:00,2021-03-22 07:00:00+07:00,10,1,5.450781725888284,seasonal_hour_IQR|seasonal_hour_MAD,E01284
RH2M,2008-05-09 23:00:00+07:00,2008-05-10 05:00:00+07:00,7,1,5.449959999999996,seasonal_hour_IQR|seasonal_hour_MAD,E01285
WS2M,2003-12-07 23:00:00+07:00,2003-12-08 02:00:00+07:00,4,1,5.447884615384615,seasonal_hour_IQR|seasonal_hour_MAD,E01286
WS2M,2007-01-03 21:00:00+07:00,2007-01-04 05:00:00+07:00,9,1,5.445962962962962,seasonal_hour_IQR|seasonal_hour_MAD,E01287
WS2M,2020-01-16 21:00:00+07:00,2020-01-17 04:00:00+07:00,8,1,5.445962962962962,seasonal_hour_IQR|seasonal_hour_MAD,E01288
RH2M,2015-07-08 18:00:00+07:00,2015-07-09 02:00:00+07:00,9,1,5.43951612903226,seasonal_hour_IQR|seasonal_hour_MAD,E01289
RH2M,2022-04-05 23:00:00+07:00,2022-04-06 03:00:00+07:00,5,1,5.437228606356987,seasonal_hour_IQR|seasonal_hour_MAD,E01290
RH2M,2014-06-20 00:00:00+07:00,2014-06-20 05:00:00+07:00,6,1,5.427581939799341,seasonal_hour_IQR|seasonal_hour_MAD,E01291
WS2M,2003-11-11 22:00:00+07:00,2003-11-12 05:00:00+07:00,8,1,5.426659090909092,seasonal_hour_IQR|seasonal_hour_MAD,E01292
RH2M,2009-02-13 17:00:00+07:00,2009-02-13 19:00:00+07:00,3,1,5.420706959706952,seasonal_hour_IQR|seasonal_hour_MAD,E01293
ALLSKY_SFC_SW_DWN,2003-12-26 17:00:00+07:00,2003-12-26 17:00:00+07:00,1,1,5.414634146341464,seasonal_hour_IQR,E01294
ALLSKY_SFC_SW_DWN,2021-12-25 17:00:00+07:00,2021-12-25 17:00:00+07:00,1,1,5.414634146341464,seasonal_hour_IQR,E01295
RH2M,2001-01-26 03:00:00+07:00,2001-01-26 07:00:00+07:00,5,1,5.413544797687872,seasonal_hour_IQR|seasonal_hour_MAD,E01296
RH2M,2021-01-01 17:00:00+07:00,2021-01-02 00:00:00+07:00,8,1,5.407554603854387,seasonal_hour_IQR|seasonal_hour_MAD,E01297
RH2M,2005-07-29 18:00:00+07:00,2005-07-30 05:00:00+07:00,12,1,5.403252688172047,seasonal_hour_IQR|seasonal_hour_MAD,E01298
RH2M,2008-02-03 01:00:00+07:00,2008-02-03 05:00:00+07:00,5,1,5.399166666666682,seasonal_hour_MAD,E01299
WS2M,2020-11-21 17:00:00+07:00,2020-11-21 19:00:00+07:00,3,1,5.396000000000002,seasonal_hour_IQR|seasonal_hour_MAD,E01300
WS2M,2003-09-08 23:00:00+07:00,2003-09-09 05:00:00+07:00,7,1,5.396000000000001,seasonal_hour_IQR|seasonal_hour_MAD,E01301
WS2M,2004-12-04 00:00:00+07:00,2004-12-04 03:00:00+07:00,4,1,5.396,seasonal_hour_IQR|seasonal_hour_MAD,E01302
WS2M,2024-02-08 02:00:00+07:00,2024-02-08 06:00:00+07:00,5,1,5.395999999999999,seasonal_hour_IQR|seasonal_hour_MAD,E01303
WS2M,2023-03-12 22:00:00+07:00,2023-03-13 04:00:00+07:00,7,1,5.395999999999998,seasonal_hour_IQR|seasonal_hour_MAD,E01304
WS2M,2020-11-17 17:00:00+07:00,2020-11-17 19:00:00+07:00,3,1,5.395999999999996,seasonal_hour_IQR|seasonal_hour_MAD,E01305
RH2M,2008-05-15 00:00:00+07:00,2008-05-15 06:00:00+07:00,7,1,5.391503333333332,seasonal_hour_IQR|seasonal_hour_MAD,E01306
RH2M,2001-01-28 03:00:00+07:00,2001-01-28 07:00:00+07:00,5,1,5.390151734104057,seasonal_hour_IQR|seasonal_hour_MAD,E01307
RH2M,2009-11-20 03:00:00+07:00,2009-11-20 08:00:00+07:00,6,1,5.389343750000003,seasonal_hour_IQR|seasonal_hour_MAD,E01308
RH2M,2015-07-09 20:00:00+07:00,2015-07-10 12:00:00+07:00,17,1,5.38016666666664,seasonal_hour_IQR|seasonal_hour_MAD,E01309
T2M,2009-06-03 06:00:00+07:00,2009-06-03 10:00:00+07:00,5,1,5.374921875000027,seasonal_hour_IQR|seasonal_hour_MAD,E01310
RH2M,2005-06-25 23:00:00+07:00,2005-06-26 06:00:00+07:00,8,1,5.373441471571914,seasonal_hour_IQR|seasonal_hour_MAD,E01311
RH2M,2005-05-16 18:00:00+07:00,2005-05-17 01:00:00+07:00,8,1,5.371149999999982,seasonal_hour_IQR|seasonal_hour_MAD,E01312
RH2M,2005-02-10 20:00:00+07:00,2005-02-11 05:00:00+07:00,10,1,5.370304761904777,seasonal_hour_IQR|seasonal_hour_MAD,E01313
WS2M,2003-07-22 03:00:00+07:00,2003-07-22 14:00:00+07:00,12,1,5.370057692307695,seasonal_hour_IQR|seasonal_hour_MAD,E01314
WS2M,2009-11-01 21:00:00+07:00,2009-11-02 06:00:00+07:00,10,1,5.370057692307691,seasonal_hour_IQR|seasonal_hour_MAD,E01315
WS2M,2017-11-18 21:00:00+07:00,2017-11-19 03:00:00+07:00,7,1,5.367895833333335,seasonal_hour_IQR|seasonal_hour_MAD,E01316
ALLSKY_SFC_SW_DWN,2009-12-26 17:00:00+07:00,2009-12-26 17:00:00+07:00,1,1,5.365853658536586,seasonal_hour_IQR,E01317
ALLSKY_SFC_SW_DWN,2010-12-24 17:00:00+07:00,2010-12-24 17:00:00+07:00,1,1,5.365853658536586,seasonal_hour_IQR,E01318
ALLSKY_SFC_SW_DWN,2014-12-27 17:00:00+07:00,2014-12-27 17:00:00+07:00,1,1,5.365853658536586,seasonal_hour_IQR,E01319
ALLSKY_SFC_SW_DWN,2021-12-27 17:00:00+07:00,2021-12-27 17:00:00+07:00,1,1,5.365853658536586,seasonal_hour_IQR,E01320
RH2M,2012-10-01 18:00:00+07:00,2012-10-02 02:00:00+07:00,9,1,5.365486904761902,seasonal_hour_IQR|seasonal_hour_MAD,E01321
WS2M,2012-10-27 22:00:00+07:00,2012-10-28 08:00:00+07:00,11,1,5.365340909090907,seasonal_hour_IQR|seasonal_hour_MAD,E01322
RH2M,2002-03-06 19:00:00+07:00,2002-03-06 23:00:00+07:00,5,1,5.364773148148119,seasonal_hour_IQR|seasonal_hour_MAD,E01323
T2M,2010-06-02 04:00:00+07:00,2010-06-02 07:00:00+07:00,4,1,5.359209090909116,seasonal_hour_IQR|seasonal_hour_MAD,E01324
WS2M,2012-03-09 02:00:00+07:00,2012-03-09 06:00:00+07:00,5,1,5.357457142857141,seasonal_hour_IQR|seasonal_hour_MAD,E01325
RH2M,2010-10-31 17:00:00+07:00,2010-10-31 23:00:00+07:00,7,1,5.356509367681504,seasonal_hour_IQR|seasonal_hour_MAD,E01326
WS2M,2009-06-03 04:00:00+07:00,2009-06-03 09:00:00+07:00,6,1,5.355121212121213,seasonal_hour_IQR|seasonal_hour_MAD,E01327
RH2M,2010-10-27 03:00:00+07:00,2010-10-27 08:00:00+07:00,6,1,5.352946808510652,seasonal_hour_IQR|seasonal_hour_MAD,E01328
RH2M,2016-02-28 18:00:00+07:00,2016-02-29 02:00:00+07:00,9,1,5.34833725910062,seasonal_hour_IQR|seasonal_hour_MAD,E01329
RH2M,2011-04-23 22:00:00+07:00,2011-04-24 07:00:00+07:00,10,1,5.3481748166259315,seasonal_hour_IQR|seasonal_hour_MAD,E01330
WS2M,2016-04-17 21:00:00+07:00,2016-04-17 23:00:00+07:00,3,1,5.34782142857143,seasonal_hour_IQR|seasonal_hour_MAD,E01331
RH2M,2006-05-21 18:00:00+07:00,2006-05-22 01:00:00+07:00,8,1,5.346299999999984,seasonal_hour_IQR|seasonal_hour_MAD,E01332
WS2M,2019-11-17 17:00:00+07:00,2019-11-17 21:00:00+07:00,5,1,5.346037037037038,seasonal_hour_IQR|seasonal_hour_MAD,E01333
WS2M,2013-01-08 21:00:00+07:00,2013-01-09 03:00:00+07:00,7,1,5.3460370370370365,seasonal_hour_IQR|seasonal_hour_MAD,E01334
WS2M,2016-03-11 02:00:00+07:00,2016-03-11 05:00:00+07:00,4,1,5.339791666666669,seasonal_hour_IQR|seasonal_hour_MAD,E01335
WS2M,2005-08-11 04:00:00+07:00,2005-08-11 06:00:00+07:00,3,1,5.339791666666667,seasonal_hour_IQR|seasonal_hour_MAD,E01336
WS2M,2020-01-11 15:00:00+07:00,2020-01-11 18:00:00+07:00,4,1,5.334681818181818,seasonal_hour_IQR|seasonal_hour_MAD,E01337
WS2M,2006-08-17 22:00:00+07:00,2006-08-18 05:00:00+07:00,8,1,5.3317619047619065,seasonal_hour_IQR|seasonal_hour_MAD,E01338
RH2M,2010-10-28 02:00:00+07:00,2010-10-28 08:00:00+07:00,7,1,5.327832446808522,seasonal_hour_IQR|seasonal_hour_MAD,E01339
RH2M,2009-01-13 17:00:00+07:00,2009-01-13 23:00:00+07:00,7,1,5.326672376873659,seasonal_hour_IQR|seasonal_hour_MAD,E01340
RH2M,2004-10-04 16:00:00+07:00,2004-10-05 05:00:00+07:00,14,1,5.325338095238092,seasonal_hour_IQR|seasonal_hour_MAD,E01341
WS2M,2009-12-11 17:00:00+07:00,2009-12-11 19:00:00+07:00,3,1,5.323732142857143,seasonal_hour_IQR|seasonal_hour_MAD,E01342
RH2M,2003-04-29 22:00:00+07:00,2003-04-30 06:00:00+07:00,9,1,5.316256157635465,seasonal_hour_IQR|seasonal_hour_MAD,E01343
WS2M,2001-08-03 04:00:00+07:00,2001-08-03 05:00:00+07:00,2,1,5.3116875,seasonal_hour_IQR|seasonal_hour_MAD,E01344
WS2M,2007-08-11 04:00:00+07:00,2007-08-11 06:00:00+07:00,3,1,5.3116875,seasonal_hour_IQR|seasonal_hour_MAD,E01345
RH2M,2022-04-03 23:00:00+07:00,2022-04-04 05:00:00+07:00,7,1,5.308595354523246,seasonal_hour_IQR|seasonal_hour_MAD,E01346
WS2M,2004-07-21 00:00:00+07:00,2004-07-21 05:00:00+07:00,6,1,5.308021739130435,seasonal_hour_IQR|seasonal_hour_MAD,E01347
T2M,2007-09-20 18:00:00+07:00,2007-09-21 07:00:00+07:00,14,1,5.3076726190476196,seasonal_hour_IQR|seasonal_hour_MAD,E01348
RH2M,2025-04-14 00:00:00+07:00,2025-04-14 05:00:00+07:00,6,1,5.304516091954009,seasonal_hour_IQR|seasonal_hour_MAD,E01349
RH2M,2004-05-20 00:00:00+07:00,2004-05-20 02:00:00+07:00,3,1,5.3014840764331455,seasonal_hour_IQR|seasonal_hour_MAD,E01350
WS2M,2016-12-20 17:00:00+07:00,2016-12-20 20:00:00+07:00,4,1,5.299642857142857,seasonal_hour_IQR|seasonal_hour_MAD,E01351
WS2M,2007-03-17 03:00:00+07:00,2007-03-17 06:00:00+07:00,4,1,5.299642857142856,seasonal_hour_IQR|seasonal_hour_MAD,E01352
WS2M,2009-09-27 22:00:00+07:00,2009-09-28 05:00:00+07:00,8,1,5.294825000000001,seasonal_hour_IQR|seasonal_hour_MAD,E01353
RH2M,2009-03-05 21:00:00+07:00,2009-03-06 07:00:00+07:00,11,1,5.293284263959353,seasonal_hour_IQR|seasonal_hour_MAD,E01354
ALLSKY_SFC_SW_DWN,2009-12-30 17:00:00+07:00,2009-12-30 17:00:00+07:00,1,1,5.2926829268292686,seasonal_hour_IQR,E01355
ALLSKY_SFC_SW_DWN,2012-12-25 17:00:00+07:00,2012-12-25 17:00:00+07:00,1,1,5.2926829268292686,seasonal_hour_IQR,E01356
RH2M,2017-05-16 22:00:00+07:00,2017-05-17 02:00:00+07:00,5,1,5.292230769230728,seasonal_hour_IQR|seasonal_hour_MAD,E01357
RH2M,2025-05-11 21:00:00+07:00,2025-05-12 02:00:00+07:00,6,1,5.289499999999986,seasonal_hour_IQR|seasonal_hour_MAD,E01358
WS2M,2018-12-03 18:00:00+07:00,2018-12-03 21:00:00+07:00,4,1,5.287209677419353,seasonal_hour_IQR|seasonal_hour_MAD,E01359
RH2M,2005-03-23 05:00:00+07:00,2005-03-23 07:00:00+07:00,3,1,5.286436548223314,seasonal_hour_IQR|seasonal_hour_MAD,E01360
RH2M,2016-08-01 18:00:00+07:00,2016-08-01 20:00:00+07:00,3,1,5.286197674418608,seasonal_hour_IQR|seasonal_hour_MAD,E01361
WS2M,2004-11-25 21:00:00+07:00,2004-11-26 05:00:00+07:00,9,1,5.283583333333334,seasonal_hour_IQR|seasonal_hour_MAD,E01362
RH2M,2004-10-08 17:00:00+07:00,2004-10-08 19:00:00+07:00,3,1,5.282762773722629,seasonal_hour_IQR|seasonal_hour_MAD,E01363
WS2M,2019-02-11 04:00:00+07:00,2019-02-11 06:00:00+07:00,3,1,5.274935897435898,seasonal_hour_IQR|seasonal_hour_MAD,E01364
T2M,2003-06-14 04:00:00+07:00,2003-06-14 11:00:00+07:00,8,1,5.27336363636366,seasonal_hour_IQR|seasonal_hour_MAD,E01365
WS2M,2012-12-22 20:00:00+07:00,2012-12-23 05:00:00+07:00,10,1,5.273363636363635,seasonal_hour_IQR|seasonal_hour_MAD,E01366
WS2M,2013-02-08 21:00:00+07:00,2013-02-09 05:00:00+07:00,9,1,5.273363636363635,seasonal_hour_IQR|seasonal_hour_MAD,E01367
WS2M,2016-01-23 10:00:00+07:00,2016-01-23 18:00:00+07:00,9,1,5.273363636363635,seasonal_hour_IQR|seasonal_hour_MAD,E01368
WS2M,2021-12-17 03:00:00+07:00,2021-12-17 05:00:00+07:00,3,1,5.273363636363635,seasonal_hour_IQR|seasonal_hour_MAD,E01369
WS2M,2003-10-09 16:00:00+07:00,2003-10-09 19:00:00+07:00,4,1,5.267523809523806,seasonal_hour_IQR|seasonal_hour_MAD,E01370
RH2M,2011-01-29 02:00:00+07:00,2011-01-29 07:00:00+07:00,6,1,5.267338150289028,seasonal_hour_IQR|seasonal_hour_MAD,E01371
WS2M,2008-12-22 20:00:00+07:00,2008-12-23 01:00:00+07:00,6,1,5.266288461538462,seasonal_hour_IQR|seasonal_hour_MAD,E01372
RH2M,2015-04-07 22:00:00+07:00,2015-04-08 06:00:00+07:00,9,1,5.266166666666641,seasonal_hour_IQR|seasonal_hour_MAD,E01373
WS2M,2008-05-19 00:00:00+07:00,2008-05-19 11:00:00+07:00,12,1,5.264847222222223,seasonal_hour_IQR|seasonal_hour_MAD,E01374
RH2M,2017-02-11 18:00:00+07:00,2017-02-11 23:00:00+07:00,6,1,5.261912650602407,seasonal_hour_IQR|seasonal_hour_MAD,E01375
RH2M,2012-02-19 01:00:00+07:00,2012-02-19 05:00:00+07:00,5,1,5.25788809523811,seasonal_hour_MAD,E01376
WS2M,2004-12-30 23:00:00+07:00,2004-12-31 06:00:00+07:00,8,1,5.256448275862067,seasonal_hour_IQR|seasonal_hour_MAD,E01377
RH2M,2002-10-11 17:00:00+07:00,2002-10-12 05:00:00+07:00,13,1,5.256126728110594,seasonal_hour_IQR|seasonal_hour_MAD,E01378
WS2M,2012-03-09 23:00:00+07:00,2012-03-10 05:00:00+07:00,7,1,5.246111111111112,seasonal_hour_IQR|seasonal_hour_MAD,E01379
RH2M,2020-03-08 18:00:00+07:00,2020-03-09 07:00:00+07:00,14,1,5.246111111111084,seasonal_hour_IQR|seasonal_hour_MAD,E01380
RH2M,2007-04-18 03:00:00+07:00,2007-04-18 07:00:00+07:00,5,1,5.245040476190472,seasonal_hour_IQR|seasonal_hour_MAD,E01381
RH2M,2024-10-05 17:00:00+07:00,2024-10-06 00:00:00+07:00,8,1,5.244278728606352,seasonal_hour_IQR|seasonal_hour_MAD,E01382
ALLSKY_SFC_SW_DWN,2008-12-27 17:00:00+07:00,2008-12-27 17:00:00+07:00,1,1,5.2439024390243905,seasonal_hour_IQR,E01383
WS2M,2005-07-20 04:00:00+07:00,2005-07-20 05:00:00+07:00,2,1,5.240346153846156,seasonal_hour_IQR|seasonal_hour_MAD,E01384
RH2M,2010-04-15 04:00:00+07:00,2010-04-15 06:00:00+07:00,3,1,5.23766666666664,seasonal_hour_IQR|seasonal_hour_MAD,E01385
RH2M,2018-02-04 23:00:00+07:00,2018-02-05 05:00:00+07:00,7,1,5.232791220556726,seasonal_hour_MAD,E01386
WS2M,2003-01-24 16:00:00+07:00,2003-01-24 18:00:00+07:00,3,1,5.232484848484847,seasonal_hour_IQR|seasonal_hour_MAD,E01387
WS2M,2012-01-20 17:00:00+07:00,2012-01-20 18:00:00+07:00,2,1,5.232484848484847,seasonal_hour_IQR|seasonal_hour_MAD,E01388
RH2M,2010-07-06 04:00:00+07:00,2010-07-06 14:00:00+07:00,11,1,5.228570921985773,seasonal_hour_IQR|seasonal_hour_MAD,E01389
WS2M,2020-10-05 23:00:00+07:00,2020-10-06 02:00:00+07:00,4,1,5.227375000000001,seasonal_hour_IQR|seasonal_hour_MAD,E01390
WS2M,2005-02-20 01:00:00+07:00,2005-02-20 03:00:00+07:00,3,1,5.225126666666666,seasonal_hour_IQR|seasonal_hour_MAD,E01391
RH2M,2007-04-17 22:00:00+07:00,2007-04-18 01:00:00+07:00,4,1,5.223853828306261,seasonal_hour_IQR|seasonal_hour_MAD,E01392
WS2M,2016-07-06 11:00:00+07:00,2016-07-06 19:00:00+07:00,9,1,5.222557142857141,seasonal_hour_IQR|seasonal_hour_MAD,E01393
WS2M,2007-01-17 22:00:00+07:00,2007-01-18 01:00:00+07:00,4,1,5.22112962962963,seasonal_hour_IQR|seasonal_hour_MAD,E01394
RH2M,2013-05-15 01:00:00+07:00,2013-05-15 05:00:00+07:00,5,1,5.2182601351351225,seasonal_hour_IQR|seasonal_hour_MAD,E01395
PS,2008-08-07 05:00:00+07:00,2008-08-08 09:00:00+07:00,29,1,5.21204545454549,seasonal_hour_IQR|seasonal_hour_MAD,E01396
WS2M,2004-01-18 14:00:00+07:00,2004-01-18 18:00:00+07:00,5,1,5.212045454545453,seasonal_hour_IQR|seasonal_hour_MAD,E01397
RH2M,2021-03-02 00:00:00+07:00,2021-03-02 06:00:00+07:00,7,1,5.209308035714301,seasonal_hour_IQR|seasonal_hour_MAD,E01398
RH2M,2006-04-16 22:00:00+07:00,2006-04-17 02:00:00+07:00,5,1,5.208204176334104,seasonal_hour_IQR|seasonal_hour_MAD,E01399
RH2M,2019-09-30 00:00:00+07:00,2019-09-30 06:00:00+07:00,7,1,5.207300595238118,seasonal_hour_IQR|seasonal_hour_MAD,E01400
T2M,2013-09-25 08:00:00+07:00,2013-09-27 11:00:00+07:00,52,1,5.204831550802136,seasonal_hour_IQR|seasonal_hour_MAD,E01401
RH2M,2020-02-19 01:00:00+07:00,2020-02-19 05:00:00+07:00,5,1,5.1965000000000146,seasonal_hour_MAD,E01402
WS2M,2009-01-23 20:00:00+07:00,2009-01-24 06:00:00+07:00,11,1,5.196148148148148,seasonal_hour_IQR|seasonal_hour_MAD,E01403
RH2M,2012-03-25 21:00:00+07:00,2012-03-26 05:00:00+07:00,9,1,5.194695736434113,seasonal_hour_IQR|seasonal_hour_MAD,E01404
RH2M,2022-05-02 20:00:00+07:00,2022-05-03 02:00:00+07:00,7,1,5.190099999999986,seasonal_hour_IQR|seasonal_hour_MAD,E01405
RH2M,2006-08-23 21:00:00+07:00,2006-08-24 00:00:00+07:00,4,1,5.184635944700454,seasonal_hour_IQR|seasonal_hour_MAD,E01406
WS2M,2005-11-15 22:00:00+07:00,2005-11-16 02:00:00+07:00,5,1,5.181386363636364,seasonal_hour_IQR|seasonal_hour_MAD,E01407
WS2M,2002-09-27 21:00:00+07:00,2002-09-27 23:00:00+07:00,3,1,5.181386363636363,seasonal_hour_IQR|seasonal_hour_MAD,E01408
WS2M,2004-11-26 16:00:00+07:00,2004-11-26 18:00:00+07:00,3,1,5.181386363636362,seasonal_hour_IQR|seasonal_hour_MAD,E01409
WS2M,2010-10-26 19:00:00+07:00,2010-10-27 04:00:00+07:00,10,1,5.178419354838711,seasonal_hour_IQR|seasonal_hour_MAD,E01410
RH2M,2025-02-03 01:00:00+07:00,2025-02-03 05:00:00+07:00,5,1,5.177590476190492,seasonal_hour_MAD,E01411
RH2M,2020-04-12 01:00:00+07:00,2020-04-12 06:00:00+07:00,6,1,5.1774999999999745,seasonal_hour_IQR|seasonal_hour_MAD,E01412
WS2M,2017-01-19 21:00:00+07:00,2017-01-20 03:00:00+07:00,7,1,5.171166666666665,seasonal_hour_IQR|seasonal_hour_MAD,E01413
WS2M,2020-01-25 17:00:00+07:00,2020-01-26 02:00:00+07:00,10,1,5.171166666666665,seasonal_hour_IQR|seasonal_hour_MAD,E01414
ALLSKY_SFC_SW_DWN,2002-12-26 17:00:00+07:00,2002-12-26 17:00:00+07:00,1,1,5.170731707317073,seasonal_hour_IQR,E01415
ALLSKY_SFC_SW_DWN,2014-12-25 17:00:00+07:00,2014-12-25 17:00:00+07:00,1,1,5.170731707317073,seasonal_hour_IQR,E01416
ALLSKY_SFC_SW_DWN,2025-12-28 17:00:00+07:00,2025-12-28 17:00:00+07:00,1,1,5.170731707317073,seasonal_hour_IQR,E01417
RH2M,2019-09-29 17:00:00+07:00,2019-09-29 22:00:00+07:00,6,1,5.168659231722432,seasonal_hour_IQR|seasonal_hour_MAD,E01418
RH2M,2024-03-01 00:00:00+07:00,2024-03-01 06:00:00+07:00,7,1,5.166601522842602,seasonal_hour_IQR|seasonal_hour_MAD,E01419
RH2M,2004-02-09 17:00:00+07:00,2004-02-10 01:00:00+07:00,9,1,5.162362951807228,seasonal_hour_IQR|seasonal_hour_MAD,E01420
RH2M,2025-02-09 07:00:00+07:00,2025-02-09 09:00:00+07:00,3,1,5.158414925373133,seasonal_hour_IQR|seasonal_hour_MAD,E01421
RH2M,2015-07-03 04:00:00+07:00,2015-07-03 07:00:00+07:00,4,1,5.156815602836841,seasonal_hour_IQR|seasonal_hour_MAD,E01422
RH2M,2009-01-14 17:00:00+07:00,2009-01-14 21:00:00+07:00,5,1,5.15624197002141,seasonal_hour_IQR|seasonal_hour_MAD,E01423
RH2M,2011-03-07 03:00:00+07:00,2011-03-07 06:00:00+07:00,4,1,5.155107142857156,seasonal_hour_IQR|seasonal_hour_MAD,E01424
RH2M,2012-02-08 03:00:00+07:00,2012-02-08 05:00:00+07:00,3,1,5.151895238095253,seasonal_hour_MAD,E01425
WS2M,2016-11-08 20:00:00+07:00,2016-11-09 02:00:00+07:00,7,1,5.150727272727274,seasonal_hour_IQR|seasonal_hour_MAD,E01426
WS2M,2002-09-18 01:00:00+07:00,2002-09-18 05:00:00+07:00,5,1,5.1507272727272735,seasonal_hour_IQR|seasonal_hour_MAD,E01427
WS2M,2006-06-10 04:00:00+07:00,2006-06-10 05:00:00+07:00,2,1,5.1507272727272735,seasonal_hour_IQR|seasonal_hour_MAD,E01428
WS2M,2007-12-11 17:00:00+07:00,2007-12-11 18:00:00+07:00,2,1,5.15072727272727,seasonal_hour_IQR|seasonal_hour_MAD,E01429
RH2M,2011-08-26 19:00:00+07:00,2011-08-27 00:00:00+07:00,6,1,5.150444700460823,seasonal_hour_IQR|seasonal_hour_MAD,E01430
RH2M,2020-03-10 05:00:00+07:00,2020-03-10 06:00:00+07:00,2,1,5.146058375634479,seasonal_hour_IQR|seasonal_hour_MAD,E01431
WS2M,2020-03-04 01:00:00+07:00,2020-03-04 07:00:00+07:00,7,1,5.145471428571427,seasonal_hour_IQR|seasonal_hour_MAD,E01432
ALLSKY_SFC_SW_DWN,2005-01-29 16:00:00+07:00,2005-01-29 17:00:00+07:00,2,1,5.144715686274511,seasonal_hour_IQR|seasonal_hour_MAD,E01433
RH2M,2001-05-01 01:00:00+07:00,2001-05-01 05:00:00+07:00,5,1,5.144186666666665,seasonal_hour_IQR|seasonal_hour_MAD,E01434
WS2M,2011-10-04 22:00:00+07:00,2011-10-05 05:00:00+07:00,8,1,5.1430625,seasonal_hour_IQR|seasonal_hour_MAD,E01435
RH2M,2008-02-28 20:00:00+07:00,2008-02-29 02:00:00+07:00,7,1,5.140354389721606,seasonal_hour_IQR|seasonal_hour_MAD,E01436
RH2M,2005-09-11 18:00:00+07:00,2005-09-11 23:00:00+07:00,6,1,5.140015060240977,seasonal_hour_IQR|seasonal_hour_MAD,E01437
WS2M,2010-02-15 01:00:00+07:00,2010-02-15 06:00:00+07:00,6,1,5.13986075949367,seasonal_hour_IQR|seasonal_hour_MAD,E01438
WS2M,2006-08-19 00:00:00+07:00,2006-08-19 05:00:00+07:00,6,1,5.13904761904762,seasonal_hour_IQR|seasonal_hour_MAD,E01439
WS2M,2008-09-24 20:00:00+07:00,2008-09-25 01:00:00+07:00,6,1,5.13904761904762,seasonal_hour_IQR|seasonal_hour_MAD,E01440
WS2M,2022-01-29 05:00:00+07:00,2022-01-29 07:00:00+07:00,3,1,5.136576923076925,seasonal_hour_IQR|seasonal_hour_MAD,E01441
RH2M,2024-02-16 01:00:00+07:00,2024-02-16 05:00:00+07:00,5,1,5.136333333333344,seasonal_hour_MAD,E01442
RH2M,2024-02-12 00:00:00+07:00,2024-02-12 05:00:00+07:00,6,1,5.134577087794413,seasonal_hour_MAD,E01443
WS2M,2022-04-01 23:00:00+07:00,2022-04-02 05:00:00+07:00,7,1,5.133694444444447,seasonal_hour_IQR|seasonal_hour_MAD,E01444
RH2M,2007-11-28 17:00:00+07:00,2007-11-28 21:00:00+07:00,5,1,5.133590064995352,seasonal_hour_IQR|seasonal_hour_MAD,E01445
WS2M,2016-12-25 17:00:00+07:00,2016-12-25 18:00:00+07:00,2,1,5.131017857142856,seasonal_hour_IQR|seasonal_hour_MAD,E01446
RH2M,2008-02-08 04:00:00+07:00,2008-02-08 09:00:00+07:00,6,1,5.126199999999999,seasonal_hour_IQR|seasonal_hour_MAD,E01447
WS2M,2020-03-25 22:00:00+07:00,2020-03-26 02:00:00+07:00,5,1,5.126199999999999,seasonal_hour_IQR|seasonal_hour_MAD,E01448
WS2M,2012-02-16 02:00:00+07:00,2012-02-16 06:00:00+07:00,5,1,5.122784810126582,seasonal_hour_IQR|seasonal_hour_MAD,E01449
RH2M,2013-03-04 22:00:00+07:00,2013-03-05 01:00:00+07:00,4,1,5.121984375000014,seasonal_hour_IQR|seasonal_hour_MAD,E01450
WS2M,2009-12-09 16:00:00+07:00,2009-12-09 18:00:00+07:00,3,1,5.12006818181818,seasonal_hour_IQR|seasonal_hour_MAD,E01451
WS2M,2024-02-09 01:00:00+07:00,2024-02-09 05:00:00+07:00,5,1,5.119282051282053,seasonal_hour_IQR|seasonal_hour_MAD,E01452
RH2M,2004-03-25 23:00:00+07:00,2004-03-26 06:00:00+07:00,8,1,5.118667512690317,seasonal_hour_IQR|seasonal_hour_MAD,E01453
WS2M,2006-04-15 01:00:00+07:00,2006-04-15 05:00:00+07:00,5,1,5.118264705882355,seasonal_hour_IQR|seasonal_hour_MAD,E01454
RH2M,2022-08-09 20:00:00+07:00,2022-08-09 22:00:00+07:00,3,1,5.115619607843144,seasonal_hour_IQR|seasonal_hour_MAD,E01455
RH2M,2009-03-14 04:00:00+07:00,2009-03-14 09:00:00+07:00,6,1,5.115150170648452,seasonal_hour_IQR|seasonal_hour_MAD,E01456
WS2M,2017-08-24 17:00:00+07:00,2017-08-25 01:00:00+07:00,9,1,5.1106346153846145,seasonal_hour_IQR|seasonal_hour_MAD,E01457
RH2M,2024-04-27 02:00:00+07:00,2024-04-27 06:00:00+07:00,5,1,5.110140476190471,seasonal_hour_IQR|seasonal_hour_MAD,E01458
RH2M,2004-07-03 22:00:00+07:00,2004-07-04 05:00:00+07:00,8,1,5.1089787234042126,seasonal_hour_IQR|seasonal_hour_MAD,E01459
RH2M,2018-03-08 01:00:00+07:00,2018-03-08 06:00:00+07:00,6,1,5.108395939086256,seasonal_hour_IQR|seasonal_hour_MAD,E01460
WS2M,2018-01-24 17:00:00+07:00,2018-01-24 22:00:00+07:00,6,1,5.104324324324324,seasonal_hour_IQR|seasonal_hour_MAD,E01461
WS2M,2005-02-14 03:00:00+07:00,2005-02-14 06:00:00+07:00,4,1,5.101987179487181,seasonal_hour_IQR|seasonal_hour_MAD,E01462
RH2M,2001-02-07 23:00:00+07:00,2001-02-08 05:00:00+07:00,7,1,5.099913276231242,seasonal_hour_MAD,E01463
RH2M,2015-07-11 18:00:00+07:00,2015-07-12 08:00:00+07:00,15,1,5.096533195020722,seasonal_hour_IQR|seasonal_hour_MAD,E01464
RH2M,2005-05-12 18:00:00+07:00,2005-05-13 03:00:00+07:00,10,1,5.0926745562129785,seasonal_hour_IQR|seasonal_hour_MAD,E01465
WS2M,2013-08-09 00:00:00+07:00,2013-08-09 04:00:00+07:00,5,1,5.092475000000001,seasonal_hour_IQR|seasonal_hour_MAD,E01466
WS2M,2015-09-18 00:00:00+07:00,2015-09-18 03:00:00+07:00,4,1,5.092475000000001,seasonal_hour_IQR|seasonal_hour_MAD,E01467
RH2M,2007-09-19 18:00:00+07:00,2007-09-19 23:00:00+07:00,6,1,5.0912560240963955,seasonal_hour_IQR|seasonal_hour_MAD,E01468
RH2M,2009-05-30 22:00:00+07:00,2009-05-31 04:00:00+07:00,7,1,5.090226666666664,seasonal_hour_IQR|seasonal_hour_MAD,E01469
WS2M,2007-02-25 03:00:00+07:00,2007-02-25 06:00:00+07:00,4,1,5.088632911392406,seasonal_hour_IQR|seasonal_hour_MAD,E01470
RH2M,2017-05-29 01:00:00+07:00,2017-05-29 05:00:00+07:00,5,1,5.0857299999999945,seasonal_hour_IQR|seasonal_hour_MAD,E01471
RH2M,2022-10-13 18:00:00+07:00,2022-10-13 22:00:00+07:00,5,1,5.078021428571426,seasonal_hour_IQR|seasonal_hour_MAD,E01472
RH2M,2015-07-03 17:00:00+07:00,2015-07-03 23:00:00+07:00,7,1,5.075272334293948,seasonal_hour_IQR|seasonal_hour_MAD,E01473
WS2M,2017-08-30 03:00:00+07:00,2017-08-30 05:00:00+07:00,3,1,5.074809523809525,seasonal_hour_IQR|seasonal_hour_MAD,E01474
WS2M,2010-10-10 17:00:00+07:00,2010-10-10 19:00:00+07:00,3,1,5.07480952380952,seasonal_hour_IQR|seasonal_hour_MAD,E01475
RH2M,2024-03-07 05:00:00+07:00,2024-03-07 07:00:00+07:00,3,1,5.070733502538033,seasonal_hour_IQR|seasonal_hour_MAD,E01476
WS2M,2007-01-20 23:00:00+07:00,2007-01-21 04:00:00+07:00,6,1,5.069629032258064,seasonal_hour_IQR|seasonal_hour_MAD,E01477
RH2M,2015-08-09 18:00:00+07:00,2015-08-10 07:00:00+07:00,14,1,5.069629032258057,seasonal_hour_IQR|seasonal_hour_MAD,E01478
WS2M,2019-01-30 15:00:00+07:00,2019-01-30 18:00:00+07:00,4,1,5.0689696969696945,seasonal_hour_IQR|seasonal_hour_MAD,E01479
RH2M,2002-04-05 21:00:00+07:00,2002-04-06 06:00:00+07:00,10,1,5.067820293398549,seasonal_hour_IQR|seasonal_hour_MAD,E01480
RH2M,2015-04-21 04:00:00+07:00,2015-04-21 06:00:00+07:00,3,1,5.065173809523804,seasonal_hour_IQR|seasonal_hour_MAD,E01481
WS2M,2008-01-15 20:00:00+07:00,2008-01-16 03:00:00+07:00,8,1,5.058750000000003,seasonal_hour_IQR|seasonal_hour_MAD,E01482
WS2M,2008-09-30 01:00:00+07:00,2008-09-30 05:00:00+07:00,5,1,5.058750000000002,seasonal_hour_IQR|seasonal_hour_MAD,E01483
WS2M,2014-05-05 00:00:00+07:00,2014-05-05 04:00:00+07:00,5,1,5.058750000000002,seasonal_hour_IQR|seasonal_hour_MAD,E01484
WS2M,2011-05-13 00:00:00+07:00,2011-05-13 04:00:00+07:00,5,1,5.058749999999999,seasonal_hour_IQR|seasonal_hour_MAD,E01485
WS2M,2021-01-17 04:00:00+07:00,2021-01-17 06:00:00+07:00,3,1,5.058749999999998,seasonal_hour_IQR|seasonal_hour_MAD,E01486
RH2M,2003-05-07 11:00:00+07:00,2003-05-08 01:00:00+07:00,15,1,5.050046774193556,seasonal_hour_IQR|seasonal_hour_MAD,E01487
WS2M,2001-01-23 17:00:00+07:00,2001-01-23 20:00:00+07:00,4,1,5.049635135135136,seasonal_hour_IQR|seasonal_hour_MAD,E01488
WS2M,2001-12-12 23:00:00+07:00,2001-12-13 06:00:00+07:00,8,1,5.048530303030302,seasonal_hour_IQR|seasonal_hour_MAD,E01489
WS2M,2012-10-21 17:00:00+07:00,2012-10-21 19:00:00+07:00,3,1,5.042690476190474,seasonal_hour_IQR|seasonal_hour_MAD,E01490
WS2M,2021-10-20 17:00:00+07:00,2021-10-20 19:00:00+07:00,3,1,5.042690476190474,seasonal_hour_IQR|seasonal_hour_MAD,E01491
RH2M,2005-04-21 20:00:00+07:00,2005-04-22 01:00:00+07:00,6,1,5.042317865429231,seasonal_hour_IQR|seasonal_hour_MAD,E01492
RH2M,2023-01-24 02:00:00+07:00,2023-01-24 07:00:00+07:00,6,1,5.041205202312148,seasonal_hour_IQR|seasonal_hour_MAD,E01493
WS2M,2021-11-30 01:00:00+07:00,2021-11-30 03:00:00+07:00,3,1,5.041,seasonal_hour_IQR|seasonal_hour_MAD,E01494
WS2M,2002-04-10 21:00:00+07:00,2002-04-11 05:00:00+07:00,9,1,5.0400138888888915,seasonal_hour_IQR|seasonal_hour_MAD,E01495
RH2M,2023-02-27 01:00:00+07:00,2023-02-27 05:00:00+07:00,5,1,5.022903470715818,seasonal_hour_MAD,E01496
T2M,2025-06-01 11:00:00+07:00,2025-06-02 00:00:00+07:00,14,1,5.021277777777797,seasonal_hour_IQR|seasonal_hour_MAD,E01497
RH2M,2008-07-22 23:00:00+07:00,2008-07-23 05:00:00+07:00,7,1,5.019534883720932,seasonal_hour_IQR|seasonal_hour_MAD,E01498
WS2M,2023-07-07 23:00:00+07:00,2023-07-08 05:00:00+07:00,7,1,5.01828,seasonal_hour_IQR|seasonal_hour_MAD,E01499
WS2M,2005-09-18 02:00:00+07:00,2005-09-18 06:00:00+07:00,5,1,5.012460784313725,seasonal_hour_IQR|seasonal_hour_MAD,E01500
WS2M,2022-10-17 03:00:00+07:00,2022-10-17 06:00:00+07:00,4,1,5.010571428571429,seasonal_hour_IQR|seasonal_hour_MAD,E01501
WS2M,2023-08-05 00:00:00+07:00,2023-08-05 05:00:00+07:00,6,1,5.010571428571429,seasonal_hour_IQR|seasonal_hour_MAD,E01502
WS2M,2018-03-19 23:00:00+07:00,2018-03-20 01:00:00+07:00,3,1,5.010571428571428,seasonal_hour_IQR|seasonal_hour_MAD,E01503
RH2M,2022-03-27 04:00:00+07:00,2022-03-27 06:00:00+07:00,3,1,5.009104060913671,seasonal_hour_IQR|seasonal_hour_MAD,E01504
WS2M,2015-01-28 17:00:00+07:00,2015-01-28 18:00:00+07:00,2,1,5.007651515151514,seasonal_hour_IQR|seasonal_hour_MAD,E01505
WS2M,2021-04-09 01:00:00+07:00,2021-04-09 04:00:00+07:00,4,1,5.005499999999998,seasonal_hour_IQR|seasonal_hour_MAD,E01506
WS2M,2001-10-17 01:00:00+07:00,2001-10-17 04:00:00+07:00,4,1,5.004354838709679,seasonal_hour_IQR|seasonal_hour_MAD,E01507
RH2M,2006-07-24 17:00:00+07:00,2006-07-25 10:00:00+07:00,18,1,5.003737588652441,seasonal_hour_IQR|seasonal_hour_MAD,E01508
ALLSKY_SFC_SW_DWN,2001-12-27 17:00:00+07:00,2001-12-27 17:00:00+07:00,1,1,5.0,seasonal_hour_IQR,E01509
ALLSKY_SFC_SW_DWN,2005-12-26 17:00:00+07:00,2005-12-26 17:00:00+07:00,1,1,5.0,seasonal_hour_IQR,E01510
ALLSKY_SFC_SW_DWN,2020-12-24 17:00:00+07:00,2020-12-24 17:00:00+07:00,1,1,5.0,seasonal_hour_IQR,E01511
WS2M,2021-11-06 17:00:00+07:00,2021-11-06 20:00:00+07:00,4,1,4.997431818181816,seasonal_hour_IQR|seasonal_hour_MAD,E01512
RH2M,2018-10-04 18:00:00+07:00,2018-10-05 00:00:00+07:00,7,1,4.994511904761903,seasonal_hour_IQR|seasonal_hour_MAD,E01513
RH2M,2005-05-11 20:00:00+07:00,2005-05-12 01:00:00+07:00,6,1,4.991299999999986,seasonal_hour_IQR|seasonal_hour_MAD,E01514
RH2M,2009-04-19 23:00:00+07:00,2009-04-19 23:00:00+07:00,1,1,4.989109048723895,seasonal_hour_IQR|seasonal_hour_MAD,E01515
RH2M,2025-03-19 20:00:00+07:00,2025-03-20 00:00:00+07:00,5,1,4.986928240740715,seasonal_hour_IQR|seasonal_hour_MAD,E01516
WS2M,2011-03-15 06:00:00+07:00,2011-03-15 15:00:00+07:00,10,1,4.986877049180329,seasonal_hour_IQR|seasonal_hour_MAD,E01517
RH2M,2009-09-29 01:00:00+07:00,2009-09-29 06:00:00+07:00,6,1,4.986482142857165,seasonal_hour_IQR|seasonal_hour_MAD,E01518
ALLSKY_SFC_SW_DWN,2010-02-27 06:00:00+07:00,2010-02-27 09:00:00+07:00,4,1,4.985046357615892,seasonal_hour_IQR|seasonal_hour_MAD,E01519
RH2M,2012-01-25 01:00:00+07:00,2012-01-25 07:00:00+07:00,7,1,4.984671965317929,seasonal_hour_IQR|seasonal_hour_MAD,E01520
WS2M,2010-04-07 02:00:00+07:00,2010-04-07 05:00:00+07:00,4,1,4.979397058823531,seasonal_hour_IQR|seasonal_hour_MAD,E01521
WS2M,2011-11-08 22:00:00+07:00,2011-11-09 03:00:00+07:00,6,1,4.974437500000001,seasonal_hour_IQR|seasonal_hour_MAD,E01522
WS2M,2008-11-23 17:00:00+07:00,2008-11-23 23:00:00+07:00,7,1,4.971314814814816,seasonal_hour_IQR|seasonal_hour_MAD,E01523
RH2M,2018-03-21 06:00:00+07:00,2018-03-21 07:00:00+07:00,2,1,4.968017766497426,seasonal_hour_IQR|seasonal_hour_MAD,E01524
WS2M,2015-12-01 17:00:00+07:00,2015-12-01 18:00:00+07:00,2,1,4.9667727272727245,seasonal_hour_IQR|seasonal_hour_MAD,E01525
T2M,2010-08-28 02:00:00+07:00,2010-08-28 12:00:00+07:00,11,1,4.966772727272722,seasonal_hour_IQR|seasonal_hour_MAD,E01526
RH2M,2024-05-27 22:00:00+07:00,2024-05-28 05:00:00+07:00,8,1,4.960967455621264,seasonal_hour_IQR|seasonal_hour_MAD,E01527
RH2M,2011-04-19 23:00:00+07:00,2011-04-20 05:00:00+07:00,7,1,4.9589999999999765,seasonal_hour_IQR|seasonal_hour_MAD,E01528
RH2M,2004-03-01 10:00:00+07:00,2004-03-01 21:00:00+07:00,12,1,4.958043402777786,seasonal_hour_IQR|seasonal_hour_MAD,E01529
ALLSKY_SFC_SW_DWN,2017-12-30 17:00:00+07:00,2017-12-30 17:00:00+07:00,1,1,4.951219512195122,seasonal_hour_IQR,E01530
ALLSKY_SFC_SW_DWN,2020-12-28 17:00:00+07:00,2020-12-28 17:00:00+07:00,1,1,4.951219512195122,seasonal_hour_IQR,E01531
WS2M,2008-10-31 17:00:00+07:00,2008-10-31 18:00:00+07:00,2,1,4.9463333333333335,seasonal_hour_IQR|seasonal_hour_MAD,E01532
WS2M,2020-08-16 21:00:00+07:00,2020-08-17 01:00:00+07:00,5,1,4.9463333333333335,seasonal_hour_IQR|seasonal_hour_MAD,E01533
WS2M,2012-10-15 17:00:00+07:00,2012-10-15 20:00:00+07:00,4,1,4.946333333333331,seasonal_hour_IQR|seasonal_hour_MAD,E01534
RH2M,2017-02-10 02:00:00+07:00,2017-02-10 05:00:00+07:00,4,1,4.943166666666677,seasonal_hour_MAD,E01535
T2M,2017-06-07 03:00:00+07:00,2017-06-07 08:00:00+07:00,6,1,4.942245454545477,seasonal_hour_IQR|seasonal_hour_MAD,E01536
RH2M,2016-06-02 22:00:00+07:00,2016-06-03 06:00:00+07:00,9,1,4.9419248366013,seasonal_hour_IQR|seasonal_hour_MAD,E01537
RH2M,2011-03-15 21:00:00+07:00,2011-03-16 06:00:00+07:00,10,1,4.940954545454538,seasonal_hour_IQR|seasonal_hour_MAD,E01538
WS2M,2014-02-07 21:00:00+07:00,2014-02-08 04:00:00+07:00,8,1,4.936557971014491,seasonal_hour_IQR|seasonal_hour_MAD,E01539
WS2M,2014-11-06 22:00:00+07:00,2014-11-07 01:00:00+07:00,4,1,4.936113636363637,seasonal_hour_IQR|seasonal_hour_MAD,E01540
WS2M,2018-09-08 01:00:00+07:00,2018-09-08 03:00:00+07:00,3,1,4.936113636363637,seasonal_hour_IQR|seasonal_hour_MAD,E01541
WS2M,2007-12-21 16:00:00+07:00,2007-12-21 18:00:00+07:00,3,1,4.936113636363634,seasonal_hour_IQR|seasonal_hour_MAD,E01542
RH2M,2005-04-20 22:00:00+07:00,2005-04-21 01:00:00+07:00,4,1,4.935900232018557,seasonal_hour_IQR|seasonal_hour_MAD,E01543
T2M,2019-09-23 23:00:00+07:00,2019-09-24 08:00:00+07:00,10,1,4.932516759776537,seasonal_hour_IQR|seasonal_hour_MAD,E01544
WS2M,2022-12-21 00:00:00+07:00,2022-12-21 02:00:00+07:00,3,1,4.930827586206896,seasonal_hour_IQR|seasonal_hour_MAD,E01545
RH2M,2025-01-27 16:00:00+07:00,2025-01-27 23:00:00+07:00,8,1,4.9294828693790125,seasonal_hour_IQR|seasonal_hour_MAD,E01546
WS2M,2015-07-04 23:00:00+07:00,2015-07-05 05:00:00+07:00,7,1,4.929038461538461,seasonal_hour_IQR|seasonal_hour_MAD,E01547
WS2M,2003-04-05 02:00:00+07:00,2003-04-05 05:00:00+07:00,4,1,4.927597222222223,seasonal_hour_IQR|seasonal_hour_MAD,E01548
WS2M,2004-12-30 03:00:00+07:00,2004-12-30 06:00:00+07:00,4,1,4.92589393939394,seasonal_hour_IQR|seasonal_hour_MAD,E01549
WS2M,2017-11-24 01:00:00+07:00,2017-11-24 05:00:00+07:00,5,1,4.922666666666667,seasonal_hour_IQR|seasonal_hour_MAD,E01550
WS2M,2015-01-24 17:00:00+07:00,2015-01-24 18:00:00+07:00,2,1,4.922027027027027,seasonal_hour_IQR|seasonal_hour_MAD,E01551
RH2M,2003-08-05 03:00:00+07:00,2003-08-05 07:00:00+07:00,5,1,4.921922857142855,seasonal_hour_IQR|seasonal_hour_MAD,E01552
WS2M,2009-01-06 23:00:00+07:00,2009-01-07 01:00:00+07:00,3,1,4.921351851851851,seasonal_hour_IQR|seasonal_hour_MAD,E01553
RH2M,2015-02-08 20:00:00+07:00,2015-02-09 03:00:00+07:00,8,1,4.917928265524607,seasonal_hour_IQR|seasonal_hour_MAD,E01554
WS2M,2007-04-03 23:00:00+07:00,2007-04-04 05:00:00+07:00,7,1,4.917873417721519,seasonal_hour_IQR|seasonal_hour_MAD,E01555
RH2M,2005-01-01 01:00:00+07:00,2005-01-01 23:00:00+07:00,23,1,4.916837871287138,seasonal_hour_IQR|seasonal_hour_MAD,E01556
RH2M,2006-01-21 01:00:00+07:00,2006-01-21 07:00:00+07:00,7,1,4.916442196531802,seasonal_hour_IQR|seasonal_hour_MAD,E01557
WS2M,2007-08-07 02:00:00+07:00,2007-08-07 05:00:00+07:00,4,1,4.914214285714287,seasonal_hour_IQR|seasonal_hour_MAD,E01558
WS2M,2003-06-11 23:00:00+07:00,2003-06-12 05:00:00+07:00,7,1,4.914214285714285,seasonal_hour_IQR|seasonal_hour_MAD,E01559
WS2M,2015-09-23 18:00:00+07:00,2015-09-23 20:00:00+07:00,3,1,4.9142142857142845,seasonal_hour_IQR|seasonal_hour_MAD,E01560
WS2M,2018-10-15 17:00:00+07:00,2018-10-16 02:00:00+07:00,10,1,4.914214285714284,seasonal_hour_IQR|seasonal_hour_MAD,E01561
RH2M,2009-06-05 00:00:00+07:00,2009-06-05 05:00:00+07:00,6,1,4.9123962264150824,seasonal_hour_IQR|seasonal_hour_MAD,E01562
RH2M,2007-04-23 17:00:00+07:00,2007-04-24 01:00:00+07:00,9,1,4.910860788863106,seasonal_hour_IQR|seasonal_hour_MAD,E01563
ALLSKY_SFC_SW_DWN,2010-02-26 06:00:00+07:00,2010-02-26 11:00:00+07:00,6,1,4.909109271523176,seasonal_hour_IQR|seasonal_hour_MAD,E01564
WS2M,2003-09-08 00:00:00+07:00,2003-09-08 03:00:00+07:00,4,1,4.905454545454546,seasonal_hour_IQR|seasonal_hour_MAD,E01565
WS2M,2007-10-04 17:00:00+07:00,2007-10-05 02:00:00+07:00,10,1,4.9054545454545435,seasonal_hour_IQR|seasonal_hour_MAD,E01566
WS2M,2016-11-08 17:00:00+07:00,2016-11-08 18:00:00+07:00,2,1,4.905454545454543,seasonal_hour_IQR|seasonal_hour_MAD,E01567
WS2M,2021-11-07 13:00:00+07:00,2021-11-07 17:00:00+07:00,5,1,4.905454545454543,seasonal_hour_IQR|seasonal_hour_MAD,E01568
PS,2011-06-23 01:00:00+07:00,2011-06-25 10:00:00+07:00,58,1,4.901366666666497,seasonal_hour_IQR|seasonal_hour_MAD,E01569
RH2M,2004-02-08 17:00:00+07:00,2004-02-09 00:00:00+07:00,8,1,4.898251506024096,seasonal_hour_IQR|seasonal_hour_MAD,E01570
WS2M,2021-11-20 17:00:00+07:00,2021-11-20 18:00:00+07:00,2,1,4.896370370370373,seasonal_hour_IQR|seasonal_hour_MAD,E01571
WS2M,2005-01-14 00:00:00+07:00,2005-01-14 02:00:00+07:00,3,1,4.895564516129031,seasonal_hour_IQR|seasonal_hour_MAD,E01572
T2M,2010-08-28 20:00:00+07:00,2010-08-29 09:00:00+07:00,14,1,4.893190909090901,seasonal_hour_IQR|seasonal_hour_MAD,E01573
RH2M,2023-01-28 17:00:00+07:00,2023-01-28 22:00:00+07:00,6,1,4.886172851562495,seasonal_hour_IQR|seasonal_hour_MAD,E01574
WS2M,2017-04-12 00:00:00+07:00,2017-04-12 03:00:00+07:00,4,1,4.883721518987343,seasonal_hour_IQR|seasonal_hour_MAD,E01575
ALLSKY_SFC_SW_DWN,2009-01-30 15:00:00+07:00,2009-01-30 17:00:00+07:00,3,1,4.880205882352943,seasonal_hour_IQR|seasonal_hour_MAD,E01576
RH2M,2008-05-13 01:00:00+07:00,2008-05-13 04:00:00+07:00,4,1,4.878883333333331,seasonal_hour_IQR|seasonal_hour_MAD,E01577
ALLSKY_SFC_SW_DWN,2015-12-29 17:00:00+07:00,2015-12-29 17:00:00+07:00,1,1,4.878048780487805,seasonal_hour_IQR,E01578
WS2M,2008-08-08 17:00:00+07:00,2008-08-08 19:00:00+07:00,3,1,4.8771538461538455,seasonal_hour_IQR|seasonal_hour_MAD,E01579
WS2M,2018-12-07 22:00:00+07:00,2018-12-08 06:00:00+07:00,9,1,4.8771538461538455,seasonal_hour_IQR|seasonal_hour_MAD,E01580
WS2M,2012-11-07 22:00:00+07:00,2012-11-08 01:00:00+07:00,4,1,4.874795454545455,seasonal_hour_IQR|seasonal_hour_MAD,E01581
WS2M,2021-11-17 21:00:00+07:00,2021-11-18 01:00:00+07:00,5,1,4.874795454545455,seasonal_hour_IQR|seasonal_hour_MAD,E01582
WS2M,2004-11-09 16:00:00+07:00,2004-11-09 18:00:00+07:00,3,1,4.874795454545453,seasonal_hour_IQR|seasonal_hour_MAD,E01583
WS2M,2011-11-08 13:00:00+07:00,2011-11-08 17:00:00+07:00,5,1,4.874795454545453,seasonal_hour_IQR|seasonal_hour_MAD,E01584
RH2M,2006-07-26 17:00:00+07:00,2006-07-27 07:00:00+07:00,15,1,4.87479545454544,seasonal_hour_IQR|seasonal_hour_MAD,E01585
RH2M,2014-05-14 00:00:00+07:00,2014-05-14 05:00:00+07:00,6,1,4.871895270270255,seasonal_hour_IQR|seasonal_hour_MAD,E01586
RH2M,2018-02-05 23:00:00+07:00,2018-02-06 02:00:00+07:00,4,1,4.871709850107048,seasonal_hour_MAD,E01587
WS2M,2012-11-09 17:00:00+07:00,2012-11-09 19:00:00+07:00,3,1,4.87138888888889,seasonal_hour_IQR|seasonal_hour_MAD,E01588
WS2M,2017-01-28 17:00:00+07:00,2017-01-28 21:00:00+07:00,5,1,4.867337837837837,seasonal_hour_IQR|seasonal_hour_MAD,E01589
RH2M,2017-04-22 01:00:00+07:00,2017-04-22 06:00:00+07:00,6,1,4.867254022988495,seasonal_hour_IQR|seasonal_hour_MAD,E01590
RH2M,2022-04-01 00:00:00+07:00,2022-04-01 05:00:00+07:00,6,1,4.866624694376544,seasonal_hour_IQR|seasonal_hour_MAD,E01591
RH2M,2006-01-05 04:00:00+07:00,2006-01-05 06:00:00+07:00,3,1,4.865757225433536,seasonal_hour_IQR|seasonal_hour_MAD,E01592
WS2M,2017-12-08 01:00:00+07:00,2017-12-08 06:00:00+07:00,6,1,4.864575757575756,seasonal_hour_IQR|seasonal_hour_MAD,E01593
RH2M,2024-03-19 04:00:00+07:00,2024-03-19 06:00:00+07:00,3,1,4.858454314720778,seasonal_hour_IQR|seasonal_hour_MAD,E01594
T2M,2004-06-06 23:00:00+07:00,2004-06-07 07:00:00+07:00,9,1,4.856400000000022,seasonal_hour_IQR|seasonal_hour_MAD,E01595
WS2M,2014-03-08 22:00:00+07:00,2014-03-09 05:00:00+07:00,8,1,4.852652777777777,seasonal_hour_IQR|seasonal_hour_MAD,E01596
RH2M,2006-09-22 18:00:00+07:00,2006-09-23 02:00:00+07:00,9,1,4.852225570032572,seasonal_hour_IQR|seasonal_hour_MAD,E01597
RH2M,2017-04-10 22:00:00+07:00,2017-04-11 03:00:00+07:00,6,1,4.85108374384236,seasonal_hour_IQR|seasonal_hour_MAD,E01598
WS2M,2021-02-09 01:00:00+07:00,2021-02-09 06:00:00+07:00,6,1,4.849569620253164,seasonal_hour_IQR|seasonal_hour_MAD,E01599
RH2M,2008-05-16 19:00:00+07:00,2008-05-17 02:00:00+07:00,8,1,4.8492159763313225,seasonal_hour_IQR|seasonal_hour_MAD,E01600
RH2M,2013-04-06 22:00:00+07:00,2013-04-07 01:00:00+07:00,4,1,4.848262180974474,seasonal_hour_IQR|seasonal_hour_MAD,E01601
RH2M,2025-03-22 01:00:00+07:00,2025-03-22 06:00:00+07:00,6,1,4.84778936170214,seasonal_hour_IQR|seasonal_hour_MAD,E01602
WS2M,2017-02-24 00:00:00+07:00,2017-02-24 05:00:00+07:00,6,1,4.847406666666666,seasonal_hour_IQR|seasonal_hour_MAD,E01603
RH2M,2004-06-19 03:00:00+07:00,2004-06-19 07:00:00+07:00,5,1,4.846466745843259,seasonal_hour_IQR|seasonal_hour_MAD,E01604
ALLSKY_SFC_SW_DWN,2023-01-29 15:00:00+07:00,2023-01-29 17:00:00+07:00,3,1,4.845819607843137,seasonal_hour_IQR|seasonal_hour_MAD,E01605
WS2M,2014-11-17 21:00:00+07:00,2014-11-18 03:00:00+07:00,7,1,4.844136363636364,seasonal_hour_IQR|seasonal_hour_MAD,E01606
WS2M,2001-12-14 00:00:00+07:00,2001-12-14 04:00:00+07:00,5,1,4.844136363636363,seasonal_hour_IQR|seasonal_hour_MAD,E01607
WS2M,2006-01-03 17:00:00+07:00,2006-01-03 18:00:00+07:00,2,1,4.844136363636363,seasonal_hour_IQR|seasonal_hour_MAD,E01608
WS2M,2018-02-22 03:00:00+07:00,2018-02-22 06:00:00+07:00,4,1,4.842564102564104,seasonal_hour_IQR|seasonal_hour_MAD,E01609
RH2M,2012-02-16 05:00:00+07:00,2012-02-16 06:00:00+07:00,2,1,4.840340476190492,seasonal_hour_MAD,E01610
RH2M,2023-07-17 18:00:00+07:00,2023-07-18 06:00:00+07:00,13,1,4.838286219081274,seasonal_hour_IQR|seasonal_hour_MAD,E01611
RH2M,2013-04-05 03:00:00+07:00,2013-04-05 05:00:00+07:00,3,1,4.835499999999977,seasonal_hour_IQR|seasonal_hour_MAD,E01612
WS2M,2010-10-15 23:00:00+07:00,2010-10-16 03:00:00+07:00,5,1,4.833916666666668,seasonal_hour_IQR|seasonal_hour_MAD,E01613
WS2M,2016-02-24 03:00:00+07:00,2016-02-24 06:00:00+07:00,4,1,4.832493670886076,seasonal_hour_IQR|seasonal_hour_MAD,E01614
WS2M,2005-01-12 22:00:00+07:00,2005-01-13 03:00:00+07:00,6,1,4.830290322580644,seasonal_hour_IQR|seasonal_hour_MAD,E01615
ALLSKY_SFC_SW_DWN,2019-12-31 17:00:00+07:00,2019-12-31 17:00:00+07:00,1,1,4.829268292682927,seasonal_hour_IQR,E01616
T2M,2010-06-02 21:00:00+07:00,2010-06-03 07:00:00+07:00,11,1,4.829193277310921,seasonal_hour_IQR|seasonal_hour_MAD,E01617
RH2M,2013-05-16 04:00:00+07:00,2013-05-16 05:00:00+07:00,2,1,4.828489655172402,seasonal_hour_IQR|seasonal_hour_MAD,E01618
RH2M,2008-01-17 02:00:00+07:00,2008-01-17 07:00:00+07:00,6,1,4.824819364161858,seasonal_hour_IQR|seasonal_hour_MAD,E01619
WS2M,2023-08-03 00:00:00+07:00,2023-08-03 04:00:00+07:00,5,1,4.822675,seasonal_hour_IQR|seasonal_hour_MAD,E01620
WS2M,2024-02-22 23:00:00+07:00,2024-02-23 01:00:00+07:00,3,1,4.822171641791047,seasonal_hour_IQR|seasonal_hour_MAD,E01621
WS2M,2024-11-27 22:00:00+07:00,2024-11-28 01:00:00+07:00,4,1,4.813477272727273,seasonal_hour_IQR|seasonal_hour_MAD,E01622
WS2M,2025-11-02 22:00:00+07:00,2025-11-03 01:00:00+07:00,4,1,4.813477272727273,seasonal_hour_IQR|seasonal_hour_MAD,E01623
WS2M,2011-10-25 21:00:00+07:00,2011-10-26 00:00:00+07:00,4,1,4.813477272727272,seasonal_hour_IQR|seasonal_hour_MAD,E01624
WS2M,2008-11-02 17:00:00+07:00,2008-11-02 18:00:00+07:00,2,1,4.813477272727271,seasonal_hour_IQR|seasonal_hour_MAD,E01625
RH2M,2003-03-08 21:00:00+07:00,2003-03-09 01:00:00+07:00,5,1,4.811863636363632,seasonal_hour_IQR|seasonal_hour_MAD,E01626
RH2M,2001-02-25 01:00:00+07:00,2001-02-25 05:00:00+07:00,5,1,4.811433333333348,seasonal_hour_MAD,E01627
WS2M,2004-07-22 03:00:00+07:00,2004-07-22 05:00:00+07:00,3,1,4.809478260869565,seasonal_hour_IQR|seasonal_hour_MAD,E01628
WS2M,2021-07-23 03:00:00+07:00,2021-07-23 05:00:00+07:00,3,1,4.809478260869565,seasonal_hour_IQR|seasonal_hour_MAD,E01629
WS2M,2007-10-14 22:00:00+07:00,2007-10-15 04:00:00+07:00,7,1,4.8058125,seasonal_hour_IQR|seasonal_hour_MAD,E01630
WS2M,2005-01-19 16:00:00+07:00,2005-01-19 17:00:00+07:00,2,1,4.803257575757574,seasonal_hour_IQR|seasonal_hour_MAD,E01631
WS2M,2004-07-23 00:00:00+07:00,2004-07-23 03:00:00+07:00,4,1,4.802440000000001,seasonal_hour_IQR|seasonal_hour_MAD,E01632
RH2M,2006-01-23 02:00:00+07:00,2006-01-23 07:00:00+07:00,6,1,4.801426300578045,seasonal_hour_IQR|seasonal_hour_MAD,E01633
RH2M,2013-06-14 18:00:00+07:00,2013-06-15 02:00:00+07:00,9,1,4.800852941176467,seasonal_hour_IQR|seasonal_hour_MAD,E01634
RH2M,2014-02-14 23:00:00+07:00,2014-02-15 02:00:00+07:00,4,1,4.799493576017112,seasonal_hour_MAD,E01635
WS2M,2005-12-11 21:00:00+07:00,2005-12-12 05:00:00+07:00,9,1,4.799326923076923,seasonal_hour_IQR|seasonal_hour_MAD,E01636
WS2M,2024-01-23 22:00:00+07:00,2024-01-24 00:00:00+07:00,3,1,4.796444444444444,seasonal_hour_IQR|seasonal_hour_MAD,E01637
RH2M,2017-02-11 04:00:00+07:00,2017-02-11 05:00:00+07:00,2,1,4.7953738095238245,seasonal_hour_MAD,E01638
RH2M,2017-04-12 03:00:00+07:00,2017-04-12 06:00:00+07:00,4,1,4.794333333333312,seasonal_hour_IQR|seasonal_hour_MAD,E01639
WS2M,2025-01-09 21:00:00+07:00,2025-01-10 03:00:00+07:00,7,1,4.793767857142859,seasonal_hour_IQR|seasonal_hour_MAD,E01640
RH2M,2008-03-04 07:00:00+07:00,2008-03-04 16:00:00+07:00,10,1,4.7907505133470325,seasonal_hour_IQR|seasonal_hour_MAD,E01641
WS2M,2020-08-16 00:00:00+07:00,2020-08-16 05:00:00+07:00,6,1,4.788950000000002,seasonal_hour_IQR|seasonal_hour_MAD,E01642
WS2M,2006-11-27 05:00:00+07:00,2006-11-27 06:00:00+07:00,2,1,4.786774193548386,seasonal_hour_IQR|seasonal_hour_MAD,E01643
RH2M,2008-04-25 22:00:00+07:00,2008-04-26 01:00:00+07:00,4,1,4.782533642691413,seasonal_hour_IQR|seasonal_hour_MAD,E01644
RH2M,2025-01-16 17:00:00+07:00,2025-01-17 02:00:00+07:00,10,1,4.780717344753745,seasonal_hour_IQR|seasonal_hour_MAD,E01645
T2M,2001-06-13 22:00:00+07:00,2001-06-14 06:00:00+07:00,9,1,4.779646551724136,seasonal_hour_IQR|seasonal_hour_MAD,E01646
WS2M,2015-08-20 03:00:00+07:00,2015-08-20 05:00:00+07:00,3,1,4.777708333333334,seasonal_hour_IQR|seasonal_hour_MAD,E01647
WS2M,2008-02-06 01:00:00+07:00,2008-02-06 03:00:00+07:00,3,1,4.77546,seasonal_hour_IQR|seasonal_hour_MAD,E01648
RH2M,2015-07-12 18:00:00+07:00,2015-07-13 08:00:00+07:00,15,1,4.772268817204301,seasonal_hour_IQR|seasonal_hour_MAD,E01649
WS2M,2010-01-11 22:00:00+07:00,2010-01-12 03:00:00+07:00,6,1,4.771462962962962,seasonal_hour_IQR|seasonal_hour_MAD,E01650
WS2M,2004-04-07 20:00:00+07:00,2004-04-08 04:00:00+07:00,9,1,4.769678571428572,seasonal_hour_IQR|seasonal_hour_MAD,E01651
RH2M,2007-10-20 17:00:00+07:00,2007-10-21 01:00:00+07:00,9,1,4.769325183374079,seasonal_hour_IQR|seasonal_hour_MAD,E01652
PS,2004-06-01 00:00:00+07:00,2004-06-02 19:00:00+07:00,44,1,4.7664666666664965,seasonal_hour_IQR|seasonal_hour_MAD,E01653
WS2M,2019-03-15 00:00:00+07:00,2019-03-15 03:00:00+07:00,4,1,4.758972222222223,seasonal_hour_IQR|seasonal_hour_MAD,E01654
WS2M,2010-10-26 03:00:00+07:00,2010-10-26 05:00:00+07:00,3,1,4.758972222222221,seasonal_hour_IQR|seasonal_hour_MAD,E01655
RH2M,2018-07-22 21:00:00+07:00,2018-07-23 01:00:00+07:00,5,1,4.757763440860218,seasonal_hour_IQR|seasonal_hour_MAD,E01656
ALLSKY_SFC_SW_DWN,2005-12-25 17:00:00+07:00,2005-12-25 17:00:00+07:00,1,1,4.7560975609756095,seasonal_hour_IQR,E01657
ALLSKY_SFC_SW_DWN,2012-12-26 17:00:00+07:00,2012-12-26 17:00:00+07:00,1,1,4.7560975609756095,seasonal_hour_IQR,E01658
ALLSKY_SFC_SW_DWN,2022-12-30 17:00:00+07:00,2022-12-30 17:00:00+07:00,1,1,4.7560975609756095,seasonal_hour_IQR,E01659
WS2M,2025-08-04 01:00:00+07:00,2025-08-04 04:00:00+07:00,4,1,4.753619047619049,seasonal_hour_IQR|seasonal_hour_MAD,E01660
WS2M,2018-09-07 18:00:00+07:00,2018-09-07 21:00:00+07:00,4,1,4.753619047619045,seasonal_hour_IQR|seasonal_hour_MAD,E01661
WS2M,2016-11-14 17:00:00+07:00,2016-11-14 18:00:00+07:00,2,1,4.752159090909089,seasonal_hour_IQR|seasonal_hour_MAD,E01662
RH2M,2023-02-15 05:00:00+07:00,2023-02-15 05:00:00+07:00,1,1,4.750407142857158,seasonal_hour_MAD,E01663
RH2M,2002-10-08 18:00:00+07:00,2002-10-09 00:00:00+07:00,7,1,4.745194379391107,seasonal_hour_IQR|seasonal_hour_MAD,E01664
WS2M,2023-01-15 01:00:00+07:00,2023-01-15 03:00:00+07:00,3,1,4.741939393939393,seasonal_hour_IQR|seasonal_hour_MAD,E01665
WS2M,2001-01-08 17:00:00+07:00,2001-01-08 18:00:00+07:00,2,1,4.73972972972973,seasonal_hour_IQR|seasonal_hour_MAD,E01666
RH2M,2022-10-11 20:00:00+07:00,2022-10-12 00:00:00+07:00,5,1,4.738974093264248,seasonal_hour_IQR|seasonal_hour_MAD,E01667
RH2M,2024-03-11 18:00:00+07:00,2024-03-12 03:00:00+07:00,10,1,4.735435950413223,seasonal_hour_IQR|seasonal_hour_MAD,E01668
ALLSKY_SFC_SW_DWN,2008-02-29 16:00:00+07:00,2008-02-29 17:00:00+07:00,2,1,4.733324314024389,seasonal_hour_IQR|seasonal_hour_MAD,E01669
RH2M,2021-02-10 18:00:00+07:00,2021-02-11 01:00:00+07:00,8,1,4.731658132530118,seasonal_hour_IQR|seasonal_hour_MAD,E01670
T2M,2009-06-03 22:00:00+07:00,2009-06-04 06:00:00+07:00,9,1,4.727168067226888,seasonal_hour_IQR|seasonal_hour_MAD,E01671
RH2M,2012-02-27 04:00:00+07:00,2012-02-27 05:00:00+07:00,2,1,4.72471190476192,seasonal_hour_MAD,E01672
RH2M,2012-03-25 01:00:00+07:00,2012-03-25 05:00:00+07:00,5,1,4.721500000000003,seasonal_hour_IQR|seasonal_hour_MAD,E01673
ALLSKY_SFC_SW_DWN,2005-01-30 17:00:00+07:00,2005-01-30 17:00:00+07:00,1,1,4.721500000000001,seasonal_hour_IQR|seasonal_hour_MAD,E01674
WS2M,2006-08-22 02:00:00+07:00,2006-08-22 04:00:00+07:00,3,1,4.721500000000001,seasonal_hour_IQR|seasonal_hour_MAD,E01675
WS2M,2013-09-25 04:00:00+07:00,2013-09-25 05:00:00+07:00,2,1,4.721500000000001,seasonal_hour_IQR|seasonal_hour_MAD,E01676
WS2M,2003-12-26 22:00:00+07:00,2003-12-27 00:00:00+07:00,3,1,4.7215,seasonal_hour_IQR|seasonal_hour_MAD,E01677
WS2M,2008-01-30 22:00:00+07:00,2008-01-31 06:00:00+07:00,9,1,4.7215,seasonal_hour_IQR|seasonal_hour_MAD,E01678
WS2M,2010-11-22 01:00:00+07:00,2010-11-22 04:00:00+07:00,4,1,4.7215,seasonal_hour_IQR|seasonal_hour_MAD,E01679
WS2M,2015-09-24 18:00:00+07:00,2015-09-24 23:00:00+07:00,6,1,4.721499999999999,seasonal_hour_IQR|seasonal_hour_MAD,E01680
WS2M,2023-03-25 22:00:00+07:00,2023-03-26 01:00:00+07:00,4,1,4.721499999999999,seasonal_hour_IQR|seasonal_hour_MAD,E01681
RH2M,2012-09-30 18:00:00+07:00,2012-09-30 23:00:00+07:00,6,1,4.716007328990225,seasonal_hour_IQR|seasonal_hour_MAD,E01682
RH2M,2023-04-07 03:00:00+07:00,2023-04-07 06:00:00+07:00,4,1,4.715166666666645,seasonal_hour_IQR|seasonal_hour_MAD,E01683
RH2M,2011-08-30 17:00:00+07:00,2011-08-30 19:00:00+07:00,3,1,4.713656976744191,seasonal_hour_IQR|seasonal_hour_MAD,E01684
WS2M,2013-04-26 04:00:00+07:00,2013-04-26 06:00:00+07:00,3,1,4.7111230769230765,seasonal_hour_IQR|seasonal_hour_MAD,E01685
WS2M,2007-05-12 06:00:00+07:00,2007-05-12 09:00:00+07:00,4,1,4.70801,seasonal_hour_IQR|seasonal_hour_MAD,E01686
RH2M,2007-01-08 02:00:00+07:00,2007-01-08 13:00:00+07:00,12,1,4.7048044554455535,seasonal_hour_IQR|seasonal_hour_MAD,E01687
WS2M,2020-01-19 04:00:00+07:00,2020-01-19 06:00:00+07:00,3,1,4.702763888888887,seasonal_hour_IQR|seasonal_hour_MAD,E01688
WS2M,2015-01-06 22:00:00+07:00,2015-01-07 06:00:00+07:00,9,1,4.702228571428569,seasonal_hour_IQR|seasonal_hour_MAD,E01689
WS2M,2020-12-03 02:00:00+07:00,2020-12-03 04:00:00+07:00,3,1,4.701060606060604,seasonal_hour_IQR|seasonal_hour_MAD,E01690
RH2M,2004-10-03 03:00:00+07:00,2004-10-03 14:00:00+07:00,12,1,4.699973404255329,seasonal_hour_IQR|seasonal_hour_MAD,E01691
RH2M,2008-01-03 17:00:00+07:00,2008-01-03 21:00:00+07:00,5,1,4.699835117773016,seasonal_hour_IQR|seasonal_hour_MAD,E01692
RH2M,2004-06-11 00:00:00+07:00,2004-06-11 01:00:00+07:00,2,1,4.698635593220359,seasonal_hour_IQR|seasonal_hour_MAD,E01693
RH2M,2004-10-05 19:00:00+07:00,2004-10-06 01:00:00+07:00,7,1,4.696762836185815,seasonal_hour_IQR|seasonal_hour_MAD,E01694
RH2M,2006-07-08 04:00:00+07:00,2006-07-08 06:00:00+07:00,3,1,4.692797872340391,seasonal_hour_IQR|seasonal_hour_MAD,E01695
RH2M,2006-02-04 04:00:00+07:00,2006-02-04 05:00:00+07:00,2,1,4.69259285714287,seasonal_hour_MAD,E01696
RH2M,2025-03-19 06:00:00+07:00,2025-03-19 10:00:00+07:00,5,1,4.691573378839578,seasonal_hour_IQR|seasonal_hour_MAD,E01697
RH2M,2018-06-08 17:00:00+07:00,2018-06-08 19:00:00+07:00,3,1,4.69143313521545,seasonal_hour_IQR|seasonal_hour_MAD,E01698
WS2M,2015-11-25 20:00:00+07:00,2015-11-26 00:00:00+07:00,5,1,4.690840909090911,seasonal_hour_IQR|seasonal_hour_MAD,E01699
WS2M,2010-12-11 17:00:00+07:00,2010-12-11 18:00:00+07:00,2,1,4.690840909090907,seasonal_hour_IQR|seasonal_hour_MAD,E01700
WS2M,2008-09-26 23:00:00+07:00,2008-09-27 02:00:00+07:00,4,1,4.687775000000001,seasonal_hour_IQR|seasonal_hour_MAD,E01701
WS2M,2010-09-14 17:00:00+07:00,2010-09-14 18:00:00+07:00,2,1,4.686000000000001,seasonal_hour_IQR|seasonal_hour_MAD,E01702
ALLSKY_SFC_SW_DWN,2008-12-28 17:00:00+07:00,2008-12-28 17:00:00+07:00,1,1,4.682926829268292,seasonal_hour_IQR,E01703
RH2M,2024-02-08 04:00:00+07:00,2024-02-08 05:00:00+07:00,2,1,4.676533333333347,seasonal_hour_MAD,E01704
WS2M,2017-10-10 00:00:00+07:00,2017-10-10 06:00:00+07:00,7,1,4.6733214285714295,seasonal_hour_IQR|seasonal_hour_MAD,E01705
RH2M,2018-08-10 18:00:00+07:00,2018-08-10 21:00:00+07:00,4,1,4.673321428571406,seasonal_hour_IQR|seasonal_hour_MAD,E01706
RH2M,2001-09-28 20:00:00+07:00,2001-09-28 23:00:00+07:00,4,1,4.669868892508142,seasonal_hour_IQR|seasonal_hour_MAD,E01707
WS2M,2012-02-27 01:00:00+07:00,2012-02-27 05:00:00+07:00,5,1,4.669615384615386,seasonal_hour_IQR|seasonal_hour_MAD,E01708
ALLSKY_SFC_SW_DWN,2014-01-31 16:00:00+07:00,2014-01-31 17:00:00+07:00,2,1,4.668598039215686,seasonal_hour_IQR|seasonal_hour_MAD,E01709
RH2M,2017-05-26 00:00:00+07:00,2017-05-26 07:00:00+07:00,8,1,4.667539999999998,seasonal_hour_IQR|seasonal_hour_MAD,E01710
RH2M,2012-06-26 01:00:00+07:00,2012-06-26 06:00:00+07:00,6,1,4.6673595317725605,seasonal_hour_IQR|seasonal_hour_MAD,E01711
WS2M,2017-10-10 17:00:00+07:00,2017-10-10 19:00:00+07:00,3,1,4.665291666666667,seasonal_hour_IQR|seasonal_hour_MAD,E01712
RH2M,2011-01-07 01:00:00+07:00,2011-01-07 07:00:00+07:00,7,1,4.66496676300579,seasonal_hour_IQR|seasonal_hour_MAD,E01713
RH2M,2019-09-22 20:00:00+07:00,2019-09-23 00:00:00+07:00,5,1,4.664173598553334,seasonal_hour_IQR|seasonal_hour_MAD,E01714
RH2M,2002-03-05 22:00:00+07:00,2002-03-06 08:00:00+07:00,11,1,4.663948805460738,seasonal_hour_IQR|seasonal_hour_MAD,E01715
T2M,2013-06-14 21:00:00+07:00,2013-06-15 06:00:00+07:00,10,1,4.663353448275859,seasonal_hour_IQR|seasonal_hour_MAD,E01716
WS2M,2023-12-01 03:00:00+07:00,2023-12-01 05:00:00+07:00,3,1,4.660181818181818,seasonal_hour_IQR|seasonal_hour_MAD,E01717
RH2M,2025-01-28 16:00:00+07:00,2025-01-29 04:00:00+07:00,13,1,4.659394004282653,seasonal_hour_IQR|seasonal_hour_MAD,E01718
RH2M,2005-02-21 04:00:00+07:00,2005-02-21 07:00:00+07:00,4,1,4.65908358208955,seasonal_hour_IQR|seasonal_hour_MAD,E01719
T2M,2012-09-15 13:00:00+07:00,2012-09-16 07:00:00+07:00,19,1,4.657261904761906,seasonal_hour_IQR|seasonal_hour_MAD,E01720
WS2M,2008-08-11 02:00:00+07:00,2008-08-11 06:00:00+07:00,5,1,4.657261904761906,seasonal_hour_IQR|seasonal_hour_MAD,E01721
RH2M,2016-02-09 00:00:00+07:00,2016-02-09 04:00:00+07:00,5,1,4.655061027837242,seasonal_hour_MAD,E01722
WS2M,2001-09-04 02:00:00+07:00,2001-09-04 06:00:00+07:00,5,1,4.654050000000002,seasonal_hour_IQR|seasonal_hour_MAD,E01723
RH2M,2005-05-19 21:00:00+07:00,2005-05-20 02:00:00+07:00,6,1,4.654049999999986,seasonal_hour_IQR|seasonal_hour_MAD,E01724
RH2M,2010-06-04 16:00:00+07:00,2010-06-05 01:00:00+07:00,10,1,4.65348319327732,seasonal_hour_IQR|seasonal_hour_MAD,E01725
T2M,2010-10-30 16:00:00+07:00,2010-10-31 07:00:00+07:00,16,1,4.6520060606060545,seasonal_hour_IQR|seasonal_hour_MAD,E01726
RH2M,2014-09-22 22:00:00+07:00,2014-09-23 01:00:00+07:00,4,1,4.651976491862556,seasonal_hour_IQR|seasonal_hour_MAD,E01727
RH2M,2006-03-28 20:00:00+07:00,2006-03-28 22:00:00+07:00,3,1,4.649678240740713,seasonal_hour_IQR|seasonal_hour_MAD,E01728
WS2M,2018-12-02 17:00:00+07:00,2018-12-02 20:00:00+07:00,4,1,4.649232142857143,seasonal_hour_IQR|seasonal_hour_MAD,E01729
RH2M,2004-08-04 18:00:00+07:00,2004-08-04 21:00:00+07:00,4,1,4.646090062111781,seasonal_hour_IQR|seasonal_hour_MAD,E01730
RH2M,2001-02-17 01:00:00+07:00,2001-02-17 05:00:00+07:00,5,1,4.64550000000001,seasonal_hour_MAD,E01731
RH2M,2023-01-07 17:00:00+07:00,2023-01-07 23:00:00+07:00,7,1,4.644950749464665,seasonal_hour_IQR|seasonal_hour_MAD,E01732
RH2M,2007-10-30 03:00:00+07:00,2007-10-30 07:00:00+07:00,5,1,4.642569148936181,seasonal_hour_IQR|seasonal_hour_MAD,E01733
RH2M,2013-06-13 23:00:00+07:00,2013-06-14 03:00:00+07:00,5,1,4.642545150501683,seasonal_hour_IQR|seasonal_hour_MAD,E01734
RH2M,2010-06-03 05:00:00+07:00,2010-06-03 08:00:00+07:00,4,1,4.641393111638982,seasonal_hour_IQR|seasonal_hour_MAD,E01735
WS2M,2022-01-27 17:00:00+07:00,2022-01-27 18:00:00+07:00,2,1,4.639742424242423,seasonal_hour_IQR|seasonal_hour_MAD,E01736
RH2M,2022-04-03 01:00:00+07:00,2022-04-03 05:00:00+07:00,5,1,4.639130184331807,seasonal_hour_IQR|seasonal_hour_MAD,E01737
RH2M,2007-01-08 15:00:00+07:00,2007-01-08 21:00:00+07:00,7,1,4.637729122055672,seasonal_hour_IQR|seasonal_hour_MAD,E01738
ALLSKY_SFC_SW_DWN,2023-02-27 06:00:00+07:00,2023-02-27 09:00:00+07:00,4,1,4.636629139072846,seasonal_hour_IQR|seasonal_hour_MAD,E01739
ALLSKY_SFC_SW_DWN,2012-12-27 17:00:00+07:00,2012-12-27 17:00:00+07:00,1,1,4.634146341463414,seasonal_hour_IQR,E01740
T2M,2012-09-13 18:00:00+07:00,2012-09-15 07:00:00+07:00,38,1,4.6331726190476195,seasonal_hour_IQR|seasonal_hour_MAD,E01741
PS,2015-06-24 05:00:00+07:00,2015-06-24 22:00:00+07:00,18,1,4.631566666666716,seasonal_hour_IQR|seasonal_hour_MAD,E01742
WS2M,2006-10-31 23:00:00+07:00,2006-11-01 00:00:00+07:00,2,1,4.629522727272726,seasonal_hour_IQR|seasonal_hour_MAD,E01743
WS2M,2002-01-20 04:00:00+07:00,2002-01-20 06:00:00+07:00,3,1,4.627819444444443,seasonal_hour_IQR|seasonal_hour_MAD,E01744
WS2M,2006-05-13 06:00:00+07:00,2006-05-13 16:00:00+07:00,11,1,4.62707,seasonal_hour_IQR|seasonal_hour_MAD,E01745
WS2M,2001-05-26 00:00:00+07:00,2001-05-26 05:00:00+07:00,6,1,4.625142857142858,seasonal_hour_IQR|seasonal_hour_MAD,E01746
WS2M,2025-10-20 00:00:00+07:00,2025-10-20 03:00:00+07:00,4,1,4.625142857142858,seasonal_hour_IQR|seasonal_hour_MAD,E01747
RH2M,2020-02-17 07:00:00+07:00,2020-02-17 10:00:00+07:00,4,1,4.624855223880595,seasonal_hour_IQR|seasonal_hour_MAD,E01748
RH2M,2011-02-12 01:00:00+07:00,2011-02-12 05:00:00+07:00,5,1,4.620166666666678,seasonal_hour_MAD,E01749
WS2M,2014-12-12 02:00:00+07:00,2014-12-12 05:00:00+07:00,4,1,4.619303030303029,seasonal_hour_IQR|seasonal_hour_MAD,E01750
WS2M,2019-01-01 01:00:00+07:00,2019-01-01 03:00:00+07:00,3,1,4.619303030303029,seasonal_hour_IQR|seasonal_hour_MAD,E01751
RH2M,2006-03-24 02:00:00+07:00,2006-03-24 06:00:00+07:00,5,1,4.618784263959358,seasonal_hour_IQR|seasonal_hour_MAD,E01752
T2M,2004-06-01 20:00:00+07:00,2004-06-02 07:00:00+07:00,12,1,4.61683620689655,seasonal_hour_IQR|seasonal_hour_MAD,E01753
WS2M,2005-11-29 02:00:00+07:00,2005-11-29 05:00:00+07:00,4,1,4.616109375,seasonal_hour_IQR|seasonal_hour_MAD,E01754
T2M,2017-06-03 06:00:00+07:00,2017-06-04 00:00:00+07:00,19,1,4.611245192307687,seasonal_hour_IQR|seasonal_hour_MAD,E01755
RH2M,2005-10-08 03:00:00+07:00,2005-10-08 06:00:00+07:00,4,1,4.610279255319158,seasonal_hour_IQR|seasonal_hour_MAD,E01756
WS2M,2022-03-27 00:00:00+07:00,2022-03-27 05:00:00+07:00,6,1,4.609083333333333,seasonal_hour_IQR|seasonal_hour_MAD,E01757
ALLSKY_SFC_SW_DWN,2015-03-31 06:00:00+07:00,2015-03-31 06:00:00+07:00,1,1,4.607714782608696,seasonal_hour_IQR|seasonal_hour_MAD,E01758
WS2M,2004-05-01 22:00:00+07:00,2004-05-02 07:00:00+07:00,10,1,4.605871428571429,seasonal_hour_IQR|seasonal_hour_MAD,E01759
WS2M,2014-03-14 02:00:00+07:00,2014-03-14 05:00:00+07:00,4,1,4.605871428571427,seasonal_hour_IQR|seasonal_hour_MAD,E01760
RH2M,2025-03-29 22:00:00+07:00,2025-03-30 06:00:00+07:00,9,1,4.605088832487276,seasonal_hour_IQR|seasonal_hour_MAD,E01761
WS2M,2002-01-25 21:00:00+07:00,2002-01-26 00:00:00+07:00,4,1,4.601053571428572,seasonal_hour_IQR|seasonal_hour_MAD,E01762
WS2M,2002-12-18 17:00:00+07:00,2002-12-18 20:00:00+07:00,4,1,4.6010535714285705,seasonal_hour_IQR|seasonal_hour_MAD,E01763
WS2M,2010-05-10 05:00:00+07:00,2010-05-10 09:00:00+07:00,5,1,4.60009,seasonal_hour_IQR|seasonal_hour_MAD,E01764
T2M,2022-05-01 15:00:00+07:00,2022-05-03 07:00:00+07:00,41,1,4.5998688524590206,seasonal_hour_IQR|seasonal_hour_MAD,E01765
RH2M,2012-06-25 00:00:00+07:00,2012-06-25 02:00:00+07:00,3,1,4.5980322033898515,seasonal_hour_IQR|seasonal_hour_MAD,E01766
WS2M,2016-11-23 06:00:00+07:00,2016-11-23 08:00:00+07:00,3,1,4.595031250000002,seasonal_hour_IQR|seasonal_hour_MAD,E01767
RH2M,2004-03-01 05:00:00+07:00,2004-03-01 08:00:00+07:00,4,1,4.594887372013639,seasonal_hour_IQR|seasonal_hour_MAD,E01768
T2M,2013-06-10 07:00:00+07:00,2013-06-10 13:00:00+07:00,7,1,4.594535294117638,seasonal_hour_IQR|seasonal_hour_MAD,E01769
RH2M,2004-06-24 23:00:00+07:00,2004-06-25 01:00:00+07:00,3,1,4.593653594771239,seasonal_hour_IQR|seasonal_hour_MAD,E01770
WS2M,2016-08-28 03:00:00+07:00,2016-08-28 05:00:00+07:00,3,1,4.593023809523811,seasonal_hour_IQR|seasonal_hour_MAD,E01771
WS2M,2019-08-14 01:00:00+07:00,2019-08-14 05:00:00+07:00,5,1,4.593023809523811,seasonal_hour_IQR|seasonal_hour_MAD,E01772
WS2M,2003-12-18 21:00:00+07:00,2003-12-19 03:00:00+07:00,7,1,4.591788461538461,seasonal_hour_IQR|seasonal_hour_MAD,E01773
ALLSKY_SFC_SW_DWN,2016-02-29 13:00:00+07:00,2016-02-29 16:00:00+07:00,4,1,4.58966590909091,seasonal_hour_IQR|seasonal_hour_MAD,E01774
T2M,2019-06-01 09:00:00+07:00,2019-06-02 08:00:00+07:00,24,1,4.586600000000022,seasonal_hour_IQR|seasonal_hour_MAD,E01775
RH2M,2008-04-28 00:00:00+07:00,2008-04-28 06:00:00+07:00,7,1,4.585333333333309,seasonal_hour_IQR|seasonal_hour_MAD,E01776
RH2M,2008-01-01 17:00:00+07:00,2008-01-01 22:00:00+07:00,6,1,4.581400428265522,seasonal_hour_IQR|seasonal_hour_MAD,E01777
RH2M,2024-01-23 03:00:00+07:00,2024-01-23 07:00:00+07:00,5,1,4.579192196531802,seasonal_hour_IQR|seasonal_hour_MAD,E01778
WS2M,2019-01-15 17:00:00+07:00,2019-01-15 18:00:00+07:00,2,1,4.5784242424242425,seasonal_hour_IQR|seasonal_hour_MAD,E01779
WS2M,2008-12-30 20:00:00+07:00,2008-12-30 23:00:00+07:00,4,1,4.576964285714284,seasonal_hour_IQR|seasonal_hour_MAD,E01780
RH2M,2014-02-14 07:00:00+07:00,2014-02-14 07:00:00+07:00,1,1,4.574519402985072,seasonal_hour_IQR|seasonal_hour_MAD,E01781
RH2M,2009-11-18 05:00:00+07:00,2009-11-18 09:00:00+07:00,5,1,4.573019463087249,seasonal_hour_IQR|seasonal_hour_MAD,E01782
RH2M,2010-02-15 04:00:00+07:00,2010-02-15 05:00:00+07:00,2,1,4.567328571428583,seasonal_hour_MAD,E01783
RH2M,2018-02-09 02:00:00+07:00,2018-02-09 05:00:00+07:00,4,1,4.567328571428583,seasonal_hour_MAD,E01784
RH2M,2011-08-28 18:00:00+07:00,2011-08-28 22:00:00+07:00,5,1,4.5664906832297945,seasonal_hour_IQR|seasonal_hour_MAD,E01785
WS2M,2003-07-25 22:00:00+07:00,2003-07-26 05:00:00+07:00,8,1,4.565846153846154,seasonal_hour_IQR|seasonal_hour_MAD,E01786
WS2M,2021-12-17 21:00:00+07:00,2021-12-18 00:00:00+07:00,4,1,4.565846153846152,seasonal_hour_IQR|seasonal_hour_MAD,E01787
WS2M,2016-01-09 22:00:00+07:00,2016-01-10 01:00:00+07:00,4,1,4.564116666666667,seasonal_hour_IQR|seasonal_hour_MAD,E01788
RH2M,2005-03-06 16:00:00+07:00,2005-03-06 20:00:00+07:00,5,1,4.563363636363629,seasonal_hour_IQR|seasonal_hour_MAD,E01789
RH2M,2025-03-20 07:00:00+07:00,2025-03-20 12:00:00+07:00,6,1,4.562223819301858,seasonal_hour_IQR|seasonal_hour_MAD,E01790
WS2M,2024-09-30 18:00:00+07:00,2024-09-30 23:00:00+07:00,6,1,4.560904761904762,seasonal_hour_IQR|seasonal_hour_MAD,E01791
RH2M,2022-10-15 18:00:00+07:00,2022-10-15 21:00:00+07:00,4,1,4.56090476190476,seasonal_hour_IQR|seasonal_hour_MAD,E01792
WS2M,2015-10-10 17:00:00+07:00,2015-10-10 19:00:00+07:00,3,1,4.56090476190476,seasonal_hour_IQR|seasonal_hour_MAD,E01793
ALLSKY_SFC_SW_DWN,2023-02-28 06:00:00+07:00,2023-02-28 09:00:00+07:00,4,1,4.560692052980131,seasonal_hour_IQR|seasonal_hour_MAD,E01794
WS2M,2014-02-10 21:00:00+07:00,2014-02-11 04:00:00+07:00,8,1,4.56042537313433,seasonal_hour_IQR|seasonal_hour_MAD,E01795
RH2M,2024-04-02 03:00:00+07:00,2024-04-02 06:00:00+07:00,4,1,4.5599999999999765,seasonal_hour_IQR|seasonal_hour_MAD,E01796
RH2M,2009-02-14 00:00:00+07:00,2009-02-14 02:00:00+07:00,3,1,4.559735546038528,seasonal_hour_MAD,E01797
RH2M,2016-11-24 01:00:00+07:00,2016-11-24 07:00:00+07:00,7,1,4.55962,seasonal_hour_IQR|seasonal_hour_MAD,E01798
WS2M,2012-12-05 05:00:00+07:00,2012-12-05 06:00:00+07:00,2,1,4.557984848484849,seasonal_hour_IQR|seasonal_hour_MAD,E01799
RH2M,2019-06-30 21:00:00+07:00,2019-07-01 00:00:00+07:00,4,1,4.5552908309455695,seasonal_hour_IQR|seasonal_hour_MAD,E01800
T2M,2015-07-02 09:00:00+07:00,2015-07-03 07:00:00+07:00,23,1,4.552875000000004,seasonal_hour_IQR|seasonal_hour_MAD,E01801
WS2M,2003-09-03 00:00:00+07:00,2003-09-03 02:00:00+07:00,3,1,4.552875000000001,seasonal_hour_IQR|seasonal_hour_MAD,E01802
WS2M,2025-08-30 00:00:00+07:00,2025-08-30 05:00:00+07:00,6,1,4.552875,seasonal_hour_IQR|seasonal_hour_MAD,E01803
WS2M,2022-06-19 22:00:00+07:00,2022-06-20 05:00:00+07:00,8,1,4.552874999999999,seasonal_hour_IQR|seasonal_hour_MAD,E01804
RH2M,2003-04-14 21:00:00+07:00,2003-04-15 00:00:00+07:00,4,1,4.552550096339116,seasonal_hour_IQR|seasonal_hour_MAD,E01805
RH2M,2021-09-12 04:00:00+07:00,2021-09-12 06:00:00+07:00,3,1,4.548860119047639,seasonal_hour_IQR|seasonal_hour_MAD,E01806
RH2M,2007-04-05 06:00:00+07:00,2007-04-05 07:00:00+07:00,2,1,4.548057142857139,seasonal_hour_IQR|seasonal_hour_MAD,E01807
RH2M,2004-12-08 16:00:00+07:00,2004-12-08 19:00:00+07:00,4,1,4.547167692307692,seasonal_hour_IQR|seasonal_hour_MAD,E01808
RH2M,2007-01-27 17:00:00+07:00,2007-01-27 19:00:00+07:00,3,1,4.546736616702353,seasonal_hour_IQR|seasonal_hour_MAD,E01809
RH2M,2008-05-10 23:00:00+07:00,2008-05-11 05:00:00+07:00,7,1,4.54613,seasonal_hour_IQR|seasonal_hour_MAD,E01810
WS2M,2001-11-05 23:00:00+07:00,2001-11-06 06:00:00+07:00,8,1,4.5399038461538455,seasonal_hour_IQR|seasonal_hour_MAD,E01811
WS2M,2005-01-23 15:00:00+07:00,2005-01-23 18:00:00+07:00,4,1,4.5375454545454526,seasonal_hour_IQR|seasonal_hour_MAD,E01812
WS2M,2020-10-19 23:00:00+07:00,2020-10-20 00:00:00+07:00,2,1,4.5375454545454526,seasonal_hour_IQR|seasonal_hour_MAD,E01813
T2M,2006-09-11 18:00:00+07:00,2006-09-12 06:00:00+07:00,13,1,4.536815476190479,seasonal_hour_IQR|seasonal_hour_MAD,E01814
RH2M,2001-03-01 05:00:00+07:00,2001-03-01 07:00:00+07:00,3,1,4.536611675126873,seasonal_hour_IQR|seasonal_hour_MAD,E01815
WS2M,2011-01-09 05:00:00+07:00,2011-01-09 06:00:00+07:00,2,1,4.534138888888887,seasonal_hour_IQR|seasonal_hour_MAD,E01816
RH2M,2003-10-21 17:00:00+07:00,2003-10-22 00:00:00+07:00,8,1,4.531130170316303,seasonal_hour_IQR|seasonal_hour_MAD,E01817
RH2M,2009-11-19 07:00:00+07:00,2009-11-19 09:00:00+07:00,3,1,4.529561744966444,seasonal_hour_IQR|seasonal_hour_MAD,E01818
WS2M,2002-12-04 17:00:00+07:00,2002-12-04 18:00:00+07:00,2,1,4.528785714285713,seasonal_hour_IQR|seasonal_hour_MAD,E01819
WS2M,2021-08-21 19:00:00+07:00,2021-08-21 22:00:00+07:00,4,1,4.528785714285713,seasonal_hour_IQR|seasonal_hour_MAD,E01820
T2M,2006-09-10 16:00:00+07:00,2006-09-11 07:00:00+07:00,16,1,4.5264638554216745,seasonal_hour_IQR|seasonal_hour_MAD,E01821
RH2M,2018-03-09 07:00:00+07:00,2018-03-09 08:00:00+07:00,2,1,4.52352389078497,seasonal_hour_IQR|seasonal_hour_MAD,E01822
WS2M,2001-02-13 22:00:00+07:00,2001-02-14 01:00:00+07:00,4,1,4.5231176470588235,seasonal_hour_IQR|seasonal_hour_MAD,E01823
WS2M,2018-06-05 03:00:00+07:00,2018-06-05 05:00:00+07:00,3,1,4.51915,seasonal_hour_IQR|seasonal_hour_MAD,E01824
WS2M,2010-03-07 01:00:00+07:00,2010-03-07 05:00:00+07:00,5,1,4.515402777777779,seasonal_hour_IQR|seasonal_hour_MAD,E01825
WS2M,2015-04-07 23:00:00+07:00,2015-04-08 05:00:00+07:00,7,1,4.515402777777779,seasonal_hour_IQR|seasonal_hour_MAD,E01826
RH2M,2018-07-23 20:00:00+07:00,2018-07-24 04:00:00+07:00,9,1,4.5145511363636235,seasonal_hour_IQR|seasonal_hour_MAD,E01827
T2M,2007-09-20 00:00:00+07:00,2007-09-20 07:00:00+07:00,8,1,4.512551630434784,seasonal_hour_IQR|seasonal_hour_MAD,E01828
ALLSKY_SFC_SW_DWN,2007-12-29 17:00:00+07:00,2007-12-29 17:00:00+07:00,1,1,4.51219512195122,seasonal_hour_IQR,E01829
RH2M,2007-01-07 17:00:00+07:00,2007-01-07 20:00:00+07:00,4,1,4.5120728051391845,seasonal_hour_IQR|seasonal_hour_MAD,E01830
ALLSKY_SFC_SW_DWN,2021-12-02 06:00:00+07:00,2021-12-02 07:00:00+07:00,2,1,4.511136138613863,seasonal_hour_IQR|seasonal_hour_MAD,E01831
RH2M,2019-09-23 19:00:00+07:00,2019-09-24 01:00:00+07:00,7,1,4.509482899022799,seasonal_hour_IQR|seasonal_hour_MAD,E01832
WS2M,2024-09-29 18:00:00+07:00,2024-09-29 19:00:00+07:00,2,1,4.5085000000000015,seasonal_hour_IQR|seasonal_hour_MAD,E01833
WS2M,2006-02-04 03:00:00+07:00,2006-02-04 05:00:00+07:00,3,1,4.5080506329113925,seasonal_hour_IQR|seasonal_hour_MAD,E01834
WS2M,2013-10-01 22:00:00+07:00,2013-10-02 00:00:00+07:00,3,1,4.5068863636363625,seasonal_hour_IQR|seasonal_hour_MAD,E01835
WS2M,2012-11-06 17:00:00+07:00,2012-11-06 18:00:00+07:00,2,1,4.506886363636361,seasonal_hour_IQR|seasonal_hour_MAD,E01836
RH2M,2018-02-05 18:00:00+07:00,2018-02-05 21:00:00+07:00,4,1,4.506147590361444,seasonal_hour_IQR|seasonal_hour_MAD,E01837
WS2M,2020-04-04 03:00:00+07:00,2020-04-04 05:00:00+07:00,3,1,4.503584615384616,seasonal_hour_IQR|seasonal_hour_MAD,E01838
RH2M,2007-04-08 05:00:00+07:00,2007-04-08 06:00:00+07:00,2,1,4.502999999999979,seasonal_hour_IQR|seasonal_hour_MAD,E01839
RH2M,2014-06-13 20:00:00+07:00,2014-06-13 22:00:00+07:00,3,1,4.500445378151268,seasonal_hour_IQR|seasonal_hour_MAD,E01840
RH2M,2011-03-03 21:00:00+07:00,2011-03-04 00:00:00+07:00,4,1,4.498674107142867,seasonal_hour_IQR|seasonal_hour_MAD,E01841
WS2M,2021-08-10 23:00:00+07:00,2021-08-11 01:00:00+07:00,3,1,4.496666666666667,seasonal_hour_IQR|seasonal_hour_MAD,E01842
WS2M,2010-01-22 21:00:00+07:00,2010-01-23 02:00:00+07:00,6,1,4.496666666666666,seasonal_hour_IQR|seasonal_hour_MAD,E01843
WS2M,2025-01-31 17:00:00+07:00,2025-01-31 18:00:00+07:00,2,1,4.496666666666665,seasonal_hour_IQR|seasonal_hour_MAD,E01844
RH2M,2020-02-17 20:00:00+07:00,2020-02-17 21:00:00+07:00,2,1,4.493957831325299,seasonal_hour_IQR|seasonal_hour_MAD,E01845
RH2M,2011-09-30 04:00:00+07:00,2011-09-30 06:00:00+07:00,3,1,4.492651785714305,seasonal_hour_IQR|seasonal_hour_MAD,E01846
WS2M,2007-03-20 01:00:00+07:00,2007-03-20 05:00:00+07:00,5,1,4.490242857142856,seasonal_hour_IQR|seasonal_hour_MAD,E01847
WS2M,2018-11-20 18:00:00+07:00,2018-11-20 22:00:00+07:00,5,1,4.489640624999999,seasonal_hour_IQR|seasonal_hour_MAD,E01848
WS2M,2001-08-11 17:00:00+07:00,2001-08-11 19:00:00+07:00,3,1,4.488019230769231,seasonal_hour_IQR|seasonal_hour_MAD,E01849
WS2M,2022-09-29 01:00:00+07:00,2022-09-29 02:00:00+07:00,2,1,4.485425000000001,seasonal_hour_IQR|seasonal_hour_MAD,E01850
WS2M,2015-05-13 23:00:00+07:00,2015-05-14 04:00:00+07:00,6,1,4.484513513513515,seasonal_hour_IQR|seasonal_hour_MAD,E01851
RH2M,2004-03-09 17:00:00+07:00,2004-03-09 21:00:00+07:00,5,1,4.482614583333341,seasonal_hour_IQR|seasonal_hour_MAD,E01852
RH2M,2011-03-28 06:00:00+07:00,2011-03-28 07:00:00+07:00,2,1,4.479784982935142,seasonal_hour_IQR|seasonal_hour_MAD,E01853
WS2M,2020-10-06 22:00:00+07:00,2020-10-07 01:00:00+07:00,4,1,4.476227272727271,seasonal_hour_IQR|seasonal_hour_MAD,E01854
RH2M,2021-01-11 04:00:00+07:00,2021-01-11 07:00:00+07:00,4,1,4.473923410404633,seasonal_hour_IQR|seasonal_hour_MAD,E01855
RH2M,2008-02-08 23:00:00+07:00,2008-02-09 05:00:00+07:00,7,1,4.473076017130602,seasonal_hour_MAD,E01856
WS2M,2007-09-26 15:00:00+07:00,2007-09-26 19:00:00+07:00,5,1,4.473,seasonal_hour_IQR|seasonal_hour_MAD,E01857
RH2M,2024-03-20 21:00:00+07:00,2024-03-21 07:00:00+07:00,11,1,4.4705232558139585,seasonal_hour_IQR|seasonal_hour_MAD,E01858
WS2M,2025-01-26 10:00:00+07:00,2025-01-26 15:00:00+07:00,6,1,4.46999152542373,seasonal_hour_IQR|seasonal_hour_MAD,E01859
RH2M,2004-10-12 17:00:00+07:00,2004-10-13 02:00:00+07:00,10,1,4.465485401459856,seasonal_hour_IQR|seasonal_hour_MAD,E01860
ALLSKY_SFC_SW_DWN,2005-12-27 17:00:00+07:00,2005-12-27 17:00:00+07:00,1,1,4.463414634146342,seasonal_hour_IQR,E01861
RH2M,2003-06-17 18:00:00+07:00,2003-06-18 04:00:00+07:00,11,1,4.462076923076931,seasonal_hour_IQR|seasonal_hour_MAD,E01862
WS2M,2006-02-17 22:00:00+07:00,2006-02-18 05:00:00+07:00,8,1,4.462076923076924,seasonal_hour_IQR|seasonal_hour_MAD,E01863
RH2M,2008-11-30 17:00:00+07:00,2008-11-30 22:00:00+07:00,6,1,4.4613357142857115,seasonal_hour_IQR|seasonal_hour_MAD,E01864
ALLSKY_SFC_SW_DWN,2008-03-24 06:00:00+07:00,2008-03-24 08:00:00+07:00,3,1,4.460922981878089,seasonal_hour_IQR|seasonal_hour_MAD,E01865
WS2M,2015-10-02 02:00:00+07:00,2015-10-02 03:00:00+07:00,2,1,4.460403225806453,seasonal_hour_IQR|seasonal_hour_MAD,E01866
RH2M,2003-11-11 01:00:00+07:00,2003-11-11 08:00:00+07:00,8,1,4.459687500000003,seasonal_hour_IQR|seasonal_hour_MAD,E01867
RH2M,2006-08-24 18:00:00+07:00,2006-08-24 20:00:00+07:00,3,1,4.459659937888179,seasonal_hour_IQR|seasonal_hour_MAD,E01868
WS2M,2005-05-06 01:00:00+07:00,2005-05-06 05:00:00+07:00,5,1,4.459194444444442,seasonal_hour_IQR|seasonal_hour_MAD,E01869
T2M,2023-08-31 18:00:00+07:00,2023-08-31 23:00:00+07:00,6,1,4.456122950819678,seasonal_hour_IQR|seasonal_hour_MAD,E01870
WS2M,2017-03-25 06:00:00+07:00,2017-03-25 09:00:00+07:00,4,1,4.456122950819673,seasonal_hour_IQR|seasonal_hour_MAD,E01871
RH2M,2021-02-27 00:00:00+07:00,2021-02-27 05:00:00+07:00,6,1,4.455744111349021,seasonal_hour_MAD,E01872
RH2M,2025-02-08 19:00:00+07:00,2025-02-08 20:00:00+07:00,2,1,4.453325301204819,seasonal_hour_IQR|seasonal_hour_MAD,E01873
WS2M,2021-08-02 02:00:00+07:00,2021-08-02 02:00:00+07:00,1,1,4.451700000000001,seasonal_hour_IQR|seasonal_hour_MAD,E01874
RH2M,2025-03-17 07:00:00+07:00,2025-03-17 08:00:00+07:00,2,1,4.449858361774734,seasonal_hour_IQR|seasonal_hour_MAD,E01875
WS2M,2017-11-16 18:00:00+07:00,2017-11-16 20:00:00+07:00,3,1,4.446703703703705,seasonal_hour_IQR|seasonal_hour_MAD,E01876
RH2M,2012-12-31 22:00:00+07:00,2013-01-01 02:00:00+07:00,5,1,4.446304,seasonal_hour_IQR|seasonal_hour_MAD,E01877
WS2M,2003-11-26 17:00:00+07:00,2003-11-26 18:00:00+07:00,2,1,4.445568181818179,seasonal_hour_IQR|seasonal_hour_MAD,E01878
RH2M,2008-02-14 04:00:00+07:00,2008-02-14 05:00:00+07:00,2,1,4.4452761904762035,seasonal_hour_MAD,E01879
RH2M,2022-10-12 21:00:00+07:00,2022-10-13 01:00:00+07:00,5,1,4.444600000000002,seasonal_hour_IQR|seasonal_hour_MAD,E01880
WS2M,2015-04-10 03:00:00+07:00,2015-04-10 05:00:00+07:00,3,1,4.443764705882355,seasonal_hour_IQR|seasonal_hour_MAD,E01881
WS2M,2002-12-09 01:00:00+07:00,2002-12-09 03:00:00+07:00,3,1,4.442396551724137,seasonal_hour_IQR|seasonal_hour_MAD,E01882
RH2M,2005-05-14 22:00:00+07:00,2005-05-15 05:00:00+07:00,8,1,4.442121301775114,seasonal_hour_IQR|seasonal_hour_MAD,E01883
RH2M,2008-02-06 20:00:00+07:00,2008-02-07 01:00:00+07:00,6,1,4.441856550580431,seasonal_hour_IQR|seasonal_hour_MAD,E01884
WS2M,2006-08-07 17:00:00+07:00,2006-08-07 19:00:00+07:00,3,1,4.436134615384615,seasonal_hour_IQR|seasonal_hour_MAD,E01885
RH2M,2008-02-11 04:00:00+07:00,2008-02-11 05:00:00+07:00,2,1,4.435640476190489,seasonal_hour_MAD,E01886
RH2M,2012-01-23 02:00:00+07:00,2012-01-23 05:00:00+07:00,4,1,4.432985549132958,seasonal_hour_IQR|seasonal_hour_MAD,E01887
WS2M,2020-09-10 18:00:00+07:00,2020-09-10 20:00:00+07:00,3,1,4.432428571428569,seasonal_hour_IQR|seasonal_hour_MAD,E01888
RH2M,2018-06-12 22:00:00+07:00,2018-06-13 06:00:00+07:00,9,1,4.43053921568627,seasonal_hour_IQR|seasonal_hour_MAD,E01889
WS2M,2005-01-24 17:00:00+07:00,2005-01-24 21:00:00+07:00,5,1,4.429824324324324,seasonal_hour_IQR|seasonal_hour_MAD,E01890
WS2M,2008-01-10 17:00:00+07:00,2008-01-10 18:00:00+07:00,2,1,4.429824324324324,seasonal_hour_IQR|seasonal_hour_MAD,E01891
WS2M,2024-02-16 00:00:00+07:00,2024-02-16 02:00:00+07:00,3,1,4.42823913043478,seasonal_hour_IQR|seasonal_hour_MAD,E01892
WS2M,2002-04-18 01:00:00+07:00,2002-04-18 05:00:00+07:00,5,1,4.4217222222222246,seasonal_hour_IQR|seasonal_hour_MAD,E01893
WS2M,2002-11-15 23:00:00+07:00,2002-11-16 04:00:00+07:00,6,1,4.414909090909091,seasonal_hour_IQR|seasonal_hour_MAD,E01894
WS2M,2009-12-12 17:00:00+07:00,2009-12-12 18:00:00+07:00,2,1,4.414909090909089,seasonal_hour_IQR|seasonal_hour_MAD,E01895
WS2M,2010-10-17 19:00:00+07:00,2010-10-18 01:00:00+07:00,7,1,4.414909090909089,seasonal_hour_IQR|seasonal_hour_MAD,E01896
WS2M,2018-12-07 03:00:00+07:00,2018-12-07 05:00:00+07:00,3,1,4.414909090909089,seasonal_hour_IQR|seasonal_hour_MAD,E01897
WS2M,2003-03-19 01:00:00+07:00,2003-03-19 05:00:00+07:00,5,1,4.413157142857142,seasonal_hour_IQR|seasonal_hour_MAD,E01898
RH2M,2023-02-25 20:00:00+07:00,2023-02-26 01:00:00+07:00,6,1,4.409436247723124,seasonal_hour_IQR|seasonal_hour_MAD,E01899
WS2M,2023-06-02 23:00:00+07:00,2023-06-03 05:00:00+07:00,7,1,4.408339285714285,seasonal_hour_IQR|seasonal_hour_MAD,E01900
RH2M,2001-05-10 23:00:00+07:00,2001-05-11 04:00:00+07:00,6,1,4.407878980891741,seasonal_hour_IQR|seasonal_hour_MAD,E01901
RH2M,2014-09-23 19:00:00+07:00,2014-09-24 00:00:00+07:00,6,1,4.406220684039086,seasonal_hour_IQR|seasonal_hour_MAD,E01902
RH2M,2023-02-26 18:00:00+07:00,2023-02-26 20:00:00+07:00,3,1,4.4045662650602395,seasonal_hour_IQR|seasonal_hour_MAD,E01903
RH2M,2006-02-18 04:00:00+07:00,2006-02-18 05:00:00+07:00,2,1,4.403521428571443,seasonal_hour_MAD,E01904
RH2M,2013-10-12 17:00:00+07:00,2013-10-12 20:00:00+07:00,4,1,4.40312287104623,seasonal_hour_IQR|seasonal_hour_MAD,E01905
T2M,2007-09-21 18:00:00+07:00,2007-09-22 07:00:00+07:00,14,1,4.400309523809525,seasonal_hour_IQR|seasonal_hour_MAD,E01906
WS2M,2013-09-06 22:00:00+07:00,2013-09-07 01:00:00+07:00,4,1,4.400309523809525,seasonal_hour_IQR|seasonal_hour_MAD,E01907
WS2M,2020-08-01 02:00:00+07:00,2020-08-01 05:00:00+07:00,4,1,4.400309523809525,seasonal_hour_IQR|seasonal_hour_MAD,E01908
WS2M,2015-09-19 18:00:00+07:00,2015-09-19 20:00:00+07:00,3,1,4.400309523809522,seasonal_hour_IQR|seasonal_hour_MAD,E01909
RH2M,2021-01-13 02:00:00+07:00,2021-01-13 06:00:00+07:00,5,1,4.399845375722553,seasonal_hour_MAD,E01910
WS2M,2003-07-25 03:00:00+07:00,2003-07-25 05:00:00+07:00,3,1,4.398913043478261,seasonal_hour_IQR|seasonal_hour_MAD,E01911
RH2M,2022-05-01 02:00:00+07:00,2022-05-01 05:00:00+07:00,4,1,4.3979222972972885,seasonal_hour_IQR|seasonal_hour_MAD,E01912
WS2M,2020-11-20 18:00:00+07:00,2020-11-20 20:00:00+07:00,3,1,4.396740740740742,seasonal_hour_IQR|seasonal_hour_MAD,E01913
WS2M,2001-01-26 22:00:00+07:00,2001-01-27 01:00:00+07:00,4,1,4.396740740740739,seasonal_hour_IQR|seasonal_hour_MAD,E01914
RH2M,2023-05-23 04:00:00+07:00,2023-05-23 05:00:00+07:00,2,1,4.39587931034482,seasonal_hour_IQR|seasonal_hour_MAD,E01915
RH2M,2003-11-29 02:00:00+07:00,2003-11-29 07:00:00+07:00,6,1,4.3956646153846135,seasonal_hour_IQR|seasonal_hour_MAD,E01916
WS2M,2013-01-30 17:00:00+07:00,2013-01-30 18:00:00+07:00,2,1,4.394469696969694,seasonal_hour_IQR|seasonal_hour_MAD,E01917
WS2M,2018-01-26 12:00:00+07:00,2018-01-26 17:00:00+07:00,6,1,4.394469696969694,seasonal_hour_IQR|seasonal_hour_MAD,E01918
RH2M,2016-10-07 18:00:00+07:00,2016-10-07 23:00:00+07:00,6,1,4.393885714285712,seasonal_hour_IQR|seasonal_hour_MAD,E01919
ALLSKY_SFC_SW_DWN,2021-12-31 17:00:00+07:00,2021-12-31 17:00:00+07:00,1,1,4.390243902439025,seasonal_hour_IQR,E01920
RH2M,2025-11-28 17:00:00+07:00,2025-11-29 03:00:00+07:00,11,1,4.387650840336132,seasonal_hour_IQR|seasonal_hour_MAD,E01921
WS2M,2019-10-15 00:00:00+07:00,2019-10-15 03:00:00+07:00,4,1,4.3842500000000015,seasonal_hour_IQR|seasonal_hour_MAD,E01922
WS2M,2011-08-01 17:00:00+07:00,2011-08-01 20:00:00+07:00,4,1,4.38425,seasonal_hour_IQR|seasonal_hour_MAD,E01923
WS2M,2005-12-06 17:00:00+07:00,2005-12-06 17:00:00+07:00,1,1,4.384249999999997,seasonal_hour_IQR|seasonal_hour_MAD,E01924
RH2M,2025-04-03 02:00:00+07:00,2025-04-03 04:00:00+07:00,3,1,4.381141705069135,seasonal_hour_IQR|seasonal_hour_MAD,E01925
RH2M,2012-02-18 02:00:00+07:00,2012-02-18 05:00:00+07:00,4,1,4.379500000000009,seasonal_hour_MAD,E01926
RH2M,2016-10-06 19:00:00+07:00,2016-10-06 22:00:00+07:00,4,1,4.374614285714284,seasonal_hour_IQR|seasonal_hour_MAD,E01927
WS2M,2018-01-25 17:00:00+07:00,2018-01-25 18:00:00+07:00,2,1,4.374030303030302,seasonal_hour_IQR|seasonal_hour_MAD,E01928
ALLSKY_SFC_SW_DWN,2023-01-31 16:00:00+07:00,2023-01-31 17:00:00+07:00,2,1,4.37234705882353,seasonal_hour_IQR|seasonal_hour_MAD,E01929
WS2M,2014-11-28 18:00:00+07:00,2014-11-28 19:00:00+07:00,2,1,4.371759259259261,seasonal_hour_IQR|seasonal_hour_MAD,E01930
RH2M,2012-06-11 23:00:00+07:00,2012-06-12 02:00:00+07:00,4,1,4.368820261437904,seasonal_hour_IQR|seasonal_hour_MAD,E01931
PS,2019-08-03 00:00:00+07:00,2019-08-03 17:00:00+07:00,18,1,4.368190476190309,seasonal_hour_IQR|seasonal_hour_MAD,E01932
WS2M,2005-04-21 22:00:00+07:00,2005-04-22 02:00:00+07:00,5,1,4.3673875,seasonal_hour_IQR|seasonal_hour_MAD,E01933
WS2M,2006-04-14 03:00:00+07:00,2006-04-14 05:00:00+07:00,3,1,4.364411764705884,seasonal_hour_IQR|seasonal_hour_MAD,E01934
WS2M,2019-04-15 00:00:00+07:00,2019-04-15 05:00:00+07:00,6,1,4.364411764705884,seasonal_hour_IQR|seasonal_hour_MAD,E01935
RH2M,2006-01-07 07:00:00+07:00,2006-01-07 08:00:00+07:00,2,1,4.364215346534663,seasonal_hour_IQR|seasonal_hour_MAD,E01936
WS2M,2019-06-09 02:00:00+07:00,2019-06-09 05:00:00+07:00,4,1,4.361766666666666,seasonal_hour_IQR|seasonal_hour_MAD,E01937
RH2M,2007-01-07 07:00:00+07:00,2007-01-07 09:00:00+07:00,3,1,4.359206683168325,seasonal_hour_IQR|seasonal_hour_MAD,E01938
WS2M,2022-04-18 04:00:00+07:00,2022-04-18 05:00:00+07:00,2,1,4.358307692307692,seasonal_hour_IQR|seasonal_hour_MAD,E01939
RH2M,2022-09-05 19:00:00+07:00,2022-09-05 22:00:00+07:00,4,1,4.358233571428582,seasonal_hour_IQR|seasonal_hour_MAD,E01940
WS2M,2013-01-06 01:00:00+07:00,2013-01-06 03:00:00+07:00,3,1,4.353590909090908,seasonal_hour_IQR|seasonal_hour_MAD,E01941
WS2M,2017-01-11 17:00:00+07:00,2017-01-11 18:00:00+07:00,2,1,4.353590909090908,seasonal_hour_IQR|seasonal_hour_MAD,E01942
WS2M,2009-12-27 16:00:00+07:00,2009-12-27 17:00:00+07:00,2,1,4.353590909090907,seasonal_hour_IQR|seasonal_hour_MAD,E01943
RH2M,2009-03-06 23:00:00+07:00,2009-03-07 07:00:00+07:00,9,1,4.351723350253776,seasonal_hour_IQR|seasonal_hour_MAD,E01944
WS2M,2012-05-15 02:00:00+07:00,2012-05-15 07:00:00+07:00,6,1,4.34677777777778,seasonal_hour_IQR|seasonal_hour_MAD,E01945
WS2M,2016-11-13 17:00:00+07:00,2016-11-13 19:00:00+07:00,3,1,4.346777777777779,seasonal_hour_IQR|seasonal_hour_MAD,E01946
WS2M,2016-05-25 22:00:00+07:00,2016-05-26 05:00:00+07:00,8,1,4.3467777777777785,seasonal_hour_IQR|seasonal_hour_MAD,E01947
RH2M,2017-02-11 07:00:00+07:00,2017-02-11 09:00:00+07:00,3,1,4.344988059701491,seasonal_hour_IQR|seasonal_hour_MAD,E01948
WS2M,2014-06-11 02:00:00+07:00,2014-06-11 04:00:00+07:00,3,1,4.339283333333332,seasonal_hour_IQR|seasonal_hour_MAD,E01949
WS2M,2019-12-19 06:00:00+07:00,2019-12-19 06:00:00+07:00,1,1,4.33607142857143,seasonal_hour_IQR|seasonal_hour_MAD,E01950
WS2M,2018-01-29 21:00:00+07:00,2018-01-30 00:00:00+07:00,4,1,4.3360714285714295,seasonal_hour_IQR|seasonal_hour_MAD,E01951
WS2M,2018-08-15 02:00:00+07:00,2018-08-15 05:00:00+07:00,4,1,4.3360714285714295,seasonal_hour_IQR|seasonal_hour_MAD,E01952
RH2M,2018-05-08 00:00:00+07:00,2018-05-08 02:00:00+07:00,3,1,4.334843949044607,seasonal_hour_MAD,E01953
WS2M,2011-02-11 22:00:00+07:00,2011-02-12 01:00:00+07:00,4,1,4.333151515151514,seasonal_hour_IQR|seasonal_hour_MAD,E01954
ALLSKY_SFC_SW_DWN,2023-01-30 16:00:00+07:00,2023-01-30 17:00:00+07:00,2,1,4.3326705882352945,seasonal_hour_IQR|seasonal_hour_MAD,E01955
WS2M,2010-12-11 21:00:00+07:00,2010-12-12 01:00:00+07:00,5,1,4.332365384615384,seasonal_hour_IQR|seasonal_hour_MAD,E01956
RH2M,2019-03-23 06:00:00+07:00,2019-03-23 06:00:00+07:00,1,1,4.331180203045654,seasonal_hour_IQR|seasonal_hour_MAD,E01957
WS2M,2024-02-23 23:00:00+07:00,2024-02-24 02:00:00+07:00,4,1,4.330485507246375,seasonal_hour_IQR|seasonal_hour_MAD,E01958
RH2M,2003-12-21 16:00:00+07:00,2003-12-22 01:00:00+07:00,10,1,4.3289784722222295,seasonal_hour_IQR|seasonal_hour_MAD,E01959
RH2M,2022-04-06 22:00:00+07:00,2022-04-07 00:00:00+07:00,3,1,4.328693735498837,seasonal_hour_MAD,E01960
WS2M,2010-11-16 00:00:00+07:00,2010-11-16 01:00:00+07:00,2,1,4.3280416666666675,seasonal_hour_IQR|seasonal_hour_MAD,E01961
WS2M,2012-10-14 18:00:00+07:00,2012-10-14 20:00:00+07:00,3,1,4.3280416666666675,seasonal_hour_IQR|seasonal_hour_MAD,E01962
WS2M,2022-05-23 20:00:00+07:00,2022-05-24 02:00:00+07:00,7,1,4.328041666666665,seasonal_hour_IQR|seasonal_hour_MAD,E01963
RH2M,2011-01-10 07:00:00+07:00,2011-01-10 07:00:00+07:00,1,1,4.325815594059414,seasonal_hour_IQR|seasonal_hour_MAD,E01964
ALLSKY_SFC_SW_DWN,2006-01-31 17:00:00+07:00,2006-01-31 17:00:00+07:00,1,1,4.324735294117648,seasonal_hour_IQR|seasonal_hour_MAD,E01965
WS2M,2014-11-11 16:00:00+07:00,2014-11-11 17:00:00+07:00,2,1,4.322931818181815,seasonal_hour_IQR|seasonal_hour_MAD,E01966
RH2M,2002-02-03 01:00:00+07:00,2002-02-03 05:00:00+07:00,5,1,4.317677874186537,seasonal_hour_MAD,E01967
RH2M,2021-03-21 06:00:00+07:00,2021-03-21 06:00:00+07:00,1,1,4.317484771573575,seasonal_hour_IQR|seasonal_hour_MAD,E01968
ALLSKY_SFC_SW_DWN,2008-12-24 17:00:00+07:00,2008-12-24 17:00:00+07:00,1,1,4.317073170731708,seasonal_hour_IQR,E01969
ALLSKY_SFC_SW_DWN,2024-12-24 17:00:00+07:00,2024-12-24 17:00:00+07:00,1,1,4.317073170731708,seasonal_hour_IQR,E01970
RH2M,2003-11-12 02:00:00+07:00,2003-11-12 08:00:00+07:00,7,1,4.316800000000006,seasonal_hour_IQR|seasonal_hour_MAD,E01971
RH2M,2014-01-21 18:00:00+07:00,2014-01-21 23:00:00+07:00,6,1,4.314428710937496,seasonal_hour_IQR|seasonal_hour_MAD,E01972
RH2M,2017-02-26 04:00:00+07:00,2017-02-26 05:00:00+07:00,2,1,4.313588095238109,seasonal_hour_MAD,E01973
WS2M,2003-02-11 22:00:00+07:00,2003-02-12 03:00:00+07:00,6,1,4.312712121212121,seasonal_hour_IQR|seasonal_hour_MAD,E01974
WS2M,2005-01-21 13:00:00+07:00,2005-01-21 17:00:00+07:00,5,1,4.312712121212121,seasonal_hour_IQR|seasonal_hour_MAD,E01975
WS2M,2017-12-16 02:00:00+07:00,2017-12-16 06:00:00+07:00,5,1,4.312712121212121,seasonal_hour_IQR|seasonal_hour_MAD,E01976
RH2M,2010-01-12 03:00:00+07:00,2010-01-12 07:00:00+07:00,5,1,4.3101719653179265,seasonal_hour_IQR|seasonal_hour_MAD,E01977
WS2M,2011-03-16 22:00:00+07:00,2011-03-17 04:00:00+07:00,7,1,4.3093055555555555,seasonal_hour_IQR|seasonal_hour_MAD,E01978
WS2M,2008-11-27 02:00:00+07:00,2008-11-27 07:00:00+07:00,6,1,4.308096774193547,seasonal_hour_IQR|seasonal_hour_MAD,E01979
WS2M,2004-01-26 23:00:00+07:00,2004-01-27 03:00:00+07:00,5,1,4.3080967741935465,seasonal_hour_IQR|seasonal_hour_MAD,E01980
RH2M,2008-06-03 23:00:00+07:00,2008-06-04 02:00:00+07:00,4,1,4.305367796610189,seasonal_hour_IQR|seasonal_hour_MAD,E01981
PS,2006-05-13 11:00:00+07:00,2006-05-14 19:00:00+07:00,33,1,4.303952380952229,seasonal_hour_IQR|seasonal_hour_MAD,E01982
RH2M,2002-10-13 18:00:00+07:00,2002-10-14 02:00:00+07:00,9,1,4.300374352331606,seasonal_hour_IQR|seasonal_hour_MAD,E01983
RH2M,2018-02-05 07:00:00+07:00,2018-02-05 09:00:00+07:00,3,1,4.298679104477611,seasonal_hour_IQR|seasonal_hour_MAD,E01984
RH2M,2023-05-08 00:00:00+07:00,2023-05-08 04:00:00+07:00,5,1,4.296178343949063,seasonal_hour_IQR|seasonal_hour_MAD,E01985
RH2M,2007-10-18 17:00:00+07:00,2007-10-18 20:00:00+07:00,4,1,4.29316788321168,seasonal_hour_IQR|seasonal_hour_MAD,E01986
WS2M,2011-12-22 03:00:00+07:00,2011-12-22 05:00:00+07:00,3,1,4.292272727272726,seasonal_hour_IQR|seasonal_hour_MAD,E01987
WS2M,2008-11-07 17:00:00+07:00,2008-11-07 17:00:00+07:00,1,1,4.292272727272725,seasonal_hour_IQR|seasonal_hour_MAD,E01988
WS2M,2020-01-06 17:00:00+07:00,2020-01-06 18:00:00+07:00,2,1,4.292272727272725,seasonal_hour_IQR|seasonal_hour_MAD,E01989
WS2M,2022-01-28 17:00:00+07:00,2022-01-28 18:00:00+07:00,2,1,4.292272727272725,seasonal_hour_IQR|seasonal_hour_MAD,E01990
RH2M,2005-04-29 06:00:00+07:00,2005-04-29 06:00:00+07:00,1,1,4.291104761904759,seasonal_hour_IQR|seasonal_hour_MAD,E01991
WS2M,2006-11-19 21:00:00+07:00,2006-11-19 23:00:00+07:00,3,1,4.290968085106384,seasonal_hour_IQR|seasonal_hour_MAD,E01992
WS2M,2016-03-14 01:00:00+07:00,2016-03-14 03:00:00+07:00,3,1,4.290569444444444,seasonal_hour_IQR|seasonal_hour_MAD,E01993
WS2M,2001-09-12 00:00:00+07:00,2001-09-12 05:00:00+07:00,6,1,4.283075000000001,seasonal_hour_IQR|seasonal_hour_MAD,E01994
WS2M,2007-09-10 23:00:00+07:00,2007-09-11 02:00:00+07:00,4,1,4.283075000000001,seasonal_hour_IQR|seasonal_hour_MAD,E01995
RH2M,2006-08-14 18:00:00+07:00,2006-08-14 20:00:00+07:00,3,1,4.281608695652156,seasonal_hour_IQR|seasonal_hour_MAD,E01996
T2M,2014-06-20 17:00:00+07:00,2014-06-20 21:00:00+07:00,5,1,4.28065032679738,seasonal_hour_IQR|seasonal_hour_MAD,E01997
WS2M,2016-12-14 21:00:00+07:00,2016-12-15 00:00:00+07:00,4,1,4.280480769230769,seasonal_hour_IQR|seasonal_hour_MAD,E01998
WS2M,2006-01-05 21:00:00+07:00,2006-01-06 06:00:00+07:00,10,1,4.278257142857141,seasonal_hour_IQR|seasonal_hour_MAD,E01999
WS2M,2021-07-08 10:00:00+07:00,2021-07-08 17:00:00+07:00,8,1,4.277317073170731,seasonal_hour_IQR|seasonal_hour_MAD,E02000
RH2M,2006-01-26 17:00:00+07:00,2006-01-26 19:00:00+07:00,3,1,4.276647751605993,seasonal_hour_IQR|seasonal_hour_MAD,E02001
RH2M,2024-03-02 06:00:00+07:00,2024-03-02 06:00:00+07:00,1,1,4.272974619289307,seasonal_hour_IQR|seasonal_hour_MAD,E02002
RH2M,2007-04-24 18:00:00+07:00,2007-04-24 23:00:00+07:00,6,1,4.271833333333335,seasonal_hour_IQR|seasonal_hour_MAD,E02003
WS2M,2006-08-16 04:00:00+07:00,2006-08-16 05:00:00+07:00,2,1,4.271833333333334,seasonal_hour_IQR|seasonal_hour_MAD,E02004
WS2M,2015-01-29 17:00:00+07:00,2015-01-29 18:00:00+07:00,2,1,4.2718333333333325,seasonal_hour_IQR|seasonal_hour_MAD,E02005
RH2M,2001-01-29 07:00:00+07:00,2001-01-29 07:00:00+07:00,1,1,4.270720297029711,seasonal_hour_IQR|seasonal_hour_MAD,E02006
ALLSKY_SFC_SW_DWN,2010-12-25 17:00:00+07:00,2010-12-25 17:00:00+07:00,1,1,4.2682926829268295,seasonal_hour_IQR,E02007
ALLSKY_SFC_SW_DWN,2016-12-24 17:00:00+07:00,2016-12-24 17:00:00+07:00,1,1,4.2682926829268295,seasonal_hour_IQR,E02008
WS2M,2009-09-13 02:00:00+07:00,2009-09-13 05:00:00+07:00,4,1,4.267745454545454,seasonal_hour_IQR|seasonal_hour_MAD,E02009
ALLSKY_SFC_SW_DWN,2005-01-28 17:00:00+07:00,2005-01-28 17:00:00+07:00,1,1,4.266543137254903,seasonal_hour_IQR|seasonal_hour_MAD,E02010
RH2M,2008-04-09 00:00:00+07:00,2008-04-09 05:00:00+07:00,6,1,4.266336185819083,seasonal_hour_IQR|seasonal_hour_MAD,E02011
RH2M,2003-10-17 19:00:00+07:00,2003-10-18 00:00:00+07:00,6,1,4.265426165803109,seasonal_hour_IQR|seasonal_hour_MAD,E02012
ALLSKY_SFC_SW_DWN,2020-03-09 07:00:00+07:00,2020-03-09 17:00:00+07:00,11,1,4.264052878395861,seasonal_hour_IQR|seasonal_hour_MAD,E02013
RH2M,2004-06-11 23:00:00+07:00,2004-06-12 02:00:00+07:00,4,1,4.263561872909707,seasonal_hour_IQR|seasonal_hour_MAD,E02014
RH2M,2008-02-03 07:00:00+07:00,2008-02-03 07:00:00+07:00,1,1,4.262437313432835,seasonal_hour_MAD,E02015
T2M,2013-09-28 23:00:00+07:00,2013-09-29 07:00:00+07:00,9,1,4.261784916201117,seasonal_hour_IQR|seasonal_hour_MAD,E02016
WS2M,2003-11-06 17:00:00+07:00,2003-11-06 18:00:00+07:00,2,1,4.261613636363633,seasonal_hour_IQR|seasonal_hour_MAD,E02017
WS2M,2020-09-19 13:00:00+07:00,2020-09-19 18:00:00+07:00,6,1,4.26,seasonal_hour_IQR|seasonal_hour_MAD,E02018
WS2M,2008-01-17 01:00:00+07:00,2008-01-17 03:00:00+07:00,3,1,4.258985714285713,seasonal_hour_IQR|seasonal_hour_MAD,E02019
T2M,2011-09-30 07:00:00+07:00,2011-09-30 23:00:00+07:00,17,1,4.256472049689441,seasonal_hour_IQR|seasonal_hour_MAD,E02020
T2M,2015-07-03 16:00:00+07:00,2015-07-04 04:00:00+07:00,13,1,4.253948863636366,seasonal_hour_IQR|seasonal_hour_MAD,E02021
WS2M,2009-03-09 01:00:00+07:00,2009-03-09 03:00:00+07:00,3,1,4.253097222222223,seasonal_hour_IQR|seasonal_hour_MAD,E02022
WS2M,2001-02-13 04:00:00+07:00,2001-02-13 06:00:00+07:00,3,1,4.251911392405063,seasonal_hour_IQR|seasonal_hour_MAD,E02023
RH2M,2004-02-06 01:00:00+07:00,2004-02-06 01:00:00+07:00,1,1,4.250649892933602,seasonal_hour_MAD,E02024
WS2M,2003-08-26 22:00:00+07:00,2003-08-27 02:00:00+07:00,5,1,4.249350000000001,seasonal_hour_IQR|seasonal_hour_MAD,E02025
WS2M,2007-09-10 01:00:00+07:00,2007-09-10 02:00:00+07:00,2,1,4.24935,seasonal_hour_IQR|seasonal_hour_MAD,E02026
RH2M,2013-10-08 19:00:00+07:00,2013-10-08 23:00:00+07:00,5,1,4.249349999999998,seasonal_hour_IQR|seasonal_hour_MAD,E02027
RH2M,2011-05-19 01:00:00+07:00,2011-05-19 02:00:00+07:00,2,1,4.249349999999995,seasonal_hour_IQR|seasonal_hour_MAD,E02028
RH2M,2015-03-03 21:00:00+07:00,2015-03-03 23:00:00+07:00,3,1,4.247090909090906,seasonal_hour_IQR|seasonal_hour_MAD,E02029
RH2M,2010-08-06 21:00:00+07:00,2010-08-06 23:00:00+07:00,3,1,4.2459308755760325,seasonal_hour_IQR|seasonal_hour_MAD,E02030
RH2M,2009-04-25 21:00:00+07:00,2009-04-26 00:00:00+07:00,4,1,4.2458410404624285,seasonal_hour_MAD,E02031
ALLSKY_SFC_SW_DWN,2012-04-25 06:00:00+07:00,2012-04-25 09:00:00+07:00,4,1,4.245718923327894,seasonal_hour_IQR|seasonal_hour_MAD,E02032
RH2M,2023-11-18 17:00:00+07:00,2023-11-19 05:00:00+07:00,13,1,4.245511382113821,seasonal_hour_IQR|seasonal_hour_MAD,E02033
RH2M,2024-05-31 01:00:00+07:00,2024-05-31 03:00:00+07:00,3,1,4.240356666666663,seasonal_hour_IQR|seasonal_hour_MAD,E02034
WS2M,2016-05-15 11:00:00+07:00,2016-05-15 14:00:00+07:00,4,1,4.239714285714286,seasonal_hour_IQR|seasonal_hour_MAD,E02035
WS2M,2019-08-02 02:00:00+07:00,2019-08-02 05:00:00+07:00,4,1,4.239714285714286,seasonal_hour_IQR|seasonal_hour_MAD,E02036
RH2M,2014-03-21 04:00:00+07:00,2014-03-21 06:00:00+07:00,3,1,4.2387360406091075,seasonal_hour_IQR|seasonal_hour_MAD,E02037
WS2M,2007-06-13 09:00:00+07:00,2007-06-13 12:00:00+07:00,4,1,4.237896226415096,seasonal_hour_IQR|seasonal_hour_MAD,E02038
RH2M,2005-06-14 00:00:00+07:00,2005-06-14 05:00:00+07:00,6,1,4.236491638795994,seasonal_hour_IQR|seasonal_hour_MAD,E02039
T2M,2001-07-06 18:00:00+07:00,2001-07-06 21:00:00+07:00,4,1,4.235860000000001,seasonal_hour_IQR|seasonal_hour_MAD,E02040
RH2M,2017-03-26 06:00:00+07:00,2017-03-26 07:00:00+07:00,2,1,4.235312182741085,seasonal_hour_IQR|seasonal_hour_MAD,E02041
RH2M,2006-05-20 22:00:00+07:00,2006-05-21 01:00:00+07:00,4,1,4.234582840236656,seasonal_hour_IQR|seasonal_hour_MAD,E02042
WS2M,2011-03-25 01:00:00+07:00,2011-03-25 05:00:00+07:00,5,1,4.234361111111112,seasonal_hour_IQR|seasonal_hour_MAD,E02043
ALLSKY_SFC_SW_DWN,2008-12-01 06:00:00+07:00,2008-12-01 07:00:00+07:00,2,1,4.233990099009902,seasonal_hour_IQR|seasonal_hour_MAD,E02044
RH2M,2016-02-02 04:00:00+07:00,2016-02-02 05:00:00+07:00,2,1,4.23329047619049,seasonal_hour_MAD,E02045
RH2M,2005-02-20 16:00:00+07:00,2005-02-20 21:00:00+07:00,6,1,4.231878012048192,seasonal_hour_IQR|seasonal_hour_MAD,E02046
WS2M,2013-09-06 01:00:00+07:00,2013-09-06 04:00:00+07:00,4,1,4.230954545454546,seasonal_hour_IQR|seasonal_hour_MAD,E02047
WS2M,2024-01-08 17:00:00+07:00,2024-01-08 18:00:00+07:00,2,1,4.230954545454545,seasonal_hour_IQR|seasonal_hour_MAD,E02048
WS2M,2018-12-09 03:00:00+07:00,2018-12-09 04:00:00+07:00,2,1,4.230954545454543,seasonal_hour_IQR|seasonal_hour_MAD,E02049
RH2M,2008-02-27 23:00:00+07:00,2008-02-28 02:00:00+07:00,4,1,4.230429336188421,seasonal_hour_MAD,E02050
WS2M,2022-09-28 15:00:00+07:00,2022-09-28 20:00:00+07:00,6,1,4.228596153846153,seasonal_hour_IQR|seasonal_hour_MAD,E02051
RH2M,2005-03-14 06:00:00+07:00,2005-03-14 07:00:00+07:00,2,1,4.228464467005046,seasonal_hour_IQR|seasonal_hour_MAD,E02052
RH2M,2005-02-18 19:00:00+07:00,2005-02-18 21:00:00+07:00,3,1,4.227814759036145,seasonal_hour_IQR|seasonal_hour_MAD,E02053
WS2M,2017-11-18 07:00:00+07:00,2017-11-18 09:00:00+07:00,3,1,4.227669642857142,seasonal_hour_IQR|seasonal_hour_MAD,E02054
WS2M,2002-06-03 03:00:00+07:00,2002-06-03 06:00:00+07:00,4,1,4.226866666666666,seasonal_hour_IQR|seasonal_hour_MAD,E02055
RH2M,2017-02-10 07:00:00+07:00,2017-02-10 07:00:00+07:00,1,1,4.22619552238806,seasonal_hour_MAD,E02056
WS2M,2007-02-27 21:00:00+07:00,2007-02-28 02:00:00+07:00,6,1,4.225544117647058,seasonal_hour_IQR|seasonal_hour_MAD,E02057
WS2M,2017-02-08 21:00:00+07:00,2017-02-08 23:00:00+07:00,3,1,4.225544117647058,seasonal_hour_IQR|seasonal_hour_MAD,E02058
RH2M,2005-02-26 05:00:00+07:00,2005-02-26 05:00:00+07:00,1,1,4.2236547619047755,seasonal_hour_MAD,E02059
WS2M,2002-11-14 18:00:00+07:00,2002-11-14 19:00:00+07:00,2,1,4.221870370370373,seasonal_hour_IQR|seasonal_hour_MAD,E02060
WS2M,2011-11-28 17:00:00+07:00,2011-11-28 18:00:00+07:00,2,1,4.221870370370373,seasonal_hour_IQR|seasonal_hour_MAD,E02061
WS2M,2011-01-23 22:00:00+07:00,2011-01-24 00:00:00+07:00,3,1,4.22187037037037,seasonal_hour_IQR|seasonal_hour_MAD,E02062
WS2M,2016-11-26 04:00:00+07:00,2016-11-26 06:00:00+07:00,3,1,4.221064516129031,seasonal_hour_IQR|seasonal_hour_MAD,E02063
WS2M,2007-03-18 01:00:00+07:00,2007-03-18 05:00:00+07:00,5,1,4.220442857142855,seasonal_hour_IQR|seasonal_hour_MAD,E02064
ALLSKY_SFC_SW_DWN,2007-12-28 17:00:00+07:00,2007-12-28 17:00:00+07:00,1,1,4.219512195121951,seasonal_hour_IQR,E02065
ALLSKY_SFC_SW_DWN,2011-12-30 17:00:00+07:00,2011-12-30 17:00:00+07:00,1,1,4.219512195121951,seasonal_hour_IQR,E02066
ALLSKY_SFC_SW_DWN,2019-12-28 17:00:00+07:00,2019-12-28 17:00:00+07:00,1,1,4.219512195121951,seasonal_hour_IQR,E02067
WS2M,2011-10-14 06:00:00+07:00,2011-10-14 07:00:00+07:00,2,1,4.2192127659574465,seasonal_hour_IQR|seasonal_hour_MAD,E02068
WS2M,2016-11-02 23:00:00+07:00,2016-11-03 03:00:00+07:00,5,1,4.215625000000001,seasonal_hour_IQR|seasonal_hour_MAD,E02069
WS2M,2005-10-29 23:00:00+07:00,2005-10-30 02:00:00+07:00,4,1,4.215625,seasonal_hour_IQR|seasonal_hour_MAD,E02070
WS2M,2013-10-01 16:00:00+07:00,2013-10-01 18:00:00+07:00,3,1,4.215625,seasonal_hour_IQR|seasonal_hour_MAD,E02071
RH2M,2002-09-12 19:00:00+07:00,2002-09-13 03:00:00+07:00,9,1,4.213593373493986,seasonal_hour_IQR|seasonal_hour_MAD,E02072
WS2M,2002-03-05 09:00:00+07:00,2002-03-05 11:00:00+07:00,3,1,4.213543209876542,seasonal_hour_IQR|seasonal_hour_MAD,E02073
WS2M,2017-04-27 03:00:00+07:00,2017-04-27 05:00:00+07:00,3,1,4.2130307692307705,seasonal_hour_IQR|seasonal_hour_MAD,E02074
WS2M,2017-03-14 07:00:00+07:00,2017-03-14 07:00:00+07:00,1,1,4.212860655737705,seasonal_hour_IQR|seasonal_hour_MAD,E02075
RH2M,2006-10-30 17:00:00+07:00,2006-10-30 19:00:00+07:00,3,1,4.211111922141121,seasonal_hour_IQR|seasonal_hour_MAD,E02076
WS2M,2010-01-22 01:00:00+07:00,2010-01-22 02:00:00+07:00,2,1,4.210515151515151,seasonal_hour_IQR|seasonal_hour_MAD,E02077
WS2M,2020-12-16 02:00:00+07:00,2020-12-16 05:00:00+07:00,4,1,4.210515151515151,seasonal_hour_IQR|seasonal_hour_MAD,E02078
RH2M,2001-07-06 19:00:00+07:00,2001-07-07 01:00:00+07:00,7,1,4.207595238095241,seasonal_hour_IQR|seasonal_hour_MAD,E02079
WS2M,2003-08-25 01:00:00+07:00,2003-08-25 05:00:00+07:00,5,1,4.207595238095239,seasonal_hour_IQR|seasonal_hour_MAD,E02080
WS2M,2009-12-15 22:00:00+07:00,2009-12-16 00:00:00+07:00,3,1,4.202653846153846,seasonal_hour_IQR|seasonal_hour_MAD,E02081
RH2M,2025-01-05 18:00:00+07:00,2025-01-05 21:00:00+07:00,4,1,4.201133789062496,seasonal_hour_IQR|seasonal_hour_MAD,E02082
RH2M,2007-03-09 05:00:00+07:00,2007-03-09 06:00:00+07:00,2,1,4.201073604060884,seasonal_hour_IQR|seasonal_hour_MAD,E02083
WS2M,2011-11-29 17:00:00+07:00,2011-11-29 18:00:00+07:00,2,1,4.200295454545452,seasonal_hour_IQR|seasonal_hour_MAD,E02084
WS2M,2018-11-14 17:00:00+07:00,2018-11-14 18:00:00+07:00,2,1,4.200295454545452,seasonal_hour_IQR|seasonal_hour_MAD,E02085
WS2M,2018-11-16 17:00:00+07:00,2018-11-16 18:00:00+07:00,2,1,4.200295454545452,seasonal_hour_IQR|seasonal_hour_MAD,E02086
T2M,2022-05-16 02:00:00+07:00,2022-05-16 14:00:00+07:00,13,1,4.19930645161291,seasonal_hour_IQR|seasonal_hour_MAD,E02087
WS2M,2025-04-12 10:00:00+07:00,2025-04-12 14:00:00+07:00,5,1,4.199173780487805,seasonal_hour_IQR|seasonal_hour_MAD,E02088
WS2M,2010-05-26 02:00:00+07:00,2010-05-26 05:00:00+07:00,4,1,4.19688888888889,seasonal_hour_IQR|seasonal_hour_MAD,E02089
RH2M,2004-10-07 17:00:00+07:00,2004-10-07 18:00:00+07:00,2,1,4.1963418491484195,seasonal_hour_IQR|seasonal_hour_MAD,E02090
RH2M,2016-06-02 02:00:00+07:00,2016-06-02 06:00:00+07:00,5,1,4.195998812351569,seasonal_hour_IQR|seasonal_hour_MAD,E02091
T2M,2018-06-05 05:00:00+07:00,2018-06-05 10:00:00+07:00,6,1,4.194163636363656,seasonal_hour_IQR|seasonal_hour_MAD,E02092
WS2M,2012-03-23 08:00:00+07:00,2012-03-23 14:00:00+07:00,7,1,4.189835294117647,seasonal_hour_IQR|seasonal_hour_MAD,E02093
WS2M,2005-11-18 23:00:00+07:00,2005-11-19 06:00:00+07:00,8,1,4.187520833333335,seasonal_hour_IQR|seasonal_hour_MAD,E02094
RH2M,2005-01-15 21:00:00+07:00,2005-01-16 02:00:00+07:00,6,1,4.186182539682544,seasonal_hour_IQR|seasonal_hour_MAD,E02095
RH2M,2013-08-13 18:00:00+07:00,2013-08-13 19:00:00+07:00,2,1,4.182292151162793,seasonal_hour_IQR|seasonal_hour_MAD,E02096
RH2M,2011-01-15 05:00:00+07:00,2011-01-15 07:00:00+07:00,3,1,4.181510115606944,seasonal_hour_MAD,E02097
RH2M,2008-02-14 07:00:00+07:00,2008-02-14 09:00:00+07:00,3,1,4.1798865671641785,seasonal_hour_IQR|seasonal_hour_MAD,E02098
ALLSKY_SFC_SW_DWN,2005-01-31 17:00:00+07:00,2005-01-31 17:00:00+07:00,1,1,4.1792549019607845,seasonal_hour_IQR|seasonal_hour_MAD,E02099
WS2M,2024-05-01 01:00:00+07:00,2024-05-01 07:00:00+07:00,7,1,4.178152777777778,seasonal_hour_IQR|seasonal_hour_MAD,E02100
RH2M,2004-06-07 19:00:00+07:00,2004-06-07 23:00:00+07:00,5,1,4.177365546218498,seasonal_hour_IQR|seasonal_hour_MAD,E02101
RH2M,2015-07-02 09:00:00+07:00,2015-07-02 22:00:00+07:00,14,1,4.177234870317003,seasonal_hour_IQR|seasonal_hour_MAD,E02102
WS2M,2001-01-24 17:00:00+07:00,2001-01-24 18:00:00+07:00,2,1,4.174608108108108,seasonal_hour_IQR|seasonal_hour_MAD,E02103
RH2M,2016-03-14 01:00:00+07:00,2016-03-14 07:00:00+07:00,7,1,4.171310580204766,seasonal_hour_IQR|seasonal_hour_MAD,E02104
WS2M,2006-09-25 01:00:00+07:00,2006-09-25 02:00:00+07:00,2,1,4.169636363636364,seasonal_hour_IQR|seasonal_hour_MAD,E02105
WS2M,2005-12-05 01:00:00+07:00,2005-12-05 03:00:00+07:00,3,1,4.1696363636363625,seasonal_hour_IQR|seasonal_hour_MAD,E02106
WS2M,2024-12-13 02:00:00+07:00,2024-12-13 06:00:00+07:00,5,1,4.1696363636363625,seasonal_hour_IQR|seasonal_hour_MAD,E02107
WS2M,2005-11-10 17:00:00+07:00,2005-11-10 18:00:00+07:00,2,1,4.169636363636362,seasonal_hour_IQR|seasonal_hour_MAD,E02108
WS2M,2024-12-06 17:00:00+07:00,2024-12-06 23:00:00+07:00,7,1,4.169636363636362,seasonal_hour_IQR|seasonal_hour_MAD,E02109
T2M,2002-08-18 23:00:00+07:00,2002-08-19 07:00:00+07:00,9,1,4.169636363636356,seasonal_hour_IQR|seasonal_hour_MAD,E02110
WS2M,2015-01-30 05:00:00+07:00,2015-01-30 06:00:00+07:00,2,1,4.168064102564104,seasonal_hour_IQR|seasonal_hour_MAD,E02111
RH2M,2006-12-22 17:00:00+07:00,2006-12-22 18:00:00+07:00,2,1,4.164259230769231,seasonal_hour_IQR|seasonal_hour_MAD,E02112
WS2M,2005-10-04 05:00:00+07:00,2005-10-04 05:00:00+07:00,1,1,4.162628571428572,seasonal_hour_IQR|seasonal_hour_MAD,E02113
RH2M,2024-10-03 20:00:00+07:00,2024-10-03 23:00:00+07:00,4,1,4.162440097799506,seasonal_hour_IQR|seasonal_hour_MAD,E02114
RH2M,2005-06-28 02:00:00+07:00,2005-06-28 06:00:00+07:00,5,1,4.162048494983262,seasonal_hour_IQR|seasonal_hour_MAD,E02115
T2M,2002-09-22 20:00:00+07:00,2002-09-23 10:00:00+07:00,15,1,4.160638586956522,seasonal_hour_IQR|seasonal_hour_MAD,E02116
WS2M,2006-10-01 23:00:00+07:00,2006-10-02 02:00:00+07:00,4,1,4.159416666666666,seasonal_hour_IQR|seasonal_hour_MAD,E02117
WS2M,2021-01-24 17:00:00+07:00,2021-01-24 18:00:00+07:00,2,1,4.156378378378379,seasonal_hour_IQR|seasonal_hour_MAD,E02118
RH2M,2014-10-07 18:00:00+07:00,2014-10-08 00:00:00+07:00,7,1,4.152545232273834,seasonal_hour_IQR|seasonal_hour_MAD,E02119
ALLSKY_SFC_SW_DWN,2005-10-01 17:00:00+07:00,2005-10-01 17:00:00+07:00,1,1,4.151281249999999,seasonal_hour_IQR|seasonal_hour_MAD,E02120
RH2M,2002-10-12 18:00:00+07:00,2002-10-12 22:00:00+07:00,5,1,4.14978095238095,seasonal_hour_IQR|seasonal_hour_MAD,E02121
RH2M,2023-09-01 03:00:00+07:00,2023-09-01 06:00:00+07:00,4,1,4.1490756676557785,seasonal_hour_IQR|seasonal_hour_MAD,E02122
WS2M,2015-09-16 23:00:00+07:00,2015-09-17 05:00:00+07:00,7,1,4.148175000000001,seasonal_hour_IQR|seasonal_hour_MAD,E02123
WS2M,2025-09-28 01:00:00+07:00,2025-09-28 02:00:00+07:00,2,1,4.148175000000001,seasonal_hour_IQR|seasonal_hour_MAD,E02124
ALLSKY_SFC_SW_DWN,2014-12-26 17:00:00+07:00,2014-12-26 17:00:00+07:00,1,1,4.146341463414634,seasonal_hour_IQR,E02125
ALLSKY_SFC_SW_DWN,2015-12-27 17:00:00+07:00,2015-12-27 17:00:00+07:00,1,1,4.146341463414634,seasonal_hour_IQR,E02126
T2M,2010-10-29 14:00:00+07:00,2010-10-30 06:00:00+07:00,17,1,4.145812101910828,seasonal_hour_IQR|seasonal_hour_MAD,E02127
RH2M,2023-08-19 02:00:00+07:00,2023-08-19 05:00:00+07:00,4,1,4.143910919540241,seasonal_hour_IQR|seasonal_hour_MAD,E02128
WS2M,2010-08-29 00:00:00+07:00,2010-08-29 05:00:00+07:00,6,1,4.143357142857144,seasonal_hour_IQR|seasonal_hour_MAD,E02129
WS2M,2017-11-30 23:00:00+07:00,2017-12-01 02:00:00+07:00,4,1,4.138977272727273,seasonal_hour_IQR|seasonal_hour_MAD,E02130
WS2M,2019-09-02 01:00:00+07:00,2019-09-02 03:00:00+07:00,3,1,4.1389772727272724,seasonal_hour_IQR|seasonal_hour_MAD,E02131
WS2M,2025-01-24 17:00:00+07:00,2025-01-24 18:00:00+07:00,2,1,4.13814864864865,seasonal_hour_IQR|seasonal_hour_MAD,E02132
WS2M,2004-01-18 21:00:00+07:00,2004-01-19 01:00:00+07:00,5,1,4.1369333333333325,seasonal_hour_IQR|seasonal_hour_MAD,E02133
WS2M,2011-08-19 21:00:00+07:00,2011-08-20 00:00:00+07:00,4,1,4.134978260869564,seasonal_hour_IQR|seasonal_hour_MAD,E02134
ALLSKY_SFC_SW_DWN,2007-01-28 16:00:00+07:00,2007-01-28 17:00:00+07:00,2,1,4.134288235294118,seasonal_hour_IQR|seasonal_hour_MAD,E02135
RH2M,2005-09-02 20:00:00+07:00,2005-09-03 00:00:00+07:00,5,1,4.132379746835431,seasonal_hour_IQR|seasonal_hour_MAD,E02136
RH2M,2020-02-17 23:00:00+07:00,2020-02-18 02:00:00+07:00,4,1,4.1322152034261075,seasonal_hour_MAD,E02137
WS2M,2021-10-12 23:00:00+07:00,2021-10-13 03:00:00+07:00,5,1,4.131312500000001,seasonal_hour_IQR|seasonal_hour_MAD,E02138
WS2M,2024-08-02 05:00:00+07:00,2024-08-02 05:00:00+07:00,1,1,4.131312500000001,seasonal_hour_IQR|seasonal_hour_MAD,E02139
WS2M,2009-11-20 01:00:00+07:00,2009-11-20 05:00:00+07:00,5,1,4.1313125,seasonal_hour_IQR|seasonal_hour_MAD,E02140
RH2M,2004-05-05 04:00:00+07:00,2004-05-05 05:00:00+07:00,2,1,4.130731034482748,seasonal_hour_IQR|seasonal_hour_MAD,E02141
WS2M,2007-04-08 04:00:00+07:00,2007-04-08 05:00:00+07:00,2,1,4.130015384615385,seasonal_hour_IQR|seasonal_hour_MAD,E02142
WS2M,2013-04-10 04:00:00+07:00,2013-04-10 05:00:00+07:00,2,1,4.130015384615385,seasonal_hour_IQR|seasonal_hour_MAD,E02143
RH2M,2007-05-13 22:00:00+07:00,2007-05-14 01:00:00+07:00,4,1,4.128649999999986,seasonal_hour_IQR|seasonal_hour_MAD,E02144
T2M,2013-09-29 22:00:00+07:00,2013-09-30 23:00:00+07:00,26,1,4.125202898550732,seasonal_hour_IQR|seasonal_hour_MAD,E02145
WS2M,2023-07-18 04:00:00+07:00,2023-07-18 11:00:00+07:00,8,1,4.124826923076926,seasonal_hour_IQR|seasonal_hour_MAD,E02146
WS2M,2014-08-29 08:00:00+07:00,2014-08-29 13:00:00+07:00,6,1,4.124401639344261,seasonal_hour_IQR|seasonal_hour_MAD,E02147
WS2M,2004-01-20 01:00:00+07:00,2004-01-20 03:00:00+07:00,3,1,4.124085714285712,seasonal_hour_IQR|seasonal_hour_MAD,E02148
WS2M,2007-03-06 22:00:00+07:00,2007-03-07 05:00:00+07:00,8,1,4.121944444444446,seasonal_hour_IQR|seasonal_hour_MAD,E02149
WS2M,2023-05-08 02:00:00+07:00,2023-05-08 04:00:00+07:00,3,1,4.121944444444446,seasonal_hour_IQR|seasonal_hour_MAD,E02150
WS2M,2024-05-31 02:00:00+07:00,2024-05-31 05:00:00+07:00,4,1,4.121944444444446,seasonal_hour_IQR|seasonal_hour_MAD,E02151
WS2M,2025-03-29 23:00:00+07:00,2025-03-30 05:00:00+07:00,7,1,4.121944444444445,seasonal_hour_IQR|seasonal_hour_MAD,E02152
WS2M,2014-01-08 21:00:00+07:00,2014-01-09 03:00:00+07:00,7,1,4.121944444444444,seasonal_hour_IQR|seasonal_hour_MAD,E02153
WS2M,2005-05-03 22:00:00+07:00,2005-05-03 23:00:00+07:00,2,1,4.121944444444443,seasonal_hour_IQR|seasonal_hour_MAD,E02154
RH2M,2025-03-21 20:00:00+07:00,2025-03-21 22:00:00+07:00,3,1,4.12194444444442,seasonal_hour_IQR|seasonal_hour_MAD,E02155
RH2M,2004-09-15 21:00:00+07:00,2004-09-16 02:00:00+07:00,6,1,4.12150872093022,seasonal_hour_IQR|seasonal_hour_MAD,E02156
RH2M,2003-03-09 05:00:00+07:00,2003-03-09 06:00:00+07:00,2,1,4.118901015228395,seasonal_hour_MAD,E02157
ALLSKY_SFC_SW_DWN,2016-02-28 16:00:00+07:00,2016-02-28 17:00:00+07:00,2,1,4.1184599847560985,seasonal_hour_IQR|seasonal_hour_MAD,E02158
WS2M,2020-09-21 18:00:00+07:00,2020-09-21 19:00:00+07:00,2,1,4.118,seasonal_hour_IQR|seasonal_hour_MAD,E02159
WS2M,2005-02-14 09:00:00+07:00,2005-02-14 17:00:00+07:00,9,1,4.117470149253732,seasonal_hour_IQR|seasonal_hour_MAD,E02160
PS,2016-01-23 17:00:00+07:00,2016-01-25 13:00:00+07:00,45,1,4.114450000000035,seasonal_hour_IQR|seasonal_hour_MAD,E02161
RH2M,2003-03-09 22:00:00+07:00,2003-03-10 03:00:00+07:00,6,1,4.113892561983469,seasonal_hour_IQR|seasonal_hour_MAD,E02162
RH2M,2004-06-22 05:00:00+07:00,2004-06-22 07:00:00+07:00,3,1,4.112419732441457,seasonal_hour_IQR|seasonal_hour_MAD,E02163
RH2M,2021-06-06 02:00:00+07:00,2021-06-06 03:00:00+07:00,2,1,4.110632075471688,seasonal_hour_IQR|seasonal_hour_MAD,E02164
WS2M,2021-10-08 22:00:00+07:00,2021-10-08 23:00:00+07:00,2,1,4.10831818181818,seasonal_hour_IQR|seasonal_hour_MAD,E02165
RH2M,2013-10-25 18:00:00+07:00,2013-10-25 22:00:00+07:00,5,1,4.10802619047619,seasonal_hour_IQR|seasonal_hour_MAD,E02166
RH2M,2006-02-23 04:00:00+07:00,2006-02-23 05:00:00+07:00,2,1,4.107166666666675,seasonal_hour_MAD,E02167
RH2M,2006-01-20 04:00:00+07:00,2006-01-20 05:00:00+07:00,2,1,4.105482658959545,seasonal_hour_MAD,E02168
WS2M,2006-03-14 04:00:00+07:00,2006-03-14 05:00:00+07:00,2,1,4.104814285714284,seasonal_hour_IQR|seasonal_hour_MAD,E02169
RH2M,2012-03-25 07:00:00+07:00,2012-03-25 10:00:00+07:00,4,1,4.104551194539239,seasonal_hour_IQR|seasonal_hour_MAD,E02170
WS2M,2021-05-24 05:00:00+07:00,2021-05-24 07:00:00+07:00,3,1,4.103208333333336,seasonal_hour_IQR|seasonal_hour_MAD,E02171
WS2M,2025-11-03 23:00:00+07:00,2025-11-04 01:00:00+07:00,3,1,4.103208333333334,seasonal_hour_IQR|seasonal_hour_MAD,E02172
WS2M,2001-01-05 17:00:00+07:00,2001-01-05 18:00:00+07:00,2,1,4.101689189189189,seasonal_hour_IQR|seasonal_hour_MAD,E02173
RH2M,2015-07-14 05:00:00+07:00,2015-07-14 15:00:00+07:00,11,1,4.099620567375852,seasonal_hour_IQR|seasonal_hour_MAD,E02174
WS2M,2015-08-02 16:00:00+07:00,2015-08-02 19:00:00+07:00,4,1,4.098884615384615,seasonal_hour_IQR|seasonal_hour_MAD,E02175
WS2M,2012-01-30 22:00:00+07:00,2012-01-31 00:00:00+07:00,3,1,4.096962962962963,seasonal_hour_IQR|seasonal_hour_MAD,E02176
T2M,2001-05-01 04:00:00+07:00,2001-05-01 11:00:00+07:00,8,1,4.095955645161296,seasonal_hour_IQR|seasonal_hour_MAD,E02177
ALLSKY_SFC_SW_DWN,2023-02-25 06:00:00+07:00,2023-02-25 09:00:00+07:00,4,1,4.095688466757124,seasonal_hour_IQR|seasonal_hour_MAD,E02178
RH2M,2018-10-03 20:00:00+07:00,2018-10-04 00:00:00+07:00,5,1,4.0941800518134706,seasonal_hour_IQR|seasonal_hour_MAD,E02179
ALLSKY_SFC_SW_DWN,2020-12-01 06:00:00+07:00,2020-12-01 06:00:00+07:00,1,1,4.093747524752477,seasonal_hour_IQR|seasonal_hour_MAD,E02180
RH2M,2024-02-10 17:00:00+07:00,2024-02-10 20:00:00+07:00,4,1,4.093727409638552,seasonal_hour_IQR|seasonal_hour_MAD,E02181
WS2M,2005-03-12 11:00:00+07:00,2005-03-12 16:00:00+07:00,6,1,4.0925743243243256,seasonal_hour_IQR|seasonal_hour_MAD,E02182
RH2M,2005-01-14 17:00:00+07:00,2005-01-14 21:00:00+07:00,5,1,4.090473632812496,seasonal_hour_IQR|seasonal_hour_MAD,E02183
RH2M,2013-06-13 06:00:00+07:00,2013-06-13 06:00:00+07:00,1,1,4.090257719714989,seasonal_hour_IQR|seasonal_hour_MAD,E02184
RH2M,2008-03-01 18:00:00+07:00,2008-03-01 21:00:00+07:00,4,1,4.089156250000005,seasonal_hour_IQR|seasonal_hour_MAD,E02185
RH2M,2006-04-17 06:00:00+07:00,2006-04-17 06:00:00+07:00,1,1,4.08875476190476,seasonal_hour_IQR|seasonal_hour_MAD,E02186
WS2M,2005-01-27 17:00:00+07:00,2005-01-27 18:00:00+07:00,2,1,4.087878787878786,seasonal_hour_IQR|seasonal_hour_MAD,E02187
WS2M,2004-05-31 03:00:00+07:00,2004-05-31 05:00:00+07:00,3,1,4.085542857142857,seasonal_hour_IQR|seasonal_hour_MAD,E02188
PS,2005-03-04 10:00:00+07:00,2005-03-05 22:00:00+07:00,37,1,4.085542857142767,seasonal_hour_IQR|seasonal_hour_MAD,E02189
RH2M,2008-09-15 19:00:00+07:00,2008-09-16 00:00:00+07:00,6,1,4.0854486970684,seasonal_hour_IQR|seasonal_hour_MAD,E02190
RH2M,2004-07-05 23:00:00+07:00,2004-07-06 04:00:00+07:00,6,1,4.085323863636351,seasonal_hour_IQR|seasonal_hour_MAD,E02191
RH2M,2018-08-09 18:00:00+07:00,2018-08-09 20:00:00+07:00,3,1,4.084704968944083,seasonal_hour_IQR|seasonal_hour_MAD,E02192
WS2M,2008-03-26 02:00:00+07:00,2008-03-26 05:00:00+07:00,4,1,4.084472222222223,seasonal_hour_IQR|seasonal_hour_MAD,E02193
WS2M,2004-01-27 05:00:00+07:00,2004-01-27 06:00:00+07:00,2,1,4.08447222222222,seasonal_hour_IQR|seasonal_hour_MAD,E02194
RH2M,2001-04-13 06:00:00+07:00,2001-04-13 06:00:00+07:00,1,1,4.082330952380947,seasonal_hour_IQR|seasonal_hour_MAD,E02195
WS2M,2004-02-04 01:00:00+07:00,2004-02-04 05:00:00+07:00,5,1,4.081151898734177,seasonal_hour_IQR|seasonal_hour_MAD,E02196
T2M,2019-09-25 01:00:00+07:00,2019-09-25 07:00:00+07:00,7,1,4.080913407821231,seasonal_hour_IQR|seasonal_hour_MAD,E02197
RH2M,2010-06-02 21:00:00+07:00,2010-06-03 02:00:00+07:00,6,1,4.077859477124179,seasonal_hour_IQR|seasonal_hour_MAD,E02198
WS2M,2017-10-11 22:00:00+07:00,2017-10-12 00:00:00+07:00,3,1,4.07765909090909,seasonal_hour_IQR|seasonal_hour_MAD,E02199
WS2M,2023-12-10 17:00:00+07:00,2023-12-10 18:00:00+07:00,2,1,4.077659090909088,seasonal_hour_IQR|seasonal_hour_MAD,E02200
RH2M,2018-06-09 21:00:00+07:00,2018-06-10 01:00:00+07:00,5,1,4.076723728813578,seasonal_hour_IQR|seasonal_hour_MAD,E02201
ALLSKY_SFC_SW_DWN,2019-12-27 17:00:00+07:00,2019-12-27 17:00:00+07:00,1,1,4.073170731707317,seasonal_hour_IQR,E02202
WS2M,2020-12-18 23:00:00+07:00,2020-12-19 01:00:00+07:00,3,1,4.0729423076923075,seasonal_hour_IQR|seasonal_hour_MAD,E02203
WS2M,2013-06-24 23:00:00+07:00,2013-06-25 04:00:00+07:00,6,1,4.071089285714285,seasonal_hour_IQR|seasonal_hour_MAD,E02204
RH2M,2011-05-29 02:00:00+07:00,2011-05-29 04:00:00+07:00,3,1,4.069042483660129,seasonal_hour_IQR|seasonal_hour_MAD,E02205
RH2M,2021-01-09 07:00:00+07:00,2021-01-09 07:00:00+07:00,1,1,4.068704207920801,seasonal_hour_MAD,E02206
WS2M,2005-03-24 01:00:00+07:00,2005-03-24 05:00:00+07:00,5,1,4.0662714285714285,seasonal_hour_IQR|seasonal_hour_MAD,E02207
WS2M,2023-01-06 03:00:00+07:00,2023-01-06 05:00:00+07:00,3,1,4.0662714285714285,seasonal_hour_IQR|seasonal_hour_MAD,E02208
WS2M,2011-10-25 02:00:00+07:00,2011-10-25 04:00:00+07:00,3,1,4.066271428571428,seasonal_hour_IQR|seasonal_hour_MAD,E02209
WS2M,2004-03-26 00:00:00+07:00,2004-03-26 03:00:00+07:00,4,1,4.065736111111112,seasonal_hour_IQR|seasonal_hour_MAD,E02210
WS2M,2005-01-28 17:00:00+07:00,2005-01-28 18:00:00+07:00,2,1,4.06522972972973,seasonal_hour_IQR|seasonal_hour_MAD,E02211
RH2M,2024-05-01 01:00:00+07:00,2024-05-01 02:00:00+07:00,2,1,4.064986666666663,seasonal_hour_MAD,E02212
RH2M,2023-06-10 18:00:00+07:00,2023-06-10 18:00:00+07:00,1,1,4.062033432392271,seasonal_hour_IQR|seasonal_hour_MAD,E02213
ALLSKY_SFC_SW_DWN,2025-01-30 17:00:00+07:00,2025-01-30 17:00:00+07:00,1,1,4.060225490196078,seasonal_hour_IQR|seasonal_hour_MAD,E02214
RH2M,2015-08-22 18:00:00+07:00,2015-08-22 22:00:00+07:00,5,1,4.059568322981349,seasonal_hour_IQR|seasonal_hour_MAD,E02215
RH2M,2002-01-06 17:00:00+07:00,2002-01-06 19:00:00+07:00,3,1,4.057110278372589,seasonal_hour_IQR|seasonal_hour_MAD,E02216
RH2M,2004-01-24 07:00:00+07:00,2004-01-24 09:00:00+07:00,3,1,4.055347772277234,seasonal_hour_IQR|seasonal_hour_MAD,E02217
RH2M,2005-03-11 14:00:00+07:00,2005-03-11 21:00:00+07:00,8,1,4.054473684210527,seasonal_hour_IQR|seasonal_hour_MAD,E02218
WS2M,2021-10-18 00:00:00+07:00,2021-10-18 02:00:00+07:00,3,1,4.047000000000001,seasonal_hour_IQR|seasonal_hour_MAD,E02219
ALLSKY_SFC_SW_DWN,2007-01-29 17:00:00+07:00,2007-01-29 17:00:00+07:00,1,1,4.047,seasonal_hour_IQR|seasonal_hour_MAD,E02220
RH2M,2005-02-28 19:00:00+07:00,2005-02-28 20:00:00+07:00,2,1,4.047,seasonal_hour_IQR|seasonal_hour_MAD,E02221
WS2M,2005-02-10 06:00:00+07:00,2005-02-10 07:00:00+07:00,2,1,4.047,seasonal_hour_IQR|seasonal_hour_MAD,E02222
WS2M,2015-07-29 22:00:00+07:00,2015-07-30 01:00:00+07:00,4,1,4.047,seasonal_hour_IQR|seasonal_hour_MAD,E02223
WS2M,2004-01-15 17:00:00+07:00,2004-01-15 17:00:00+07:00,1,1,4.046999999999999,seasonal_hour_IQR|seasonal_hour_MAD,E02224
WS2M,2008-05-09 22:00:00+07:00,2008-05-10 04:00:00+07:00,7,1,4.046999999999999,seasonal_hour_IQR|seasonal_hour_MAD,E02225
WS2M,2016-10-13 21:00:00+07:00,2016-10-13 23:00:00+07:00,3,1,4.046999999999999,seasonal_hour_IQR|seasonal_hour_MAD,E02226
WS2M,2020-02-03 21:00:00+07:00,2020-02-03 23:00:00+07:00,3,1,4.046999999999999,seasonal_hour_IQR|seasonal_hour_MAD,E02227
WS2M,2020-09-15 19:00:00+07:00,2020-09-15 20:00:00+07:00,2,1,4.046999999999999,seasonal_hour_IQR|seasonal_hour_MAD,E02228
WS2M,2010-06-08 16:00:00+07:00,2010-06-08 18:00:00+07:00,3,1,4.046999999999998,seasonal_hour_IQR|seasonal_hour_MAD,E02229
RH2M,2011-04-19 00:00:00+07:00,2011-04-19 03:00:00+07:00,4,1,4.043833333333313,seasonal_hour_IQR|seasonal_hour_MAD,E02230
T2M,2019-09-23 01:00:00+07:00,2019-09-23 07:00:00+07:00,7,1,4.04323184357542,seasonal_hour_IQR|seasonal_hour_MAD,E02231
RH2M,2006-09-10 04:00:00+07:00,2006-09-10 06:00:00+07:00,3,1,4.040995548961418,seasonal_hour_IQR|seasonal_hour_MAD,E02232
RH2M,2005-10-24 19:00:00+07:00,2005-10-24 23:00:00+07:00,5,1,4.040576190476189,seasonal_hour_IQR|seasonal_hour_MAD,E02233
RH2M,2020-04-29 03:00:00+07:00,2020-04-29 04:00:00+07:00,2,1,4.039247126436771,seasonal_hour_IQR|seasonal_hour_MAD,E02234
ALLSKY_SFC_SW_DWN,2010-02-26 15:00:00+07:00,2010-02-26 16:00:00+07:00,2,1,4.03889724025974,seasonal_hour_IQR|seasonal_hour_MAD,E02235
RH2M,2005-05-18 18:00:00+07:00,2005-05-18 23:00:00+07:00,6,1,4.0356638655462005,seasonal_hour_IQR|seasonal_hour_MAD,E02236
RH2M,2007-04-10 22:00:00+07:00,2007-04-10 23:00:00+07:00,2,1,4.035303468208096,seasonal_hour_MAD,E02237
RH2M,2020-04-14 00:00:00+07:00,2020-04-14 00:00:00+07:00,1,1,4.0337093596059095,seasonal_hour_MAD,E02238
RH2M,2023-10-21 06:00:00+07:00,2023-10-21 07:00:00+07:00,2,1,4.0326489361702205,seasonal_hour_IQR|seasonal_hour_MAD,E02239
RH2M,2012-04-29 04:00:00+07:00,2012-04-29 05:00:00+07:00,2,1,4.031166666666649,seasonal_hour_IQR|seasonal_hour_MAD,E02240
ALLSKY_SFC_SW_DWN,2020-04-29 05:00:00+07:00,2020-04-29 08:00:00+07:00,4,1,4.02829445350734,seasonal_hour_IQR|seasonal_hour_MAD,E02241
ALLSKY_SFC_SW_DWN,2024-03-05 11:00:00+07:00,2024-03-05 16:00:00+07:00,6,1,4.028021507115136,seasonal_hour_IQR|seasonal_hour_MAD,E02242
WS2M,2008-01-22 01:00:00+07:00,2008-01-22 03:00:00+07:00,3,1,4.026560606060604,seasonal_hour_IQR|seasonal_hour_MAD,E02243
WS2M,2008-01-24 01:00:00+07:00,2008-01-24 06:00:00+07:00,6,1,4.026560606060604,seasonal_hour_IQR|seasonal_hour_MAD,E02244
WS2M,2022-12-29 02:00:00+07:00,2022-12-29 04:00:00+07:00,3,1,4.026560606060604,seasonal_hour_IQR|seasonal_hour_MAD,E02245
RH2M,2010-03-05 05:00:00+07:00,2010-03-05 06:00:00+07:00,2,1,4.026456852791848,seasonal_hour_MAD,E02246
RH2M,2004-10-02 03:00:00+07:00,2004-10-02 06:00:00+07:00,4,1,4.025473404255329,seasonal_hour_IQR|seasonal_hour_MAD,E02247
WS2M,2017-10-15 01:00:00+07:00,2017-10-15 02:00:00+07:00,2,1,4.025241935483872,seasonal_hour_IQR|seasonal_hour_MAD,E02248
WS2M,2021-01-11 01:00:00+07:00,2021-01-11 03:00:00+07:00,3,1,4.02524193548387,seasonal_hour_IQR|seasonal_hour_MAD,E02249
RH2M,2007-09-23 01:00:00+07:00,2007-09-23 06:00:00+07:00,6,1,4.024983679525214,seasonal_hour_IQR|seasonal_hour_MAD,E02250
WS2M,2021-06-28 01:00:00+07:00,2021-06-28 05:00:00+07:00,5,1,4.024516666666666,seasonal_hour_IQR|seasonal_hour_MAD,E02251
ALLSKY_SFC_SW_DWN,2007-12-30 17:00:00+07:00,2007-12-30 17:00:00+07:00,1,1,4.024390243902439,seasonal_hour_IQR,E02252
RH2M,2001-05-16 02:00:00+07:00,2001-05-16 05:00:00+07:00,4,1,4.024212837837826,seasonal_hour_IQR|seasonal_hour_MAD,E02253
WS2M,2022-01-08 22:00:00+07:00,2022-01-09 01:00:00+07:00,4,1,4.022018518518518,seasonal_hour_IQR|seasonal_hour_MAD,E02254
ALLSKY_SFC_SW_DWN,2023-01-30 07:00:00+07:00,2023-01-30 10:00:00+07:00,4,1,4.018801548387097,seasonal_hour_IQR|seasonal_hour_MAD,E02255
RH2M,2025-02-08 04:00:00+07:00,2025-02-08 05:00:00+07:00,2,1,4.018092857142869,seasonal_hour_MAD,E02256
WS2M,2010-12-25 12:00:00+07:00,2010-12-25 17:00:00+07:00,6,1,4.016340909090908,seasonal_hour_IQR|seasonal_hour_MAD,E02257
WS2M,2022-10-30 23:00:00+07:00,2022-10-31 00:00:00+07:00,2,1,4.016340909090908,seasonal_hour_IQR|seasonal_hour_MAD,E02258
RH2M,2025-02-10 02:00:00+07:00,2025-02-10 04:00:00+07:00,3,1,4.016213692946066,seasonal_hour_MAD,E02259
RH2M,2010-06-05 18:00:00+07:00,2010-06-06 00:00:00+07:00,7,1,4.015930906389299,seasonal_hour_IQR|seasonal_hour_MAD,E02260
RH2M,2007-03-08 21:00:00+07:00,2007-03-08 22:00:00+07:00,2,1,4.015773148148128,seasonal_hour_IQR|seasonal_hour_MAD,E02261
RH2M,2004-07-02 18:00:00+07:00,2004-07-03 05:00:00+07:00,12,1,4.013955331412103,seasonal_hour_IQR|seasonal_hour_MAD,E02262
RH2M,2004-11-18 17:00:00+07:00,2004-11-18 18:00:00+07:00,2,1,4.013558403361342,seasonal_hour_IQR|seasonal_hour_MAD,E02263
WS2M,2011-09-24 01:00:00+07:00,2011-09-24 01:00:00+07:00,1,1,4.013275,seasonal_hour_IQR|seasonal_hour_MAD,E02264
RH2M,2007-03-18 05:00:00+07:00,2007-03-18 06:00:00+07:00,2,1,4.01276142131977,seasonal_hour_MAD,E02265
RH2M,2024-03-08 05:00:00+07:00,2024-03-08 06:00:00+07:00,2,1,4.01276142131977,seasonal_hour_MAD,E02266
RH2M,2025-03-18 21:00:00+07:00,2025-03-18 22:00:00+07:00,2,1,4.012650462962942,seasonal_hour_IQR|seasonal_hour_MAD,E02267
T2M,2018-04-07 17:00:00+07:00,2018-04-08 06:00:00+07:00,14,1,4.012212034383952,seasonal_hour_IQR|seasonal_hour_MAD,E02268
RH2M,2014-10-08 18:00:00+07:00,2014-10-08 19:00:00+07:00,2,1,4.010895377128956,seasonal_hour_IQR|seasonal_hour_MAD,E02269
WS2M,2001-01-07 18:00:00+07:00,2001-01-07 21:00:00+07:00,4,1,4.010540540540541,seasonal_hour_IQR|seasonal_hour_MAD,E02270
WS2M,2003-03-19 23:00:00+07:00,2003-03-20 05:00:00+07:00,7,1,4.0095277777777785,seasonal_hour_IQR|seasonal_hour_MAD,E02271
RH2M,2009-06-08 06:00:00+07:00,2009-06-08 06:00:00+07:00,1,1,4.0069465558195,seasonal_hour_IQR|seasonal_hour_MAD,E02272
RH2M,2007-01-05 04:00:00+07:00,2007-01-05 07:00:00+07:00,4,1,4.006062138728333,seasonal_hour_MAD,E02273
RH2M,2018-03-20 06:00:00+07:00,2018-03-20 07:00:00+07:00,2,1,4.005913705583726,seasonal_hour_MAD,E02274
T2M,2002-12-26 09:00:00+07:00,2002-12-27 02:00:00+07:00,18,1,4.005764192139739,seasonal_hour_IQR|seasonal_hour_MAD,E02275
RH2M,2019-12-08 17:00:00+07:00,2019-12-08 19:00:00+07:00,3,1,4.004454615384615,seasonal_hour_IQR|seasonal_hour_MAD,E02276
WS2M,2013-03-02 05:00:00+07:00,2013-03-02 07:00:00+07:00,3,1,4.002770491803279,seasonal_hour_IQR|seasonal_hour_MAD,E02277
ALLSKY_SFC_SW_DWN,2023-02-26 06:00:00+07:00,2023-02-26 09:00:00+07:00,4,1,4.002331125827814,seasonal_hour_IQR|seasonal_hour_MAD,E02278
RH2M,2011-03-27 21:00:00+07:00,2011-03-28 00:00:00+07:00,4,1,4.001832589285725,seasonal_hour_IQR|seasonal_hour_MAD,E02279
WS2M,2009-12-27 10:00:00+07:00,2009-12-27 12:00:00+07:00,3,1,4.001425675675674,seasonal_hour_IQR|seasonal_hour_MAD,E02280
RH2M,2011-05-01 00:00:00+07:00,2011-05-01 05:00:00+07:00,6,1,4.001425675675666,seasonal_hour_IQR|seasonal_hour_MAD,E02281
RH2M,2004-10-09 01:00:00+07:00,2004-10-09 05:00:00+07:00,5,1,4.000936585365858,seasonal_hour_IQR|seasonal_hour_MAD,E02282
RH2M,2009-11-03 03:00:00+07:00,2009-11-03 09:00:00+07:00,7,1,4.000826174496646,seasonal_hour_IQR|seasonal_hour_MAD,E02283
T2M,2004-06-08 01:00:00+07:00,2004-06-08 06:00:00+07:00,6,1,4.000482758620687,seasonal_hour_IQR|seasonal_hour_MAD,E02284
WS2M,2008-06-08 23:00:00+07:00,2008-06-09 05:00:00+07:00,7,1,3.998821428571428,seasonal_hour_IQR|seasonal_hour_MAD,E02285
RH2M,2018-03-08 21:00:00+07:00,2018-03-09 01:00:00+07:00,5,1,3.998590909090903,seasonal_hour_IQR|seasonal_hour_MAD,E02286
WS2M,2005-05-18 16:00:00+07:00,2005-05-18 18:00:00+07:00,3,1,3.9979454545454556,seasonal_hour_IQR|seasonal_hour_MAD,E02287
WS2M,2020-11-18 18:00:00+07:00,2020-11-18 19:00:00+07:00,2,1,3.997037037037038,seasonal_hour_IQR|seasonal_hour_MAD,E02288
WS2M,2022-11-11 17:00:00+07:00,2022-11-11 18:00:00+07:00,2,1,3.997037037037038,seasonal_hour_IQR|seasonal_hour_MAD,E02289
WS2M,2022-01-28 22:00:00+07:00,2022-01-29 00:00:00+07:00,3,1,3.9970370370370367,seasonal_hour_IQR|seasonal_hour_MAD,E02290
RH2M,2014-07-23 18:00:00+07:00,2014-07-23 19:00:00+07:00,2,1,3.9964610951008663,seasonal_hour_IQR|seasonal_hour_MAD,E02291
RH2M,2003-11-10 05:00:00+07:00,2003-11-10 06:00:00+07:00,2,1,3.9959687500000025,seasonal_hour_IQR|seasonal_hour_MAD,E02292
WS2M,2022-02-13 05:00:00+07:00,2022-02-13 06:00:00+07:00,2,1,3.9951153846153855,seasonal_hour_IQR|seasonal_hour_MAD,E02293
WS2M,2010-10-27 19:00:00+07:00,2010-10-27 22:00:00+07:00,4,1,3.995115384615384,seasonal_hour_IQR|seasonal_hour_MAD,E02294
WS2M,2016-12-26 22:00:00+07:00,2016-12-27 00:00:00+07:00,3,1,3.995115384615384,seasonal_hour_IQR|seasonal_hour_MAD,E02295
RH2M,2021-10-25 18:00:00+07:00,2021-10-26 00:00:00+07:00,7,1,3.9948723653395835,seasonal_hour_IQR|seasonal_hour_MAD,E02296
RH2M,2013-03-27 03:00:00+07:00,2013-03-27 06:00:00+07:00,4,1,3.9924659574468206,seasonal_hour_IQR|seasonal_hour_MAD,E02297
WS2M,2015-01-27 17:00:00+07:00,2015-01-27 18:00:00+07:00,2,1,3.9923108108108116,seasonal_hour_MAD,E02298
RH2M,2011-05-23 01:00:00+07:00,2011-05-23 05:00:00+07:00,5,1,3.9923108108108023,seasonal_hour_IQR|seasonal_hour_MAD,E02299
WS2M,2021-03-22 01:00:00+07:00,2021-03-22 05:00:00+07:00,5,1,3.990791666666668,seasonal_hour_IQR|seasonal_hour_MAD,E02300
WS2M,2021-10-29 22:00:00+07:00,2021-10-30 02:00:00+07:00,5,1,3.990791666666668,seasonal_hour_IQR|seasonal_hour_MAD,E02301
WS2M,2013-03-16 01:00:00+07:00,2013-03-16 05:00:00+07:00,5,1,3.990791666666667,seasonal_hour_IQR|seasonal_hour_MAD,E02302
WS2M,2005-08-17 04:00:00+07:00,2005-08-17 05:00:00+07:00,2,1,3.9907916666666665,seasonal_hour_IQR|seasonal_hour_MAD,E02303
RH2M,2003-03-18 22:00:00+07:00,2003-03-19 02:00:00+07:00,5,1,3.9905779467680427,seasonal_hour_IQR|seasonal_hour_MAD,E02304
ALLSKY_SFC_SW_DWN,2022-03-08 11:00:00+07:00,2022-03-08 17:00:00+07:00,7,1,3.988755659767141,seasonal_hour_IQR|seasonal_hour_MAD,E02305
RH2M,2005-12-22 16:00:00+07:00,2005-12-22 17:00:00+07:00,2,1,3.9868138461538463,seasonal_hour_IQR|seasonal_hour_MAD,E02306
RH2M,2012-10-31 03:00:00+07:00,2012-10-31 06:00:00+07:00,4,1,3.9860079787234137,seasonal_hour_IQR|seasonal_hour_MAD,E02307
WS2M,2013-09-25 01:00:00+07:00,2013-09-25 02:00:00+07:00,2,1,3.9856818181818188,seasonal_hour_IQR|seasonal_hour_MAD,E02308
WS2M,2018-10-26 21:00:00+07:00,2018-10-27 00:00:00+07:00,4,1,3.9856818181818174,seasonal_hour_IQR|seasonal_hour_MAD,E02309
WS2M,2022-12-17 10:00:00+07:00,2022-12-17 17:00:00+07:00,8,1,3.985681818181816,seasonal_hour_IQR|seasonal_hour_MAD,E02310
RH2M,2005-09-13 04:00:00+07:00,2005-09-13 06:00:00+07:00,3,1,3.984954005934712,seasonal_hour_IQR|seasonal_hour_MAD,E02311
RH2M,2003-03-10 06:00:00+07:00,2003-03-10 07:00:00+07:00,2,1,3.984844709897599,seasonal_hour_MAD,E02312
ALLSKY_SFC_SW_DWN,2018-03-09 07:00:00+07:00,2018-03-09 13:00:00+07:00,7,1,3.982135896337545,seasonal_hour_IQR|seasonal_hour_MAD,E02313
WS2M,2005-09-14 04:00:00+07:00,2005-09-14 05:00:00+07:00,2,1,3.9795500000000006,seasonal_hour_IQR|seasonal_hour_MAD,E02314
RH2M,2005-10-09 19:00:00+07:00,2005-10-09 22:00:00+07:00,4,1,3.9795499999999975,seasonal_hour_IQR|seasonal_hour_MAD,E02315
T2M,2003-06-16 03:00:00+07:00,2003-06-16 06:00:00+07:00,4,1,3.9772241379310316,seasonal_hour_IQR|seasonal_hour_MAD,E02316
RH2M,2003-09-03 06:00:00+07:00,2003-09-03 06:00:00+07:00,1,1,3.9769480712166128,seasonal_hour_IQR|seasonal_hour_MAD,E02317
ALLSKY_SFC_SW_DWN,2006-01-30 17:00:00+07:00,2006-01-30 17:00:00+07:00,1,1,3.9755823529411765,seasonal_hour_IQR|seasonal_hour_MAD,E02318
RH2M,2004-02-13 07:00:00+07:00,2004-02-13 07:00:00+07:00,1,1,3.974516417910448,seasonal_hour_MAD,E02319
WS2M,2001-01-21 18:00:00+07:00,2001-01-21 18:00:00+07:00,1,1,3.9740810810810805,seasonal_hour_MAD,E02320
WS2M,2005-01-20 17:00:00+07:00,2005-01-20 18:00:00+07:00,2,1,3.9740810810810805,seasonal_hour_IQR|seasonal_hour_MAD,E02321
RH2M,2004-04-01 22:00:00+07:00,2004-04-01 23:00:00+07:00,2,1,3.9729219653179197,seasonal_hour_MAD,E02322
WS2M,2019-03-27 22:00:00+07:00,2019-03-28 00:00:00+07:00,3,1,3.972055555555557,seasonal_hour_IQR|seasonal_hour_MAD,E02323
WS2M,2007-01-04 22:00:00+07:00,2007-01-05 00:00:00+07:00,3,1,3.972055555555555,seasonal_hour_IQR|seasonal_hour_MAD,E02324
WS2M,2024-01-20 23:00:00+07:00,2024-01-21 01:00:00+07:00,3,1,3.972055555555555,seasonal_hour_IQR|seasonal_hour_MAD,E02325
RH2M,2018-06-13 22:00:00+07:00,2018-06-14 01:00:00+07:00,4,1,3.9720555555555546,seasonal_hour_IQR|seasonal_hour_MAD,E02326
RH2M,2008-10-06 20:00:00+07:00,2008-10-06 23:00:00+07:00,4,1,3.9711393643031747,seasonal_hour_IQR|seasonal_hour_MAD,E02327
RH2M,2007-08-11 05:00:00+07:00,2007-08-11 06:00:00+07:00,2,1,3.9705566666666723,seasonal_hour_IQR|seasonal_hour_MAD,E02328
T2M,2015-07-01 06:00:00+07:00,2015-07-01 19:00:00+07:00,14,1,3.97008333333333,seasonal_hour_IQR|seasonal_hour_MAD,E02329
T2M,2002-08-19 23:00:00+07:00,2002-08-20 06:00:00+07:00,8,1,3.9695983606557412,seasonal_hour_IQR|seasonal_hour_MAD,E02330
WS2M,2003-12-08 22:00:00+07:00,2003-12-09 00:00:00+07:00,3,1,3.9691730769230764,seasonal_hour_IQR|seasonal_hour_MAD,E02331
WS2M,2011-12-29 23:00:00+07:00,2011-12-30 01:00:00+07:00,3,1,3.9691730769230764,seasonal_hour_IQR|seasonal_hour_MAD,E02332
WS2M,2020-12-17 22:00:00+07:00,2020-12-18 05:00:00+07:00,8,1,3.9691730769230764,seasonal_hour_IQR|seasonal_hour_MAD,E02333
RH2M,2024-10-25 19:00:00+07:00,2024-10-25 22:00:00+07:00,4,1,3.9683083333333316,seasonal_hour_IQR|seasonal_hour_MAD,E02334
ALLSKY_SFC_SW_DWN,2005-04-30 05:00:00+07:00,2005-04-30 09:00:00+07:00,5,1,3.967496197718632,seasonal_hour_IQR|seasonal_hour_MAD,E02335
RH2M,2003-05-06 05:00:00+07:00,2003-05-06 06:00:00+07:00,2,1,3.9671612244897907,seasonal_hour_IQR|seasonal_hour_MAD,E02336
RH2M,2019-02-22 04:00:00+07:00,2019-02-22 05:00:00+07:00,2,1,3.9667023809523947,seasonal_hour_MAD,E02337
WS2M,2008-07-21 00:00:00+07:00,2008-07-21 03:00:00+07:00,4,1,3.9660599999999993,seasonal_hour_IQR|seasonal_hour_MAD,E02338
RH2M,2006-09-23 18:00:00+07:00,2006-09-23 22:00:00+07:00,5,1,3.965912568305998,seasonal_hour_IQR|seasonal_hour_MAD,E02339
T2M,2003-06-17 02:00:00+07:00,2003-06-17 06:00:00+07:00,5,1,3.965594827586206,seasonal_hour_IQR|seasonal_hour_MAD,E02340
WS2M,2016-01-07 17:00:00+07:00,2016-01-07 17:00:00+07:00,1,1,3.9652424242424225,seasonal_hour_IQR|seasonal_hour_MAD,E02341
RH2M,2011-01-24 04:00:00+07:00,2011-01-24 07:00:00+07:00,4,1,3.9651242774566553,seasonal_hour_MAD,E02342
RH2M,2002-04-11 03:00:00+07:00,2002-04-11 06:00:00+07:00,4,1,3.9646666666666475,seasonal_hour_IQR|seasonal_hour_MAD,E02343
RH2M,2020-08-31 18:00:00+07:00,2020-08-31 19:00:00+07:00,2,1,3.9646482558139557,seasonal_hour_IQR|seasonal_hour_MAD,E02344
T2M,2011-09-21 02:00:00+07:00,2011-09-21 12:00:00+07:00,11,1,3.9640401069518676,seasonal_hour_IQR|seasonal_hour_MAD,E02345
RH2M,2005-01-14 02:00:00+07:00,2005-01-14 05:00:00+07:00,4,1,3.963174855491339,seasonal_hour_MAD,E02346
RH2M,2001-07-05 18:00:00+07:00,2001-07-06 00:00:00+07:00,7,1,3.9626875000000026,seasonal_hour_IQR|seasonal_hour_MAD,E02347
RH2M,2005-03-01 07:00:00+07:00,2005-03-01 07:00:00+07:00,1,1,3.9618242320819004,seasonal_hour_MAD,E02348
WS2M,2021-01-28 06:00:00+07:00,2021-01-28 06:00:00+07:00,1,1,3.960525641025642,seasonal_hour_IQR|seasonal_hour_MAD,E02349
WS2M,2002-12-06 19:00:00+07:00,2002-12-06 20:00:00+07:00,2,1,3.959967741935483,seasonal_hour_IQR|seasonal_hour_MAD,E02350
WS2M,2007-09-04 05:00:00+07:00,2007-09-04 05:00:00+07:00,1,1,3.9570666666666683,seasonal_hour_IQR|seasonal_hour_MAD,E02351
WS2M,2011-01-06 22:00:00+07:00,2011-01-07 00:00:00+07:00,3,1,3.957066666666666,seasonal_hour_IQR|seasonal_hour_MAD,E02352
RH2M,2004-10-20 19:00:00+07:00,2004-10-20 21:00:00+07:00,3,1,3.957066666666664,seasonal_hour_IQR|seasonal_hour_MAD,E02353
WS2M,2022-02-12 23:00:00+07:00,2022-02-13 00:00:00+07:00,2,1,3.956395522388062,seasonal_hour_IQR|seasonal_hour_MAD,E02354
ALLSKY_SFC_SW_DWN,2018-03-09 15:00:00+07:00,2018-03-09 16:00:00+07:00,2,1,3.956034120310479,seasonal_hour_IQR|seasonal_hour_MAD,E02355
WS2M,2020-11-15 22:00:00+07:00,2020-11-16 00:00:00+07:00,3,1,3.955022727272728,seasonal_hour_IQR|seasonal_hour_MAD,E02356
WS2M,2001-12-02 17:00:00+07:00,2001-12-02 18:00:00+07:00,2,1,3.9550227272727256,seasonal_hour_IQR|seasonal_hour_MAD,E02357
ALLSKY_SFC_SW_DWN,2005-01-27 17:00:00+07:00,2005-01-27 17:00:00+07:00,1,1,3.9544215686274518,seasonal_hour_IQR|seasonal_hour_MAD,E02358
T2M,2007-05-04 08:00:00+07:00,2007-05-05 03:00:00+07:00,20,1,3.953965517241377,seasonal_hour_IQR|seasonal_hour_MAD,E02359
WS2M,2001-05-17 04:00:00+07:00,2001-05-17 07:00:00+07:00,4,1,3.9533194444444466,seasonal_hour_IQR|seasonal_hour_MAD,E02360
WS2M,2016-11-09 23:00:00+07:00,2016-11-10 05:00:00+07:00,7,1,3.952333333333334,seasonal_hour_IQR|seasonal_hour_MAD,E02361
RH2M,2010-03-02 10:00:00+07:00,2010-03-02 15:00:00+07:00,6,1,3.952312824956675,seasonal_hour_IQR|seasonal_hour_MAD,E02362
T2M,2001-06-01 04:00:00+07:00,2001-06-01 08:00:00+07:00,5,1,3.952148437500018,seasonal_hour_IQR|seasonal_hour_MAD,E02363
ALLSKY_SFC_SW_DWN,2015-12-25 17:00:00+07:00,2015-12-25 17:00:00+07:00,1,1,3.9512195121951224,seasonal_hour_IQR,E02364
RH2M,2020-09-01 18:00:00+07:00,2020-09-01 20:00:00+07:00,3,1,3.951169398907092,seasonal_hour_IQR|seasonal_hour_MAD,E02365
WS2M,2011-09-14 19:00:00+07:00,2011-09-14 20:00:00+07:00,2,1,3.9506428571428556,seasonal_hour_IQR|seasonal_hour_MAD,E02366
WS2M,2012-10-30 17:00:00+07:00,2012-10-30 18:00:00+07:00,2,1,3.9506428571428556,seasonal_hour_IQR|seasonal_hour_MAD,E02367
RH2M,2007-11-24 17:00:00+07:00,2007-11-24 19:00:00+07:00,3,1,3.948942436974788,seasonal_hour_IQR|seasonal_hour_MAD,E02368
RH2M,2014-01-14 18:00:00+07:00,2014-01-14 19:00:00+07:00,2,1,3.9487858672376857,seasonal_hour_IQR|seasonal_hour_MAD,E02369
WS2M,2023-02-25 01:00:00+07:00,2023-02-25 03:00:00+07:00,3,1,3.948073333333333,seasonal_hour_IQR|seasonal_hour_MAD,E02370
T2M,2025-10-23 09:00:00+07:00,2025-10-23 20:00:00+07:00,12,1,3.9470740740740715,seasonal_hour_IQR|seasonal_hour_MAD,E02371
WS2M,2023-04-29 09:00:00+07:00,2023-04-29 11:00:00+07:00,3,1,3.9469129032258072,seasonal_hour_IQR|seasonal_hour_MAD,E02372
WS2M,2023-12-20 01:00:00+07:00,2023-12-20 03:00:00+07:00,3,1,3.9448030303030293,seasonal_hour_IQR|seasonal_hour_MAD,E02373
RH2M,2007-04-08 23:00:00+07:00,2007-04-09 03:00:00+07:00,5,1,3.9439975369458073,seasonal_hour_IQR|seasonal_hour_MAD,E02374
WS2M,2009-07-05 05:00:00+07:00,2009-07-05 06:00:00+07:00,2,1,3.9432307692307704,seasonal_hour_IQR|seasonal_hour_MAD,E02375
WS2M,2010-04-22 22:00:00+07:00,2010-04-23 02:00:00+07:00,5,1,3.9432307692307687,seasonal_hour_IQR|seasonal_hour_MAD,E02376
RH2M,2006-01-07 04:00:00+07:00,2006-01-07 05:00:00+07:00,2,1,3.941731213872842,seasonal_hour_MAD,E02377
WS2M,2013-02-20 00:00:00+07:00,2013-02-20 02:00:00+07:00,3,1,3.939471014492751,seasonal_hour_IQR|seasonal_hour_MAD,E02378
RH2M,2015-07-08 06:00:00+07:00,2015-07-08 06:00:00+07:00,1,1,3.9393333333333143,seasonal_hour_IQR|seasonal_hour_MAD,E02379
WS2M,2015-07-22 00:00:00+07:00,2015-07-22 01:00:00+07:00,2,1,3.9390799999999997,seasonal_hour_IQR|seasonal_hour_MAD,E02380
RH2M,2023-01-14 18:00:00+07:00,2023-01-14 19:00:00+07:00,2,1,3.9386755888650944,seasonal_hour_IQR|seasonal_hour_MAD,E02381
RH2M,2003-06-10 04:00:00+07:00,2003-06-10 06:00:00+07:00,3,1,3.9364524940617804,seasonal_hour_IQR|seasonal_hour_MAD,E02382
RH2M,2008-01-14 01:00:00+07:00,2008-01-14 05:00:00+07:00,5,1,3.9358829479768884,seasonal_hour_IQR|seasonal_hour_MAD,E02383
RH2M,2011-05-25 23:00:00+07:00,2011-05-26 02:00:00+07:00,4,1,3.9352993630573403,seasonal_hour_MAD,E02384
T2M,2006-09-12 20:00:00+07:00,2006-09-13 06:00:00+07:00,11,1,3.9345833333333355,seasonal_hour_IQR|seasonal_hour_MAD,E02385
RH2M,2007-08-12 00:00:00+07:00,2007-08-12 06:00:00+07:00,7,1,3.934583333333333,seasonal_hour_IQR|seasonal_hour_MAD,E02386
WS2M,2001-05-15 23:00:00+07:00,2001-05-16 05:00:00+07:00,7,1,3.9345833333333324,seasonal_hour_IQR|seasonal_hour_MAD,E02387
RH2M,2005-05-17 06:00:00+07:00,2005-05-17 11:00:00+07:00,6,1,3.9341244897959116,seasonal_hour_IQR|seasonal_hour_MAD,E02388
RH2M,2018-02-06 09:00:00+07:00,2018-02-06 11:00:00+07:00,3,1,3.933445722171116,seasonal_hour_IQR|seasonal_hour_MAD,E02389
RH2M,2003-04-04 00:00:00+07:00,2003-04-04 00:00:00+07:00,1,1,3.9307068965517216,seasonal_hour_MAD,E02390
WS2M,2001-12-17 18:00:00+07:00,2001-12-17 18:00:00+07:00,1,1,3.9265535714285718,seasonal_hour_IQR|seasonal_hour_MAD,E02391
WS2M,2007-02-27 03:00:00+07:00,2007-02-27 04:00:00+07:00,2,1,3.9259358974358984,seasonal_hour_IQR|seasonal_hour_MAD,E02392
WS2M,2022-02-09 04:00:00+07:00,2022-02-09 05:00:00+07:00,2,1,3.9259358974358984,seasonal_hour_IQR|seasonal_hour_MAD,E02393
T2M,2008-06-01 00:00:00+07:00,2008-06-01 07:00:00+07:00,8,1,3.9243636363636556,seasonal_hour_IQR|seasonal_hour_MAD,E02394
WS2M,2019-09-01 22:00:00+07:00,2019-09-01 23:00:00+07:00,2,1,3.9243636363636365,seasonal_hour_IQR|seasonal_hour_MAD,E02395
RH2M,2016-02-02 07:00:00+07:00,2016-02-02 07:00:00+07:00,1,1,3.9221671641791036,seasonal_hour_MAD,E02396
RH2M,2018-07-04 22:00:00+07:00,2018-07-05 02:00:00+07:00,5,1,3.92053124999999,seasonal_hour_IQR|seasonal_hour_MAD,E02397
RH2M,2010-10-06 02:00:00+07:00,2010-10-06 06:00:00+07:00,5,1,3.918680487804882,seasonal_hour_IQR|seasonal_hour_MAD,E02398
WS2M,2006-10-01 18:00:00+07:00,2006-10-01 19:00:00+07:00,2,1,3.918523809523807,seasonal_hour_IQR|seasonal_hour_MAD,E02399
WS2M,2023-12-16 21:00:00+07:00,2023-12-17 04:00:00+07:00,8,1,3.9172884615384613,seasonal_hour_IQR|seasonal_hour_MAD,E02400
WS2M,2008-10-27 01:00:00+07:00,2008-10-27 03:00:00+07:00,3,1,3.916451612903227,seasonal_hour_IQR|seasonal_hour_MAD,E02401
WS2M,2010-05-23 04:00:00+07:00,2010-05-23 06:00:00+07:00,3,1,3.9158472222222236,seasonal_hour_IQR|seasonal_hour_MAD,E02402
WS2M,2012-03-21 21:00:00+07:00,2012-03-22 05:00:00+07:00,9,1,3.9158472222222236,seasonal_hour_IQR|seasonal_hour_MAD,E02403
ALLSKY_SFC_SW_DWN,2002-03-29 06:00:00+07:00,2002-03-29 06:00:00+07:00,1,1,3.915619130434782,seasonal_hour_IQR|seasonal_hour_MAD,E02404
T2M,2006-09-09 09:00:00+07:00,2006-09-10 13:00:00+07:00,29,1,3.913542780748659,seasonal_hour_IQR|seasonal_hour_MAD,E02405
RH2M,2017-03-26 21:00:00+07:00,2017-03-26 21:00:00+07:00,1,1,3.9127245370370134,seasonal_hour_MAD,E02406
WS2M,2006-05-13 23:00:00+07:00,2006-05-14 11:00:00+07:00,13,1,3.912100000000001,seasonal_hour_IQR|seasonal_hour_MAD,E02407
RH2M,2010-05-24 02:00:00+07:00,2010-05-24 02:00:00+07:00,1,1,3.912099999999995,seasonal_hour_MAD,E02408
RH2M,2023-05-01 04:00:00+07:00,2023-05-01 05:00:00+07:00,2,1,3.912099999999991,seasonal_hour_IQR|seasonal_hour_MAD,E02409
RH2M,2010-05-23 23:00:00+07:00,2010-05-24 00:00:00+07:00,2,1,3.912099999999987,seasonal_hour_MAD,E02410
PS,2004-06-11 04:00:00+07:00,2004-06-13 04:00:00+07:00,49,1,3.9120999999998722,seasonal_hour_IQR|seasonal_hour_MAD,E02411
RH2M,2025-08-04 18:00:00+07:00,2025-08-04 18:00:00+07:00,1,1,3.9117078488372123,seasonal_hour_IQR|seasonal_hour_MAD,E02412
ALLSKY_SFC_SW_DWN,2012-10-01 17:00:00+07:00,2012-10-01 17:00:00+07:00,1,1,3.9116562499999996,seasonal_hour_IQR|seasonal_hour_MAD,E02413
WS2M,2008-04-13 23:00:00+07:00,2008-04-14 01:00:00+07:00,3,1,3.9103924050632917,seasonal_hour_IQR|seasonal_hour_MAD,E02414
RH2M,2001-03-04 21:00:00+07:00,2001-03-04 22:00:00+07:00,2,1,3.909601851851831,seasonal_hour_MAD,E02415
RH2M,2008-01-24 04:00:00+07:00,2008-01-24 06:00:00+07:00,3,1,3.908591040462437,seasonal_hour_MAD,E02416
WS2M,2017-02-19 20:00:00+07:00,2017-02-19 22:00:00+07:00,3,1,3.9081323529411756,seasonal_hour_IQR|seasonal_hour_MAD,E02417
RH2M,2005-06-14 23:00:00+07:00,2005-06-15 02:00:00+07:00,4,1,3.90752711864409,seasonal_hour_IQR|seasonal_hour_MAD,E02418
ALLSKY_SFC_SW_DWN,2017-01-28 17:00:00+07:00,2017-01-28 17:00:00+07:00,1,1,3.906809803921569,seasonal_hour_IQR|seasonal_hour_MAD,E02419
WS2M,2009-11-18 23:00:00+07:00,2009-11-19 01:00:00+07:00,3,1,3.9064791666666676,seasonal_hour_IQR|seasonal_hour_MAD,E02420
ALLSKY_SFC_SW_DWN,2025-01-13 07:00:00+07:00,2025-01-13 09:00:00+07:00,3,1,3.9027126288659804,seasonal_hour_IQR|seasonal_hour_MAD,E02421
ALLSKY_SFC_SW_DWN,2018-12-28 17:00:00+07:00,2018-12-28 17:00:00+07:00,1,1,3.9024390243902443,seasonal_hour_IQR,E02422
ALLSKY_SFC_SW_DWN,2020-12-26 17:00:00+07:00,2020-12-26 17:00:00+07:00,1,1,3.9024390243902443,seasonal_hour_IQR,E02423
WS2M,2017-04-12 05:00:00+07:00,2017-04-12 06:00:00+07:00,2,1,3.9017230769230773,seasonal_hour_IQR|seasonal_hour_MAD,E02424
ALLSKY_SFC_SW_DWN,2023-01-28 17:00:00+07:00,2023-01-28 17:00:00+07:00,1,1,3.901519607843138,seasonal_hour_IQR|seasonal_hour_MAD,E02425
WS2M,2004-02-05 01:00:00+07:00,2004-02-05 02:00:00+07:00,2,1,3.900369565217389,seasonal_hour_IQR|seasonal_hour_MAD,E02426
RH2M,2004-12-31 02:00:00+07:00,2004-12-31 07:00:00+07:00,6,1,3.8994126679462506,seasonal_hour_IQR|seasonal_hour_MAD,E02427
RH2M,2014-01-04 17:00:00+07:00,2014-01-04 18:00:00+07:00,2,1,3.899266592920358,seasonal_hour_IQR|seasonal_hour_MAD,E02428
RH2M,2025-01-11 05:00:00+07:00,2025-01-11 07:00:00+07:00,3,1,3.898843930635845,seasonal_hour_MAD,E02429
RH2M,2025-01-26 04:00:00+07:00,2025-01-26 05:00:00+07:00,2,1,3.898843930635845,seasonal_hour_MAD,E02430
T2M,2005-10-30 10:00:00+07:00,2005-10-30 21:00:00+07:00,12,1,3.8981448275862083,seasonal_hour_IQR|seasonal_hour_MAD,E02431
RH2M,2022-02-19 05:00:00+07:00,2022-02-19 05:00:00+07:00,1,1,3.89604047619049,seasonal_hour_MAD,E02432
WS2M,2003-02-26 22:00:00+07:00,2003-02-27 00:00:00+07:00,3,1,3.8959925373134343,seasonal_hour_IQR|seasonal_hour_MAD,E02433
T2M,2007-09-23 20:00:00+07:00,2007-09-24 06:00:00+07:00,11,1,3.8944345238095255,seasonal_hour_IQR|seasonal_hour_MAD,E02434
WS2M,2006-07-17 23:00:00+07:00,2006-07-18 01:00:00+07:00,3,1,3.8913461538461536,seasonal_hour_IQR|seasonal_hour_MAD,E02435
RH2M,2011-03-29 18:00:00+07:00,2011-03-29 21:00:00+07:00,4,1,3.890865740740719,seasonal_hour_IQR|seasonal_hour_MAD,E02436
RH2M,2017-06-05 18:00:00+07:00,2017-06-05 19:00:00+07:00,2,1,3.8896500742942033,seasonal_hour_IQR|seasonal_hour_MAD,E02437
RH2M,2024-10-04 18:00:00+07:00,2024-10-04 22:00:00+07:00,5,1,3.889616666666666,seasonal_hour_IQR|seasonal_hour_MAD,E02438
RH2M,2010-03-16 21:00:00+07:00,2010-03-16 23:00:00+07:00,3,1,3.8877430555555326,seasonal_hour_IQR|seasonal_hour_MAD,E02439
RH2M,2001-11-16 18:00:00+07:00,2001-11-16 22:00:00+07:00,5,1,3.8875043789808856,seasonal_hour_IQR|seasonal_hour_MAD,E02440
RH2M,2011-07-29 19:00:00+07:00,2011-07-29 21:00:00+07:00,3,1,3.887312720848059,seasonal_hour_IQR|seasonal_hour_MAD,E02441
T2M,2006-09-23 01:00:00+07:00,2006-09-23 07:00:00+07:00,7,1,3.8864047619047635,seasonal_hour_IQR|seasonal_hour_MAD,E02442
WS2M,2011-10-05 17:00:00+07:00,2011-10-05 18:00:00+07:00,2,1,3.8864047619047604,seasonal_hour_IQR|seasonal_hour_MAD,E02443
WS2M,2023-10-20 17:00:00+07:00,2023-10-20 18:00:00+07:00,2,1,3.8864047619047604,seasonal_hour_IQR|seasonal_hour_MAD,E02444
RH2M,2003-03-20 04:00:00+07:00,2003-03-20 06:00:00+07:00,3,1,3.886078680203018,seasonal_hour_MAD,E02445
RH2M,2001-11-22 17:00:00+07:00,2001-11-22 19:00:00+07:00,3,1,3.8835417827298007,seasonal_hour_IQR|seasonal_hour_MAD,E02446
WS2M,2003-02-25 22:00:00+07:00,2003-02-26 00:00:00+07:00,3,1,3.8834848484848474,seasonal_hour_IQR|seasonal_hour_MAD,E02447
WS2M,2007-02-28 21:00:00+07:00,2007-02-28 23:00:00+07:00,3,1,3.8834848484848474,seasonal_hour_IQR|seasonal_hour_MAD,E02448
WS2M,2009-02-21 23:00:00+07:00,2009-02-21 23:00:00+07:00,1,1,3.8834848484848474,seasonal_hour_IQR|seasonal_hour_MAD,E02449
WS2M,2007-01-26 17:00:00+07:00,2007-01-26 18:00:00+07:00,2,1,3.8829324324324324,seasonal_hour_IQR|seasonal_hour_MAD,E02450
WS2M,2018-01-17 17:00:00+07:00,2018-01-17 18:00:00+07:00,2,1,3.8829324324324324,seasonal_hour_MAD,E02451
RH2M,2018-02-02 23:00:00+07:00,2018-02-03 02:00:00+07:00,4,1,3.8809025695931307,seasonal_hour_MAD,E02452
RH2M,2011-05-27 02:00:00+07:00,2011-05-27 03:00:00+07:00,2,1,3.880623333333331,seasonal_hour_MAD,E02453
RH2M,2025-06-01 04:00:00+07:00,2025-06-01 06:00:00+07:00,3,1,3.8787755344418255,seasonal_hour_IQR|seasonal_hour_MAD,E02454
WS2M,2001-01-22 20:00:00+07:00,2001-01-22 22:00:00+07:00,3,1,3.878375000000001,seasonal_hour_IQR|seasonal_hour_MAD,E02455
WS2M,2011-09-10 23:00:00+07:00,2011-09-11 02:00:00+07:00,4,1,3.878375,seasonal_hour_IQR|seasonal_hour_MAD,E02456
WS2M,2006-08-04 04:00:00+07:00,2006-08-04 05:00:00+07:00,2,1,3.8783749999999997,seasonal_hour_IQR|seasonal_hour_MAD,E02457
RH2M,2002-01-21 02:00:00+07:00,2002-01-21 05:00:00+07:00,4,1,3.8770610389610463,seasonal_hour_IQR|seasonal_hour_MAD,E02458
RH2M,2010-03-02 07:00:00+07:00,2010-03-02 07:00:00+07:00,1,1,3.8766484641638113,seasonal_hour_MAD,E02459
T2M,2021-06-04 04:00:00+07:00,2021-06-04 08:00:00+07:00,5,1,3.8753090909091106,seasonal_hour_IQR|seasonal_hour_MAD,E02460
WS2M,2011-02-11 04:00:00+07:00,2011-02-11 05:00:00+07:00,2,1,3.874051282051284,seasonal_hour_IQR|seasonal_hour_MAD,E02461
RH2M,2019-12-09 17:00:00+07:00,2019-12-09 22:00:00+07:00,6,1,3.873705384615384,seasonal_hour_IQR|seasonal_hour_MAD,E02462
WS2M,2005-07-30 17:00:00+07:00,2005-07-30 19:00:00+07:00,3,1,3.873557142857141,seasonal_hour_IQR|seasonal_hour_MAD,E02463
WS2M,2010-07-07 18:00:00+07:00,2010-07-07 19:00:00+07:00,2,1,3.873557142857141,seasonal_hour_IQR|seasonal_hour_MAD,E02464
PS,2013-11-10 22:00:00+07:00,2013-11-11 09:00:00+07:00,12,1,3.8721296296296797,seasonal_hour_IQR|seasonal_hour_MAD,E02465
T2M,2017-06-04 06:00:00+07:00,2017-06-05 01:00:00+07:00,20,1,3.8718894230769187,seasonal_hour_IQR|seasonal_hour_MAD,E02466
RH2M,2019-05-21 00:00:00+07:00,2019-05-21 04:00:00+07:00,5,1,3.8716299999999997,seasonal_hour_MAD,E02467
RH2M,2019-08-03 05:00:00+07:00,2019-08-03 06:00:00+07:00,2,1,3.8716299999999997,seasonal_hour_IQR|seasonal_hour_MAD,E02468
RH2M,2002-08-19 05:00:00+07:00,2002-08-19 06:00:00+07:00,2,1,3.869702857142859,seasonal_hour_IQR|seasonal_hour_MAD,E02469
WS2M,2025-09-21 18:00:00+07:00,2025-09-21 18:00:00+07:00,1,1,3.8695000000000004,seasonal_hour_IQR|seasonal_hour_MAD,E02470
RH2M,2001-09-29 18:00:00+07:00,2001-09-29 22:00:00+07:00,5,1,3.868239071038239,seasonal_hour_IQR|seasonal_hour_MAD,E02471
RH2M,2004-04-15 23:00:00+07:00,2004-04-16 01:00:00+07:00,3,1,3.8675763546798008,seasonal_hour_IQR|seasonal_hour_MAD,E02472
RH2M,2001-04-21 06:00:00+07:00,2001-04-21 06:00:00+07:00,1,1,3.867133333333328,seasonal_hour_MAD,E02473
WS2M,2023-07-28 00:00:00+07:00,2023-07-28 00:00:00+07:00,1,1,3.8654038461538467,seasonal_hour_IQR|seasonal_hour_MAD,E02474
WS2M,2013-11-28 03:00:00+07:00,2013-11-28 06:00:00+07:00,4,1,3.864992063492065,seasonal_hour_IQR|seasonal_hour_MAD,E02475
WS2M,2020-01-16 17:00:00+07:00,2020-01-16 18:00:00+07:00,2,1,3.8647027027027026,seasonal_hour_MAD,E02476
RH2M,2025-04-01 00:00:00+07:00,2025-04-01 00:00:00+07:00,1,1,3.864253694581277,seasonal_hour_MAD,E02477
RH2M,2019-09-17 21:00:00+07:00,2019-09-17 23:00:00+07:00,3,1,3.8635447882736136,seasonal_hour_IQR|seasonal_hour_MAD,E02478
RH2M,2008-03-24 02:00:00+07:00,2008-03-24 04:00:00+07:00,3,1,3.862799196787158,seasonal_hour_IQR|seasonal_hour_MAD,E02479
RH2M,2022-07-02 18:00:00+07:00,2022-07-02 20:00:00+07:00,3,1,3.8623154761904783,seasonal_hour_IQR|seasonal_hour_MAD,E02480
WS2M,2009-05-15 21:00:00+07:00,2009-05-16 05:00:00+07:00,9,1,3.861512500000001,seasonal_hour_IQR|seasonal_hour_MAD,E02481
T2M,2022-10-20 09:00:00+07:00,2022-10-20 19:00:00+07:00,11,1,3.8606249999999913,seasonal_hour_IQR|seasonal_hour_MAD,E02482
WS2M,2006-05-25 02:00:00+07:00,2006-05-25 05:00:00+07:00,4,1,3.8596388888888904,seasonal_hour_IQR|seasonal_hour_MAD,E02483
T2M,2007-05-08 03:00:00+07:00,2007-05-08 06:00:00+07:00,4,1,3.859638888888883,seasonal_hour_IQR|seasonal_hour_MAD,E02484
T2M,2015-06-30 14:00:00+07:00,2015-06-30 18:00:00+07:00,5,1,3.8589182692307675,seasonal_hour_IQR|seasonal_hour_MAD,E02485
WS2M,2025-12-13 11:00:00+07:00,2025-12-13 14:00:00+07:00,4,1,3.8585367647058844,seasonal_hour_IQR|seasonal_hour_MAD,E02486
T2M,2022-04-02 18:00:00+07:00,2022-04-03 06:00:00+07:00,13,1,3.857598853868192,seasonal_hour_IQR|seasonal_hour_MAD,E02487
RH2M,2001-03-26 06:00:00+07:00,2001-03-26 07:00:00+07:00,2,1,3.855263959390834,seasonal_hour_MAD,E02488
WS2M,2004-12-20 18:00:00+07:00,2004-12-20 19:00:00+07:00,2,1,3.8542857142857136,seasonal_hour_IQR|seasonal_hour_MAD,E02489
WS2M,2012-10-04 17:00:00+07:00,2012-10-04 18:00:00+07:00,2,1,3.854285714285712,seasonal_hour_IQR|seasonal_hour_MAD,E02490
RH2M,2004-02-04 20:00:00+07:00,2004-02-04 21:00:00+07:00,2,1,3.8519638554216846,seasonal_hour_IQR|seasonal_hour_MAD,E02491
RH2M,2006-08-04 05:00:00+07:00,2006-08-04 06:00:00+07:00,2,1,3.8504314285714263,seasonal_hour_IQR|seasonal_hour_MAD,E02492
RH2M,2006-11-07 17:00:00+07:00,2006-11-07 19:00:00+07:00,3,1,3.850318067226888,seasonal_hour_IQR|seasonal_hour_MAD,E02493
RH2M,2011-08-29 18:00:00+07:00,2011-08-29 19:00:00+07:00,2,1,3.848963662790699,seasonal_hour_IQR|seasonal_hour_MAD,E02494
ALLSKY_SFC_SW_DWN,2001-03-30 06:00:00+07:00,2001-03-30 06:00:00+07:00,1,1,3.8487556521739132,seasonal_hour_IQR|seasonal_hour_MAD,E02495
ALLSKY_SFC_SW_DWN,2010-01-31 17:00:00+07:00,2010-01-31 17:00:00+07:00,1,1,3.8486176470588234,seasonal_hour_IQR|seasonal_hour_MAD,E02496
RH2M,2025-02-03 23:00:00+07:00,2025-02-04 00:00:00+07:00,2,1,3.8467752902155863,seasonal_hour_MAD,E02497
WS2M,2011-01-02 17:00:00+07:00,2011-01-02 18:00:00+07:00,2,1,3.8464729729729736,seasonal_hour_MAD,E02498
RH2M,2010-06-02 05:00:00+07:00,2010-06-02 05:00:00+07:00,1,1,3.846229096989951,seasonal_hour_IQR|seasonal_hour_MAD,E02499
ALLSKY_SFC_SW_DWN,2015-02-26 06:00:00+07:00,2015-02-26 06:00:00+07:00,1,1,3.845990066225164,seasonal_hour_IQR|seasonal_hour_MAD,E02500
RH2M,2015-08-08 18:00:00+07:00,2015-08-08 20:00:00+07:00,3,1,3.845042151162793,seasonal_hour_IQR|seasonal_hour_MAD,E02501
WS2M,2005-09-26 04:00:00+07:00,2005-09-26 05:00:00+07:00,2,1,3.8446500000000006,seasonal_hour_IQR|seasonal_hour_MAD,E02502
WS2M,2025-09-27 05:00:00+07:00,2025-09-27 05:00:00+07:00,1,1,3.8446500000000006,seasonal_hour_IQR|seasonal_hour_MAD,E02503
RH2M,2005-03-10 13:00:00+07:00,2005-03-10 19:00:00+07:00,7,1,3.843681818181813,seasonal_hour_IQR|seasonal_hour_MAD,E02504
WS2M,2018-01-07 17:00:00+07:00,2018-01-07 17:00:00+07:00,1,1,3.8426060606060597,seasonal_hour_IQR|seasonal_hour_MAD,E02505
WS2M,2020-01-21 17:00:00+07:00,2020-01-21 18:00:00+07:00,2,1,3.8426060606060597,seasonal_hour_IQR|seasonal_hour_MAD,E02506
WS2M,2024-01-22 17:00:00+07:00,2024-01-22 17:00:00+07:00,1,1,3.8426060606060597,seasonal_hour_IQR|seasonal_hour_MAD,E02507
RH2M,2021-02-17 20:00:00+07:00,2021-02-18 00:00:00+07:00,5,1,3.8423009950248743,seasonal_hour_IQR|seasonal_hour_MAD,E02508
ALLSKY_SFC_SW_DWN,2016-02-08 07:00:00+07:00,2016-02-08 09:00:00+07:00,3,1,3.8412001763668426,seasonal_hour_IQR|seasonal_hour_MAD,E02509
WS2M,2024-03-01 01:00:00+07:00,2024-03-01 05:00:00+07:00,5,1,3.8409027777777784,seasonal_hour_IQR|seasonal_hour_MAD,E02510
RH2M,2009-03-24 22:00:00+07:00,2009-03-24 23:00:00+07:00,2,1,3.840454545454541,seasonal_hour_IQR|seasonal_hour_MAD,E02511
RH2M,2001-03-04 07:00:00+07:00,2001-03-04 09:00:00+07:00,3,1,3.839815699658692,seasonal_hour_IQR|seasonal_hour_MAD,E02512
WS2M,2006-08-05 17:00:00+07:00,2006-08-05 18:00:00+07:00,2,1,3.839461538461538,seasonal_hour_IQR|seasonal_hour_MAD,E02513
WS2M,2017-08-28 17:00:00+07:00,2017-08-28 18:00:00+07:00,2,1,3.839461538461538,seasonal_hour_IQR|seasonal_hour_MAD,E02514
T2M,2022-05-01 03:00:00+07:00,2022-05-01 13:00:00+07:00,11,1,3.8390714285714336,seasonal_hour_IQR|seasonal_hour_MAD,E02515
RH2M,2011-03-15 07:00:00+07:00,2011-03-15 07:00:00+07:00,1,1,3.837513651877121,seasonal_hour_MAD,E02516
T2M,2011-03-16 07:00:00+07:00,2011-03-17 22:00:00+07:00,40,1,3.836766233766235,seasonal_hour_IQR|seasonal_hour_MAD,E02517
ALLSKY_SFC_SW_DWN,2020-04-28 06:00:00+07:00,2020-04-28 09:00:00+07:00,4,1,3.836397553017944,seasonal_hour_IQR|seasonal_hour_MAD,E02518
WS2M,2004-02-27 14:00:00+07:00,2004-02-27 17:00:00+07:00,4,1,3.8355895522388064,seasonal_hour_IQR|seasonal_hour_MAD,E02519
RH2M,2004-10-21 00:00:00+07:00,2004-10-21 03:00:00+07:00,4,1,3.8350881226053652,seasonal_hour_IQR|seasonal_hour_MAD,E02520
WS2M,2007-01-05 03:00:00+07:00,2007-01-05 04:00:00+07:00,2,1,3.835014285714285,seasonal_hour_IQR|seasonal_hour_MAD,E02521
WS2M,2011-01-04 02:00:00+07:00,2011-01-04 03:00:00+07:00,2,1,3.835014285714285,seasonal_hour_IQR|seasonal_hour_MAD,E02522
ALLSKY_SFC_SW_DWN,2001-12-01 06:00:00+07:00,2001-12-01 06:00:00+07:00,1,1,3.833297029702971,seasonal_hour_IQR|seasonal_hour_MAD,E02523
RH2M,2001-11-21 17:00:00+07:00,2001-11-21 21:00:00+07:00,5,1,3.833134146341464,seasonal_hour_IQR|seasonal_hour_MAD,E02524
T2M,2006-05-14 23:00:00+07:00,2006-05-15 06:00:00+07:00,8,1,3.832873015873011,seasonal_hour_IQR|seasonal_hour_MAD,E02525
WS2M,2009-11-02 23:00:00+07:00,2009-11-03 00:00:00+07:00,2,1,3.832386363636364,seasonal_hour_IQR|seasonal_hour_MAD,E02526
WS2M,2004-07-09 23:00:00+07:00,2004-07-10 02:00:00+07:00,4,1,3.8311599999999997,seasonal_hour_IQR|seasonal_hour_MAD,E02527
RH2M,2008-04-29 01:00:00+07:00,2008-04-29 02:00:00+07:00,2,1,3.8309621026894995,seasonal_hour_IQR|seasonal_hour_MAD,E02528
RH2M,2021-01-08 05:00:00+07:00,2021-01-08 05:00:00+07:00,1,1,3.830614161849719,seasonal_hour_MAD,E02529
ALLSKY_SFC_SW_DWN,2019-01-30 17:00:00+07:00,2019-01-30 17:00:00+07:00,1,1,3.830101960784314,seasonal_hour_IQR|seasonal_hour_MAD,E02530
ALLSKY_SFC_SW_DWN,2022-03-26 11:00:00+07:00,2022-03-26 13:00:00+07:00,3,1,3.82878790961662,seasonal_hour_IQR|seasonal_hour_MAD,E02531
RH2M,2011-04-25 22:00:00+07:00,2011-04-25 23:00:00+07:00,2,1,3.827365125240848,seasonal_hour_MAD,E02532
RH2M,2010-02-17 21:00:00+07:00,2010-02-17 22:00:00+07:00,2,1,3.8234192200557056,seasonal_hour_IQR|seasonal_hour_MAD,E02533
ALLSKY_SFC_SW_DWN,2021-12-01 06:00:00+07:00,2021-12-01 06:00:00+07:00,1,1,3.8232797029702987,seasonal_hour_IQR|seasonal_hour_MAD,E02534
WS2M,2010-11-28 23:00:00+07:00,2010-11-29 01:00:00+07:00,3,1,3.8221666666666674,seasonal_hour_IQR|seasonal_hour_MAD,E02535
WS2M,2023-12-19 04:00:00+07:00,2023-12-19 06:00:00+07:00,3,1,3.822166666666667,seasonal_hour_IQR|seasonal_hour_MAD,E02536
WS2M,2004-01-14 22:00:00+07:00,2004-01-15 00:00:00+07:00,3,1,3.822166666666666,seasonal_hour_IQR|seasonal_hour_MAD,E02537
WS2M,2020-12-04 02:00:00+07:00,2020-12-04 03:00:00+07:00,2,1,3.8221666666666656,seasonal_hour_IQR|seasonal_hour_MAD,E02538
T2M,2020-04-13 15:00:00+07:00,2020-04-14 05:00:00+07:00,15,1,3.8208556851311957,seasonal_hour_IQR|seasonal_hour_MAD,E02539
RH2M,2001-09-30 21:00:00+07:00,2001-09-30 23:00:00+07:00,3,1,3.819603420195437,seasonal_hour_IQR|seasonal_hour_MAD,E02540
ALLSKY_SFC_SW_DWN,2008-01-02 07:00:00+07:00,2008-01-02 09:00:00+07:00,3,1,3.8175829677419357,seasonal_hour_IQR|seasonal_hour_MAD,E02541
RH2M,2025-02-24 04:00:00+07:00,2025-02-24 05:00:00+07:00,2,1,3.8157428571428706,seasonal_hour_MAD,E02542
ALLSKY_SFC_SW_DWN,2023-03-22 10:00:00+07:00,2023-03-22 17:00:00+07:00,8,1,3.815497269222532,seasonal_hour_IQR|seasonal_hour_MAD,E02543
RH2M,2006-11-02 18:00:00+07:00,2006-11-02 18:00:00+07:00,1,1,3.8151760504201664,seasonal_hour_IQR|seasonal_hour_MAD,E02544
WS2M,2023-01-15 21:00:00+07:00,2023-01-15 22:00:00+07:00,2,1,3.8151406250000006,seasonal_hour_IQR|seasonal_hour_MAD,E02545
WS2M,2020-11-28 19:00:00+07:00,2020-11-28 23:00:00+07:00,5,1,3.8151406249999993,seasonal_hour_IQR|seasonal_hour_MAD,E02546
ALLSKY_SFC_SW_DWN,2015-02-25 06:00:00+07:00,2015-02-25 06:00:00+07:00,1,1,3.8147218543046346,seasonal_hour_IQR|seasonal_hour_MAD,E02547
T2M,2004-06-06 05:00:00+07:00,2004-06-06 07:00:00+07:00,3,1,3.813990909090928,seasonal_hour_IQR|seasonal_hour_MAD,E02548
RH2M,2003-01-12 23:00:00+07:00,2003-01-12 23:00:00+07:00,1,1,3.813990909090906,seasonal_hour_IQR|seasonal_hour_MAD,E02549
RH2M,2007-01-18 07:00:00+07:00,2007-01-18 07:00:00+07:00,1,1,3.8115928217821855,seasonal_hour_MAD,E02550
RH2M,2011-02-14 01:00:00+07:00,2011-02-14 02:00:00+07:00,2,1,3.811574946466794,seasonal_hour_MAD,E02551
WS2M,2013-09-27 01:00:00+07:00,2013-09-27 01:00:00+07:00,1,1,3.810925,seasonal_hour_IQR|seasonal_hour_MAD,E02552
RH2M,2010-09-01 20:00:00+07:00,2010-09-01 22:00:00+07:00,3,1,3.8092996987951886,seasonal_hour_IQR|seasonal_hour_MAD,E02553
RH2M,2002-08-20 05:00:00+07:00,2002-08-20 08:00:00+07:00,4,1,3.8086766666666665,seasonal_hour_IQR|seasonal_hour_MAD,E02554
RH2M,2013-06-28 02:00:00+07:00,2013-06-28 04:00:00+07:00,3,1,3.8078795986622125,seasonal_hour_IQR|seasonal_hour_MAD,E02555
RH2M,2004-10-27 18:00:00+07:00,2004-10-27 18:00:00+07:00,1,1,3.8057554744525572,seasonal_hour_MAD,E02556
RH2M,2017-03-27 07:00:00+07:00,2017-03-27 07:00:00+07:00,1,1,3.8052849829351416,seasonal_hour_MAD,E02557
RH2M,2006-09-29 18:00:00+07:00,2006-09-30 01:00:00+07:00,8,1,3.805173449612393,seasonal_hour_IQR|seasonal_hour_MAD,E02558
RH2M,2012-01-23 07:00:00+07:00,2012-01-23 07:00:00+07:00,1,1,3.8049146039604023,seasonal_hour_MAD,E02559
T2M,2014-05-05 06:00:00+07:00,2014-05-06 08:00:00+07:00,27,1,3.8037377049180354,seasonal_hour_IQR|seasonal_hour_MAD,E02560
WS2M,2005-10-22 04:00:00+07:00,2005-10-22 05:00:00+07:00,2,1,3.803430555555555,seasonal_hour_IQR|seasonal_hour_MAD,E02561
RH2M,2003-02-04 20:00:00+07:00,2003-02-04 20:00:00+07:00,1,1,3.8032048192771075,seasonal_hour_MAD,E02562
RH2M,2016-02-24 04:00:00+07:00,2016-02-24 05:00:00+07:00,2,1,3.8031666666666766,seasonal_hour_MAD,E02563
WS2M,2022-02-21 01:00:00+07:00,2022-02-21 02:00:00+07:00,2,1,3.802615942028984,seasonal_hour_IQR|seasonal_hour_MAD,E02564
T2M,2011-09-25 01:00:00+07:00,2011-09-25 06:00:00+07:00,6,1,3.8020698324022346,seasonal_hour_IQR|seasonal_hour_MAD,E02565
RH2M,2003-08-04 18:00:00+07:00,2003-08-04 20:00:00+07:00,3,1,3.8019055232558165,seasonal_hour_IQR|seasonal_hour_MAD,E02566
WS2M,2016-12-06 04:00:00+07:00,2016-12-06 05:00:00+07:00,2,1,3.8017272727272733,seasonal_hour_IQR|seasonal_hour_MAD,E02567
WS2M,2004-01-21 02:00:00+07:00,2004-01-21 02:00:00+07:00,1,1,3.801727272727272,seasonal_hour_IQR|seasonal_hour_MAD,E02568
WS2M,2015-10-10 21:00:00+07:00,2015-10-10 23:00:00+07:00,3,1,3.801727272727272,seasonal_hour_IQR|seasonal_hour_MAD,E02569
WS2M,2016-12-16 02:00:00+07:00,2016-12-16 03:00:00+07:00,2,1,3.801727272727272,seasonal_hour_IQR|seasonal_hour_MAD,E02570
ALLSKY_SFC_SW_DWN,2023-09-01 17:00:00+07:00,2023-09-01 17:00:00+07:00,1,1,3.8014683277027035,seasonal_hour_IQR|seasonal_hour_MAD,E02571
ALLSKY_SFC_SW_DWN,2015-02-28 06:00:00+07:00,2015-02-28 06:00:00+07:00,1,1,3.801321192052978,seasonal_hour_IQR|seasonal_hour_MAD,E02572
RH2M,2007-10-25 17:00:00+07:00,2007-10-25 18:00:00+07:00,2,1,3.8008321167883237,seasonal_hour_IQR|seasonal_hour_MAD,E02573
RH2M,2010-03-27 03:00:00+07:00,2010-03-27 04:00:00+07:00,2,1,3.8001617021276717,seasonal_hour_IQR|seasonal_hour_MAD,E02574
WS2M,2004-06-01 00:00:00+07:00,2004-06-01 05:00:00+07:00,6,1,3.7996833333333324,seasonal_hour_IQR|seasonal_hour_MAD,E02575
RH2M,2011-05-28 22:00:00+07:00,2011-05-28 23:00:00+07:00,2,1,3.797605042016789,seasonal_hour_IQR|seasonal_hour_MAD,E02576
RH2M,2005-01-31 04:00:00+07:00,2005-01-31 05:00:00+07:00,2,1,3.7974739884393136,seasonal_hour_MAD,E02577
WS2M,2018-01-08 22:00:00+07:00,2018-01-09 01:00:00+07:00,4,1,3.7971851851851848,seasonal_hour_IQR|seasonal_hour_MAD,E02578
WS2M,2024-10-01 05:00:00+07:00,2024-10-01 06:00:00+07:00,2,1,3.7964714285714294,seasonal_hour_IQR|seasonal_hour_MAD,E02579
RH2M,2011-09-25 18:00:00+07:00,2011-09-25 19:00:00+07:00,2,1,3.79625650557621,seasonal_hour_IQR|seasonal_hour_MAD,E02580
ALLSKY_SFC_SW_DWN,2014-01-23 07:00:00+07:00,2014-01-23 09:00:00+07:00,3,1,3.795476774193548,seasonal_hour_IQR|seasonal_hour_MAD,E02581
RH2M,2010-10-04 03:00:00+07:00,2010-10-04 06:00:00+07:00,4,1,3.7940625,seasonal_hour_IQR|seasonal_hour_MAD,E02582
WS2M,2014-11-27 18:00:00+07:00,2014-11-27 19:00:00+07:00,2,1,3.794062499999999,seasonal_hour_IQR|seasonal_hour_MAD,E02583
RH2M,2018-02-01 04:00:00+07:00,2018-02-01 05:00:00+07:00,2,1,3.7936666666666756,seasonal_hour_MAD,E02584
RH2M,2009-04-26 06:00:00+07:00,2009-04-26 06:00:00+07:00,1,1,3.793259523809522,seasonal_hour_MAD,E02585
RH2M,2005-02-26 07:00:00+07:00,2005-02-26 07:00:00+07:00,1,1,3.791294029850744,seasonal_hour_MAD,E02586
RH2M,2005-04-13 22:00:00+07:00,2005-04-13 23:00:00+07:00,2,1,3.7909759152215803,seasonal_hour_MAD,E02587
RH2M,2011-03-27 06:00:00+07:00,2011-03-27 06:00:00+07:00,1,1,3.7902106598984497,seasonal_hour_MAD,E02588
WS2M,2023-05-03 16:00:00+07:00,2023-05-03 18:00:00+07:00,3,1,3.7894636363636374,seasonal_hour_IQR|seasonal_hour_MAD,E02589
RH2M,2008-02-27 20:00:00+07:00,2008-02-27 20:00:00+07:00,1,1,3.7869518072289154,seasonal_hour_MAD,E02590
RH2M,2005-02-16 10:00:00+07:00,2005-02-16 15:00:00+07:00,6,1,3.7869173728813523,seasonal_hour_IQR|seasonal_hour_MAD,E02591
T2M,2022-10-19 13:00:00+07:00,2022-10-19 23:00:00+07:00,11,1,3.7865034482758637,seasonal_hour_IQR|seasonal_hour_MAD,E02592
RH2M,2011-05-28 01:00:00+07:00,2011-05-28 02:00:00+07:00,2,1,3.7849331210191255,seasonal_hour_MAD,E02593
ALLSKY_SFC_SW_DWN,2021-12-03 06:00:00+07:00,2021-12-03 06:00:00+07:00,1,1,3.783210396039605,seasonal_hour_IQR|seasonal_hour_MAD,E02594
WS2M,2010-06-06 17:00:00+07:00,2010-06-06 18:00:00+07:00,2,1,3.783065217391306,seasonal_hour_IQR|seasonal_hour_MAD,E02595
WS2M,2016-07-18 04:00:00+07:00,2016-07-18 05:00:00+07:00,2,1,3.783065217391304,seasonal_hour_IQR|seasonal_hour_MAD,E02596
WS2M,2001-01-31 23:00:00+07:00,2001-02-01 01:00:00+07:00,3,1,3.783065217391302,seasonal_hour_IQR|seasonal_hour_MAD,E02597
ALLSKY_SFC_SW_DWN,2024-10-03 17:00:00+07:00,2024-10-03 17:00:00+07:00,1,1,3.78296875,seasonal_hour_IQR|seasonal_hour_MAD,E02598
WS2M,2015-12-04 17:00:00+07:00,2015-12-04 18:00:00+07:00,2,1,3.7820178571428564,seasonal_hour_IQR|seasonal_hour_MAD,E02599
T2M,2007-09-25 08:00:00+07:00,2007-09-25 14:00:00+07:00,7,1,3.7807499999999985,seasonal_hour_IQR|seasonal_hour_MAD,E02600
ALLSKY_SFC_SW_DWN,2007-03-31 06:00:00+07:00,2007-03-31 06:00:00+07:00,1,1,3.780719130434783,seasonal_hour_IQR|seasonal_hour_MAD,E02601
ALLSKY_SFC_SW_DWN,2014-12-24 17:00:00+07:00,2014-12-24 17:00:00+07:00,1,1,3.780487804878049,seasonal_hour_IQR,E02602
RH2M,2004-12-12 17:00:00+07:00,2004-12-12 18:00:00+07:00,2,1,3.7792753846153846,seasonal_hour_IQR|seasonal_hour_MAD,E02603
ALLSKY_SFC_SW_DWN,2023-10-02 17:00:00+07:00,2023-10-02 17:00:00+07:00,1,1,3.778531249999999,seasonal_hour_IQR|seasonal_hour_MAD,E02604
RH2M,2009-10-07 17:00:00+07:00,2009-10-07 19:00:00+07:00,3,1,3.7778564476885665,seasonal_hour_IQR|seasonal_hour_MAD,E02605
WS2M,2001-09-05 04:00:00+07:00,2001-09-05 05:00:00+07:00,2,1,3.7772000000000014,seasonal_hour_IQR|seasonal_hour_MAD,E02606
WS2M,2004-05-17 02:00:00+07:00,2004-05-17 05:00:00+07:00,4,1,3.777200000000001,seasonal_hour_IQR|seasonal_hour_MAD,E02607
RH2M,2012-08-26 19:00:00+07:00,2012-08-27 00:00:00+07:00,6,1,3.776578341013819,seasonal_hour_IQR|seasonal_hour_MAD,E02608
RH2M,2006-03-29 03:00:00+07:00,2006-03-29 05:00:00+07:00,3,1,3.7761164658634647,seasonal_hour_IQR|seasonal_hour_MAD,E02609
RH2M,2022-10-10 20:00:00+07:00,2022-10-10 21:00:00+07:00,2,1,3.775594047619046,seasonal_hour_IQR|seasonal_hour_MAD,E02610
RH2M,2020-07-27 21:00:00+07:00,2020-07-28 00:00:00+07:00,4,1,3.7750241935483873,seasonal_hour_IQR|seasonal_hour_MAD,E02611
T2M,2001-06-14 22:00:00+07:00,2001-06-15 06:00:00+07:00,9,1,3.7750241935483793,seasonal_hour_IQR|seasonal_hour_MAD,E02612
WS2M,2020-11-02 20:00:00+07:00,2020-11-02 23:00:00+07:00,4,1,3.774329787234042,seasonal_hour_IQR|seasonal_hour_MAD,E02613
WS2M,2008-02-27 02:00:00+07:00,2008-02-27 05:00:00+07:00,4,1,3.7737848101265823,seasonal_hour_IQR|seasonal_hour_MAD,E02614
WS2M,2020-01-08 18:00:00+07:00,2020-01-08 18:00:00+07:00,1,1,3.773554054054055,seasonal_hour_MAD,E02615
RH2M,2003-08-05 21:00:00+07:00,2003-08-06 04:00:00+07:00,8,1,3.772752747252729,seasonal_hour_IQR|seasonal_hour_MAD,E02616
RH2M,2007-11-10 17:00:00+07:00,2007-11-10 18:00:00+07:00,2,1,3.7720987394957963,seasonal_hour_IQR|seasonal_hour_MAD,E02617
RH2M,2010-11-13 18:00:00+07:00,2010-11-13 20:00:00+07:00,3,1,3.7720987394957963,seasonal_hour_IQR|seasonal_hour_MAD,E02618
WS2M,2002-10-22 21:00:00+07:00,2002-10-22 23:00:00+07:00,3,1,3.7710681818181806,seasonal_hour_IQR|seasonal_hour_MAD,E02619
WS2M,2007-10-13 23:00:00+07:00,2007-10-14 00:00:00+07:00,2,1,3.7710681818181806,seasonal_hour_IQR|seasonal_hour_MAD,E02620
ALLSKY_SFC_SW_DWN,2003-03-04 07:00:00+07:00,2003-03-04 16:00:00+07:00,10,1,3.7708580531162985,seasonal_hour_IQR|seasonal_hour_MAD,E02621
RH2M,2025-02-07 04:00:00+07:00,2025-02-07 05:00:00+07:00,2,1,3.7707761904762034,seasonal_hour_MAD,E02622
RH2M,2023-10-20 04:00:00+07:00,2023-10-20 06:00:00+07:00,3,1,3.770742021276601,seasonal_hour_IQR|seasonal_hour_MAD,E02623
RH2M,2004-01-22 07:00:00+07:00,2004-01-22 08:00:00+07:00,2,1,3.7698539603960466,seasonal_hour_IQR|seasonal_hour_MAD,E02624
PS,2010-06-02 22:00:00+07:00,2010-06-04 17:00:00+07:00,44,1,3.769264705882326,seasonal_hour_IQR|seasonal_hour_MAD,E02625
RH2M,2005-01-14 07:00:00+07:00,2005-01-14 07:00:00+07:00,1,1,3.7681844059406004,seasonal_hour_MAD,E02626
RH2M,2003-10-23 18:00:00+07:00,2003-10-23 18:00:00+07:00,1,1,3.7680097323600994,seasonal_hour_MAD,E02627
T2M,2010-06-04 03:00:00+07:00,2010-06-04 06:00:00+07:00,4,1,3.7678965517241356,seasonal_hour_IQR|seasonal_hour_MAD,E02628
RH2M,2024-02-24 04:00:00+07:00,2024-02-24 05:00:00+07:00,2,1,3.7675642857142972,seasonal_hour_MAD,E02629
RH2M,2022-02-24 23:00:00+07:00,2022-02-24 23:00:00+07:00,1,1,3.7662379767827505,seasonal_hour_MAD,E02630
WS2M,2022-10-07 17:00:00+07:00,2022-10-07 17:00:00+07:00,1,1,3.7659583333333337,seasonal_hour_IQR|seasonal_hour_MAD,E02631
WS2M,2006-08-04 07:00:00+07:00,2006-08-04 12:00:00+07:00,6,1,3.7659583333333333,seasonal_hour_IQR|seasonal_hour_MAD,E02632
RH2M,2010-02-10 10:00:00+07:00,2010-02-10 15:00:00+07:00,6,1,3.765196186440674,seasonal_hour_IQR|seasonal_hour_MAD,E02633
T2M,2022-06-14 19:00:00+07:00,2022-06-15 08:00:00+07:00,14,1,3.7649363636363837,seasonal_hour_IQR|seasonal_hour_MAD,E02634
RH2M,2022-10-17 04:00:00+07:00,2022-10-17 06:00:00+07:00,3,1,3.763709999999999,seasonal_hour_IQR|seasonal_hour_MAD,E02635
RH2M,2023-04-15 23:00:00+07:00,2023-04-15 23:00:00+07:00,1,1,3.762176334106725,seasonal_hour_MAD,E02636
RH2M,2011-02-14 04:00:00+07:00,2011-02-14 04:00:00+07:00,1,1,3.762000000000011,seasonal_hour_MAD,E02637
WS2M,2005-11-18 00:00:00+07:00,2005-11-18 03:00:00+07:00,4,1,3.7616346153846156,seasonal_hour_IQR|seasonal_hour_MAD,E02638
WS2M,2019-08-30 18:00:00+07:00,2019-08-30 19:00:00+07:00,2,1,3.7616346153846147,seasonal_hour_IQR|seasonal_hour_MAD,E02639
RH2M,2025-01-03 18:00:00+07:00,2025-01-03 18:00:00+07:00,1,1,3.7610235546038515,seasonal_hour_IQR|seasonal_hour_MAD,E02640
WS2M,2018-12-12 03:00:00+07:00,2018-12-12 06:00:00+07:00,4,1,3.7608484848484847,seasonal_hour_IQR|seasonal_hour_MAD,E02641
WS2M,2009-12-17 02:00:00+07:00,2009-12-17 05:00:00+07:00,4,1,3.7608484848484838,seasonal_hour_IQR|seasonal_hour_MAD,E02642
WS2M,2011-12-08 02:00:00+07:00,2011-12-08 03:00:00+07:00,2,1,3.7608484848484838,seasonal_hour_IQR|seasonal_hour_MAD,E02643
WS2M,2018-01-30 02:00:00+07:00,2018-01-30 02:00:00+07:00,1,1,3.7608484848484838,seasonal_hour_IQR|seasonal_hour_MAD,E02644
ALLSKY_SFC_SW_DWN,2015-04-14 06:00:00+07:00,2015-04-14 09:00:00+07:00,4,1,3.7606308750973785,seasonal_hour_IQR|seasonal_hour_MAD,E02645
ALLSKY_SFC_SW_DWN,2018-03-20 07:00:00+07:00,2018-03-20 09:00:00+07:00,3,1,3.7603097199341025,seasonal_hour_IQR|seasonal_hour_MAD,E02646
ALLSKY_SFC_SW_DWN,2013-12-02 06:00:00+07:00,2013-12-02 06:00:00+07:00,1,1,3.7598366336633675,seasonal_hour_IQR|seasonal_hour_MAD,E02647
RH2M,2005-03-24 21:00:00+07:00,2005-03-24 21:00:00+07:00,1,1,3.7597129629629413,seasonal_hour_MAD,E02648
T2M,2010-10-28 09:00:00+07:00,2010-10-29 06:00:00+07:00,22,1,3.759156050955413,seasonal_hour_IQR|seasonal_hour_MAD,E02649
RH2M,2002-09-23 05:00:00+07:00,2002-09-23 06:00:00+07:00,2,1,3.756784866468834,seasonal_hour_IQR|seasonal_hour_MAD,E02650
ALLSKY_SFC_SW_DWN,2020-02-27 06:00:00+07:00,2020-02-27 08:00:00+07:00,3,1,3.756652317880793,seasonal_hour_IQR|seasonal_hour_MAD,E02651
ALLSKY_SFC_SW_DWN,2021-01-13 07:00:00+07:00,2021-01-13 09:00:00+07:00,3,1,3.7562522551546396,seasonal_hour_IQR|seasonal_hour_MAD,E02652
RH2M,2002-05-25 23:00:00+07:00,2002-05-26 00:00:00+07:00,2,1,3.755899999999988,seasonal_hour_MAD,E02653
RH2M,2004-10-06 19:00:00+07:00,2004-10-06 20:00:00+07:00,2,1,3.7547166666666656,seasonal_hour_IQR|seasonal_hour_MAD,E02654
T2M,2022-05-03 21:00:00+07:00,2022-05-04 06:00:00+07:00,10,1,3.752575396825391,seasonal_hour_IQR|seasonal_hour_MAD,E02655
ALLSKY_SFC_SW_DWN,2002-03-27 06:00:00+07:00,2002-03-27 06:00:00+07:00,1,1,3.7513930434782607,seasonal_hour_IQR|seasonal_hour_MAD,E02656
RH2M,2016-02-06 23:00:00+07:00,2016-02-06 23:00:00+07:00,1,1,3.750577943615257,seasonal_hour_MAD,E02657
RH2M,2002-05-21 00:00:00+07:00,2002-05-21 02:00:00+07:00,3,1,3.7505636942675338,seasonal_hour_MAD,E02658
WS2M,2001-02-02 01:00:00+07:00,2001-02-02 02:00:00+07:00,2,1,3.75022,seasonal_hour_IQR|seasonal_hour_MAD,E02659
RH2M,2004-02-25 04:00:00+07:00,2004-02-25 05:00:00+07:00,2,1,3.7493333333333423,seasonal_hour_MAD,E02660
RH2M,2006-07-27 18:00:00+07:00,2006-07-27 20:00:00+07:00,3,1,3.74789136904762,seasonal_hour_IQR|seasonal_hour_MAD,E02661
RH2M,2001-05-15 02:00:00+07:00,2001-05-15 03:00:00+07:00,2,1,3.7472222222222196,seasonal_hour_MAD,E02662
RH2M,2004-12-10 17:00:00+07:00,2004-12-10 20:00:00+07:00,4,1,3.7460692307692307,seasonal_hour_IQR|seasonal_hour_MAD,E02663
RH2M,2003-03-19 04:00:00+07:00,2003-03-19 06:00:00+07:00,3,1,3.7458839285714407,seasonal_hour_MAD,E02664
RH2M,2013-10-11 18:00:00+07:00,2013-10-11 19:00:00+07:00,2,1,3.7450340632603423,seasonal_hour_MAD,E02665
RH2M,2006-10-28 19:00:00+07:00,2006-10-28 20:00:00+07:00,2,1,3.743711943793915,seasonal_hour_IQR|seasonal_hour_MAD,E02666
RH2M,2018-02-01 07:00:00+07:00,2018-02-01 07:00:00+07:00,1,1,3.7429716417910437,seasonal_hour_MAD,E02667
RH2M,2022-06-18 23:00:00+07:00,2022-06-19 01:00:00+07:00,3,1,3.7428137254901914,seasonal_hour_IQR|seasonal_hour_MAD,E02668
RH2M,2024-03-20 05:00:00+07:00,2024-03-20 06:00:00+07:00,2,1,3.7422766497461657,seasonal_hour_MAD,E02669
RH2M,2016-02-06 20:00:00+07:00,2016-02-06 21:00:00+07:00,2,1,3.7422560240963856,seasonal_hour_IQR|seasonal_hour_MAD,E02670
ALLSKY_SFC_SW_DWN,2008-03-01 10:00:00+07:00,2008-03-01 16:00:00+07:00,7,1,3.74160419790105,seasonal_hour_IQR|seasonal_hour_MAD,E02671
ALLSKY_SFC_SW_DWN,2003-02-23 16:00:00+07:00,2003-02-23 17:00:00+07:00,2,1,3.7411101371951223,seasonal_hour_IQR|seasonal_hour_MAD,E02672
WS2M,2011-05-09 16:00:00+07:00,2011-05-09 18:00:00+07:00,3,1,3.740409090909092,seasonal_hour_IQR|seasonal_hour_MAD,E02673
WS2M,2017-01-10 17:00:00+07:00,2017-01-10 17:00:00+07:00,1,1,3.74040909090909,seasonal_hour_MAD,E02674
WS2M,2021-10-21 21:00:00+07:00,2021-10-21 22:00:00+07:00,2,1,3.74040909090909,seasonal_hour_IQR|seasonal_hour_MAD,E02675
WS2M,2007-12-20 16:00:00+07:00,2007-12-20 17:00:00+07:00,2,1,3.7404090909090884,seasonal_hour_IQR|seasonal_hour_MAD,E02676
WS2M,2015-11-24 17:00:00+07:00,2015-11-24 18:00:00+07:00,2,1,3.7404090909090884,seasonal_hour_IQR|seasonal_hour_MAD,E02677
WS2M,2018-11-17 17:00:00+07:00,2018-11-17 18:00:00+07:00,2,1,3.7404090909090884,seasonal_hour_IQR|seasonal_hour_MAD,E02678
RH2M,2015-07-13 18:00:00+07:00,2015-07-14 00:00:00+07:00,7,1,3.7398333333333422,seasonal_hour_IQR|seasonal_hour_MAD,E02679
RH2M,2025-01-15 18:00:00+07:00,2025-01-15 19:00:00+07:00,2,1,3.7393586723768713,seasonal_hour_IQR|seasonal_hour_MAD,E02680
RH2M,2018-01-12 18:00:00+07:00,2018-01-12 18:00:00+07:00,1,1,3.737914346895073,seasonal_hour_IQR|seasonal_hour_MAD,E02681
WS2M,2025-07-01 03:00:00+07:00,2025-07-01 05:00:00+07:00,3,1,3.7356923076923088,seasonal_hour_IQR|seasonal_hour_MAD,E02682
ALLSKY_SFC_SW_DWN,2005-02-25 06:00:00+07:00,2005-02-25 06:00:00+07:00,1,1,3.734317880794701,seasonal_hour_IQR|seasonal_hour_MAD,E02683
ALLSKY_SFC_SW_DWN,2021-01-02 07:00:00+07:00,2021-01-02 09:00:00+07:00,3,1,3.733683870967743,seasonal_hour_IQR|seasonal_hour_MAD,E02684
RH2M,2001-02-02 05:00:00+07:00,2001-02-02 05:00:00+07:00,1,1,3.732233333333345,seasonal_hour_MAD,E02685
WS2M,2008-02-01 01:00:00+07:00,2008-02-01 04:00:00+07:00,4,1,3.7322333333333337,seasonal_hour_MAD,E02686
ALLSKY_SFC_SW_DWN,2001-01-25 17:00:00+07:00,2001-01-25 17:00:00+07:00,1,1,3.729588235294117,seasonal_hour_IQR|seasonal_hour_MAD,E02687
ALLSKY_SFC_SW_DWN,2007-01-30 17:00:00+07:00,2007-01-30 17:00:00+07:00,1,1,3.729588235294117,seasonal_hour_IQR|seasonal_hour_MAD,E02688
RH2M,2011-08-31 18:00:00+07:00,2011-08-31 19:00:00+07:00,2,1,3.7293575581395366,seasonal_hour_IQR|seasonal_hour_MAD,E02689
WS2M,2021-01-11 05:00:00+07:00,2021-01-11 06:00:00+07:00,2,1,3.7284861111111094,seasonal_hour_IQR|seasonal_hour_MAD,E02690
RH2M,2001-03-03 21:00:00+07:00,2001-03-03 21:00:00+07:00,1,1,3.7284861111110916,seasonal_hour_MAD,E02691
ALLSKY_SFC_SW_DWN,2025-01-12 07:00:00+07:00,2025-01-12 09:00:00+07:00,3,1,3.7275686211340213,seasonal_hour_IQR|seasonal_hour_MAD,E02692
ALLSKY_SFC_SW_DWN,2009-03-28 15:00:00+07:00,2009-03-28 17:00:00+07:00,3,1,3.7268983050847453,seasonal_hour_IQR|seasonal_hour_MAD,E02693
RH2M,2025-03-22 08:00:00+07:00,2025-03-22 08:00:00+07:00,1,1,3.7266124999999954,seasonal_hour_IQR|seasonal_hour_MAD,E02694
ALLSKY_SFC_SW_DWN,2024-12-01 06:00:00+07:00,2024-12-01 06:00:00+07:00,1,1,3.726445544554456,seasonal_hour_IQR|seasonal_hour_MAD,E02695
RH2M,2018-02-03 04:00:00+07:00,2018-02-03 05:00:00+07:00,2,1,3.7258095238095366,seasonal_hour_MAD,E02696
WS2M,2009-10-27 18:00:00+07:00,2009-10-27 18:00:00+07:00,1,1,3.7258095238095215,seasonal_hour_IQR|seasonal_hour_MAD,E02697
RH2M,2012-04-30 06:00:00+07:00,2012-04-30 06:00:00+07:00,1,1,3.7258095238095192,seasonal_hour_MAD,E02698
ALLSKY_SFC_SW_DWN,2002-03-28 06:00:00+07:00,2002-03-28 06:00:00+07:00,1,1,3.725586086956522,seasonal_hour_IQR|seasonal_hour_MAD,E02699
RH2M,2025-10-22 05:00:00+07:00,2025-10-22 06:00:00+07:00,2,1,3.7241010638297944,seasonal_hour_IQR|seasonal_hour_MAD,E02700
RH2M,2014-02-08 04:00:00+07:00,2014-02-08 04:00:00+07:00,1,1,3.7240000000000095,seasonal_hour_MAD,E02701
RH2M,2010-05-06 21:00:00+07:00,2010-05-06 23:00:00+07:00,3,1,3.723920168067212,seasonal_hour_IQR|seasonal_hour_MAD,E02702
RH2M,2017-05-17 04:00:00+07:00,2017-05-17 04:00:00+07:00,1,1,3.7234222972972884,seasonal_hour_MAD,E02703
RH2M,2005-10-29 04:00:00+07:00,2005-10-29 06:00:00+07:00,3,1,3.7232399999999974,seasonal_hour_IQR|seasonal_hour_MAD,E02704
RH2M,2014-02-19 20:00:00+07:00,2014-02-19 22:00:00+07:00,3,1,3.721761643835628,seasonal_hour_IQR|seasonal_hour_MAD,E02705
ALLSKY_SFC_SW_DWN,2004-02-29 06:00:00+07:00,2004-02-29 06:00:00+07:00,1,1,3.720917218543045,seasonal_hour_IQR|seasonal_hour_MAD,E02706
WS2M,2008-10-01 02:00:00+07:00,2008-10-01 02:00:00+07:00,1,1,3.720629032258065,seasonal_hour_MAD,E02707
WS2M,2016-12-13 18:00:00+07:00,2016-12-14 00:00:00+07:00,7,1,3.7206290322580635,seasonal_hour_IQR|seasonal_hour_MAD,E02708
RH2M,2005-01-15 17:00:00+07:00,2005-01-15 18:00:00+07:00,2,1,3.7205824411134887,seasonal_hour_IQR|seasonal_hour_MAD,E02709
RH2M,2002-07-09 23:00:00+07:00,2002-07-10 04:00:00+07:00,6,1,3.7200950920245477,seasonal_hour_IQR|seasonal_hour_MAD,E02710
WS2M,2004-12-24 02:00:00+07:00,2004-12-24 03:00:00+07:00,2,1,3.719969696969696,seasonal_hour_IQR|seasonal_hour_MAD,E02711
WS2M,2011-12-09 03:00:00+07:00,2011-12-09 04:00:00+07:00,2,1,3.719969696969696,seasonal_hour_IQR|seasonal_hour_MAD,E02712
WS2M,2021-10-30 04:00:00+07:00,2021-10-30 05:00:00+07:00,2,1,3.719385714285715,seasonal_hour_IQR|seasonal_hour_MAD,E02713
WS2M,2015-05-27 00:00:00+07:00,2015-05-27 03:00:00+07:00,4,1,3.718864864864866,seasonal_hour_IQR|seasonal_hour_MAD,E02714
RH2M,2004-11-21 17:00:00+07:00,2004-11-21 19:00:00+07:00,3,1,3.7188189075630236,seasonal_hour_IQR|seasonal_hour_MAD,E02715
WS2M,2012-02-17 03:00:00+07:00,2012-02-17 04:00:00+07:00,2,1,3.7183974358974368,seasonal_hour_IQR|seasonal_hour_MAD,E02716
T2M,2020-05-21 17:00:00+07:00,2020-05-21 21:00:00+07:00,5,1,3.717843999999998,seasonal_hour_IQR|seasonal_hour_MAD,E02717
T2M,2016-06-17 03:00:00+07:00,2016-06-17 07:00:00+07:00,5,1,3.7158818181818347,seasonal_hour_IQR|seasonal_hour_MAD,E02718
RH2M,2025-05-10 23:00:00+07:00,2025-05-11 00:00:00+07:00,2,1,3.7157366863905015,seasonal_hour_MAD,E02719
T2M,2004-05-05 18:00:00+07:00,2004-05-06 07:00:00+07:00,14,1,3.7152786885245925,seasonal_hour_IQR|seasonal_hour_MAD,E02720
WS2M,2007-02-12 16:00:00+07:00,2007-02-12 17:00:00+07:00,2,1,3.7147835820895527,seasonal_hour_IQR|seasonal_hour_MAD,E02721
RH2M,2008-04-29 05:00:00+07:00,2008-04-29 05:00:00+07:00,1,1,3.714499999999984,seasonal_hour_MAD,E02722
RH2M,2020-05-22 02:00:00+07:00,2020-05-22 02:00:00+07:00,1,1,3.7142466666666625,seasonal_hour_MAD,E02723
RH2M,2011-08-31 21:00:00+07:00,2011-08-31 23:00:00+07:00,3,1,3.7130242718446826,seasonal_hour_IQR|seasonal_hour_MAD,E02724
RH2M,2010-02-11 10:00:00+07:00,2010-02-11 18:00:00+07:00,9,1,3.712632478632474,seasonal_hour_IQR|seasonal_hour_MAD,E02725
ALLSKY_SFC_SW_DWN,2016-03-01 07:00:00+07:00,2016-03-01 13:00:00+07:00,7,1,3.7125670379096167,seasonal_hour_IQR|seasonal_hour_MAD,E02726
RH2M,2018-08-12 00:00:00+07:00,2018-08-12 03:00:00+07:00,4,1,3.711553475935845,seasonal_hour_IQR|seasonal_hour_MAD,E02727
WS2M,2012-09-06 01:00:00+07:00,2012-09-06 01:00:00+07:00,1,1,3.709750000000001,seasonal_hour_MAD,E02728
WS2M,2014-08-11 01:00:00+07:00,2014-08-11 03:00:00+07:00,3,1,3.709750000000001,seasonal_hour_IQR|seasonal_hour_MAD,E02729
WS2M,2023-08-06 00:00:00+07:00,2023-08-06 01:00:00+07:00,2,1,3.709750000000001,seasonal_hour_IQR|seasonal_hour_MAD,E02730
WS2M,2023-08-07 23:00:00+07:00,2023-08-08 01:00:00+07:00,3,1,3.709750000000001,seasonal_hour_IQR|seasonal_hour_MAD,E02731
WS2M,2003-01-02 23:00:00+07:00,2003-01-03 00:00:00+07:00,2,1,3.70975,seasonal_hour_IQR|seasonal_hour_MAD,E02732
WS2M,2024-07-23 03:00:00+07:00,2024-07-23 04:00:00+07:00,2,1,3.7097499999999997,seasonal_hour_IQR|seasonal_hour_MAD,E02733
WS2M,2004-11-15 15:00:00+07:00,2004-11-15 17:00:00+07:00,3,1,3.7097499999999988,seasonal_hour_IQR|seasonal_hour_MAD,E02734
WS2M,2007-10-31 23:00:00+07:00,2007-11-01 01:00:00+07:00,3,1,3.7097499999999988,seasonal_hour_IQR|seasonal_hour_MAD,E02735
WS2M,2009-06-01 16:00:00+07:00,2009-06-01 18:00:00+07:00,3,1,3.7097499999999988,seasonal_hour_IQR|seasonal_hour_MAD,E02736
WS2M,2020-11-15 17:00:00+07:00,2020-11-15 17:00:00+07:00,1,1,3.7097499999999988,seasonal_hour_IQR|seasonal_hour_MAD,E02737
WS2M,2021-11-19 17:00:00+07:00,2021-11-19 17:00:00+07:00,1,1,3.7097499999999988,seasonal_hour_IQR|seasonal_hour_MAD,E02738
T2M,2013-09-06 07:00:00+07:00,2013-09-06 11:00:00+07:00,5,1,3.7081207729468666,seasonal_hour_IQR|seasonal_hour_MAD,E02739
RH2M,2016-03-24 05:00:00+07:00,2016-03-24 06:00:00+07:00,2,1,3.708038071065965,seasonal_hour_MAD,E02740
ALLSKY_SFC_SW_DWN,2005-12-28 17:00:00+07:00,2005-12-28 17:00:00+07:00,1,1,3.707317073170732,seasonal_hour_IQR,E02741
ALLSKY_SFC_SW_DWN,2018-12-24 17:00:00+07:00,2018-12-24 17:00:00+07:00,1,1,3.707317073170732,seasonal_hour_IQR,E02742
RH2M,2006-04-23 23:00:00+07:00,2006-04-24 00:00:00+07:00,2,1,3.7058375870069598,seasonal_hour_MAD,E02743
RH2M,2014-01-18 18:00:00+07:00,2014-01-18 20:00:00+07:00,3,1,3.7031630859374967,seasonal_hour_IQR|seasonal_hour_MAD,E02744
ALLSKY_SFC_SW_DWN,2010-01-30 17:00:00+07:00,2010-01-30 17:00:00+07:00,1,1,3.7031372549019617,seasonal_hour_IQR|seasonal_hour_MAD,E02745
RH2M,2018-07-03 05:00:00+07:00,2018-07-03 05:00:00+07:00,1,1,3.7025744680850754,seasonal_hour_IQR|seasonal_hour_MAD,E02746
RH2M,2021-08-02 18:00:00+07:00,2021-08-02 19:00:00+07:00,2,1,3.7019069767441874,seasonal_hour_IQR|seasonal_hour_MAD,E02747
RH2M,2006-03-29 07:00:00+07:00,2006-03-29 07:00:00+07:00,1,1,3.701692832764496,seasonal_hour_MAD,E02748
WS2M,2015-12-16 11:00:00+07:00,2015-12-16 16:00:00+07:00,6,1,3.7011025641025643,seasonal_hour_IQR|seasonal_hour_MAD,E02749
WS2M,2018-01-28 06:00:00+07:00,2018-01-28 06:00:00+07:00,1,1,3.7011025641025643,seasonal_hour_IQR|seasonal_hour_MAD,E02750
T2M,2005-05-01 09:00:00+07:00,2005-05-01 20:00:00+07:00,12,1,3.700249999999995,seasonal_hour_IQR|seasonal_hour_MAD,E02751
WS2M,2020-06-20 22:00:00+07:00,2020-06-21 01:00:00+07:00,4,1,3.698120689655172,seasonal_hour_IQR|seasonal_hour_MAD,E02752
WS2M,2025-06-18 22:00:00+07:00,2025-06-19 01:00:00+07:00,4,1,3.698120689655172,seasonal_hour_IQR|seasonal_hour_MAD,E02753
RH2M,2004-10-22 17:00:00+07:00,2004-10-22 18:00:00+07:00,2,1,3.697441605839417,seasonal_hour_IQR|seasonal_hour_MAD,E02754
RH2M,2004-11-23 17:00:00+07:00,2004-11-23 19:00:00+07:00,3,1,3.697280252100838,seasonal_hour_IQR|seasonal_hour_MAD,E02755
RH2M,2004-02-13 05:00:00+07:00,2004-02-13 05:00:00+07:00,1,1,3.6969023809523924,seasonal_hour_MAD,E02756
RH2M,2012-04-01 06:00:00+07:00,2012-04-01 06:00:00+07:00,1,1,3.69690238095238,seasonal_hour_MAD,E02757
RH2M,2001-11-17 18:00:00+07:00,2001-11-17 20:00:00+07:00,3,1,3.696540367705839,seasonal_hour_IQR|seasonal_hour_MAD,E02758
RH2M,2018-11-02 19:00:00+07:00,2018-11-02 21:00:00+07:00,3,1,3.696540367705839,seasonal_hour_IQR|seasonal_hour_MAD,E02759
PS,2009-11-20 02:00:00+07:00,2009-11-21 08:00:00+07:00,31,1,3.696260000000012,seasonal_hour_IQR|seasonal_hour_MAD,E02760
WS2M,2009-07-17 03:00:00+07:00,2009-07-17 05:00:00+07:00,3,1,3.6950869565217395,seasonal_hour_IQR|seasonal_hour_MAD,E02761
RH2M,2007-01-18 01:00:00+07:00,2007-01-18 05:00:00+07:00,5,1,3.694943902439031,seasonal_hour_IQR|seasonal_hour_MAD,E02762
RH2M,2012-08-03 18:00:00+07:00,2012-08-03 19:00:00+07:00,2,1,3.6921031976744203,seasonal_hour_IQR|seasonal_hour_MAD,E02763
RH2M,2004-09-10 19:00:00+07:00,2004-09-10 22:00:00+07:00,4,1,3.691465361445791,seasonal_hour_IQR|seasonal_hour_MAD,E02764
WS2M,2016-05-14 02:00:00+07:00,2016-05-14 04:00:00+07:00,3,1,3.6910138888888895,seasonal_hour_IQR|seasonal_hour_MAD,E02765
RH2M,2008-02-15 04:00:00+07:00,2008-02-15 05:00:00+07:00,2,1,3.690478571428584,seasonal_hour_MAD,E02766
RH2M,2022-10-22 19:00:00+07:00,2022-10-22 20:00:00+07:00,2,1,3.6900046838407525,seasonal_hour_IQR|seasonal_hour_MAD,E02767
ALLSKY_SFC_SW_DWN,2023-10-01 17:00:00+07:00,2023-10-01 17:00:00+07:00,1,1,3.68978125,seasonal_hour_IQR|seasonal_hour_MAD,E02768
ALLSKY_SFC_SW_DWN,2009-06-26 12:00:00+07:00,2009-06-26 17:00:00+07:00,6,1,3.6896290027447396,seasonal_hour_IQR|seasonal_hour_MAD,E02769
WS2M,2008-11-18 18:00:00+07:00,2008-11-18 23:00:00+07:00,6,1,3.6886718749999985,seasonal_hour_IQR|seasonal_hour_MAD,E02770
RH2M,2005-06-22 00:00:00+07:00,2005-06-22 02:00:00+07:00,3,1,3.6880288135593418,seasonal_hour_IQR|seasonal_hour_MAD,E02771
ALLSKY_SFC_SW_DWN,2018-03-10 07:00:00+07:00,2018-03-10 13:00:00+07:00,7,1,3.6876470871707006,seasonal_hour_IQR|seasonal_hour_MAD,E02772
T2M,2004-05-04 06:00:00+07:00,2004-05-05 08:00:00+07:00,27,1,3.6866506849315046,seasonal_hour_IQR|seasonal_hour_MAD,E02773
T2M,2006-05-13 14:00:00+07:00,2006-05-14 06:00:00+07:00,17,1,3.686491379310344,seasonal_hour_IQR|seasonal_hour_MAD,E02774
RH2M,2005-01-31 07:00:00+07:00,2005-01-31 07:00:00+07:00,1,1,3.6830371287128787,seasonal_hour_MAD,E02775
ALLSKY_SFC_SW_DWN,2014-01-22 09:00:00+07:00,2014-01-22 10:00:00+07:00,2,1,3.682973366834171,seasonal_hour_IQR|seasonal_hour_MAD,E02776
T2M,2010-09-24 06:00:00+07:00,2010-09-24 09:00:00+07:00,4,1,3.6826978609625654,seasonal_hour_IQR|seasonal_hour_MAD,E02777
WS2M,2018-01-18 18:00:00+07:00,2018-01-18 18:00:00+07:00,1,1,3.682405405405406,seasonal_hour_MAD,E02778
ALLSKY_SFC_SW_DWN,2005-01-26 17:00:00+07:00,2005-01-26 17:00:00+07:00,1,1,3.681976470588235,seasonal_hour_IQR|seasonal_hour_MAD,E02779
RH2M,2003-02-04 01:00:00+07:00,2003-02-04 02:00:00+07:00,2,1,3.6815856531049094,seasonal_hour_MAD,E02780
WS2M,2024-01-22 11:00:00+07:00,2024-01-22 15:00:00+07:00,5,1,3.6811694915254245,seasonal_hour_IQR|seasonal_hour_MAD,E02781
WS2M,2018-12-27 05:00:00+07:00,2018-12-27 06:00:00+07:00,2,1,3.6808428571428586,seasonal_hour_IQR|seasonal_hour_MAD,E02782
WS2M,2011-01-28 03:00:00+07:00,2011-01-28 04:00:00+07:00,2,1,3.680842857142856,seasonal_hour_IQR|seasonal_hour_MAD,E02783
WS2M,2019-03-09 22:00:00+07:00,2019-03-10 01:00:00+07:00,4,1,3.680842857142856,seasonal_hour_IQR|seasonal_hour_MAD,E02784
RH2M,2003-01-13 01:00:00+07:00,2003-01-13 02:00:00+07:00,2,1,3.6801378048780546,seasonal_hour_IQR|seasonal_hour_MAD,E02785
WS2M,2024-12-11 12:00:00+07:00,2024-12-11 13:00:00+07:00,2,1,3.679992647058825,seasonal_hour_IQR|seasonal_hour_MAD,E02786
RH2M,2018-10-05 20:00:00+07:00,2018-10-05 21:00:00+07:00,2,1,3.6792408312958385,seasonal_hour_IQR|seasonal_hour_MAD,E02787
RH2M,2010-06-06 18:00:00+07:00,2010-06-06 18:00:00+07:00,1,1,3.6791820208023736,seasonal_hour_IQR|seasonal_hour_MAD,E02788
ALLSKY_SFC_SW_DWN,2021-06-24 12:00:00+07:00,2021-06-24 14:00:00+07:00,3,1,3.678650960658738,seasonal_hour_IQR|seasonal_hour_MAD,E02789
ALLSKY_SFC_SW_DWN,2022-03-26 15:00:00+07:00,2022-03-26 17:00:00+07:00,3,1,3.6785554657179813,seasonal_hour_IQR|seasonal_hour_MAD,E02790
RH2M,2015-08-21 18:00:00+07:00,2015-08-21 22:00:00+07:00,5,1,3.678329192546566,seasonal_hour_IQR|seasonal_hour_MAD,E02791
RH2M,2008-01-03 23:00:00+07:00,2008-01-04 01:00:00+07:00,3,1,3.6763656565656553,seasonal_hour_IQR|seasonal_hour_MAD,E02792
RH2M,2011-03-07 21:00:00+07:00,2011-03-07 21:00:00+07:00,1,1,3.6754004629629433,seasonal_hour_MAD,E02793
RH2M,2005-02-21 01:00:00+07:00,2005-02-21 02:00:00+07:00,2,1,3.673903470715822,seasonal_hour_MAD,E02794
RH2M,2010-06-04 05:00:00+07:00,2010-06-04 06:00:00+07:00,2,1,3.673701900237549,seasonal_hour_IQR|seasonal_hour_MAD,E02795
RH2M,2019-10-01 03:00:00+07:00,2019-10-01 05:00:00+07:00,3,1,3.6726524999999954,seasonal_hour_IQR|seasonal_hour_MAD,E02796
WS2M,2022-11-28 18:00:00+07:00,2022-11-28 18:00:00+07:00,1,1,3.672277777777779,seasonal_hour_IQR|seasonal_hour_MAD,E02797
WS2M,2015-01-10 05:00:00+07:00,2015-01-10 06:00:00+07:00,2,1,3.6722777777777766,seasonal_hour_IQR|seasonal_hour_MAD,E02798
WS2M,2004-02-27 22:00:00+07:00,2004-02-27 23:00:00+07:00,2,1,3.6700735294117637,seasonal_hour_IQR|seasonal_hour_MAD,E02799
RH2M,2005-04-08 09:00:00+07:00,2005-04-08 20:00:00+07:00,12,1,3.6695480132450333,seasonal_hour_IQR|seasonal_hour_MAD,E02800
RH2M,2011-12-25 18:00:00+07:00,2011-12-25 20:00:00+07:00,3,1,3.6694673611111175,seasonal_hour_IQR|seasonal_hour_MAD,E02801
RH2M,2013-06-13 18:00:00+07:00,2013-06-13 19:00:00+07:00,2,1,3.6691597325408583,seasonal_hour_IQR|seasonal_hour_MAD,E02802
RH2M,2006-09-24 04:00:00+07:00,2006-09-24 06:00:00+07:00,3,1,3.668719584569725,seasonal_hour_IQR|seasonal_hour_MAD,E02803
T2M,2011-09-22 02:00:00+07:00,2011-09-22 08:00:00+07:00,7,1,3.668270053475932,seasonal_hour_IQR|seasonal_hour_MAD,E02804
ALLSKY_SFC_SW_DWN,2018-03-20 15:00:00+07:00,2018-03-20 17:00:00+07:00,3,1,3.667648285899094,seasonal_hour_IQR|seasonal_hour_MAD,E02805
RH2M,2005-02-16 17:00:00+07:00,2005-02-16 18:00:00+07:00,2,1,3.667350634371402,seasonal_hour_IQR|seasonal_hour_MAD,E02806
RH2M,2015-01-13 18:00:00+07:00,2015-01-13 19:00:00+07:00,2,1,3.6671423982869356,seasonal_hour_IQR|seasonal_hour_MAD,E02807
T2M,2001-09-29 01:00:00+07:00,2001-09-29 06:00:00+07:00,6,1,3.666416201117319,seasonal_hour_IQR|seasonal_hour_MAD,E02808
WS2M,2011-06-04 17:00:00+07:00,2011-06-04 23:00:00+07:00,7,1,3.6657608695652186,seasonal_hour_IQR|seasonal_hour_MAD,E02809
WS2M,2013-07-08 04:00:00+07:00,2013-07-08 05:00:00+07:00,2,1,3.665760869565217,seasonal_hour_IQR|seasonal_hour_MAD,E02810
ALLSKY_SFC_SW_DWN,2023-01-25 07:00:00+07:00,2023-01-25 09:00:00+07:00,3,1,3.664928387096774,seasonal_hour_IQR|seasonal_hour_MAD,E02811
ALLSKY_SFC_SW_DWN,2012-06-06 12:00:00+07:00,2012-06-06 13:00:00+07:00,2,1,3.6646198536139076,seasonal_hour_IQR|seasonal_hour_MAD,E02812
T2M,2017-06-02 07:00:00+07:00,2017-06-03 01:00:00+07:00,19,1,3.664350961538457,seasonal_hour_IQR|seasonal_hour_MAD,E02813
RH2M,2022-04-02 03:00:00+07:00,2022-04-02 05:00:00+07:00,3,1,3.6638333333333146,seasonal_hour_IQR|seasonal_hour_MAD,E02814
ALLSKY_SFC_SW_DWN,2025-01-14 07:00:00+07:00,2025-01-14 08:00:00+07:00,2,1,3.662378543814434,seasonal_hour_IQR|seasonal_hour_MAD,E02815
WS2M,2025-08-31 03:00:00+07:00,2025-08-31 03:00:00+07:00,1,1,3.66157142857143,seasonal_hour_IQR|seasonal_hour_MAD,E02816
WS2M,2021-10-11 17:00:00+07:00,2021-10-11 18:00:00+07:00,2,1,3.6615714285714263,seasonal_hour_IQR|seasonal_hour_MAD,E02817
RH2M,2006-01-06 05:00:00+07:00,2006-01-06 05:00:00+07:00,1,1,3.661014450867059,seasonal_hour_MAD,E02818
RH2M,2011-02-14 07:00:00+07:00,2011-02-14 07:00:00+07:00,1,1,3.660420895522388,seasonal_hour_MAD,E02819
RH2M,2015-07-14 18:00:00+07:00,2015-07-14 21:00:00+07:00,4,1,3.6595639880952398,seasonal_hour_IQR|seasonal_hour_MAD,E02820
RH2M,2013-06-11 23:00:00+07:00,2013-06-12 00:00:00+07:00,2,1,3.6590522875816953,seasonal_hour_IQR|seasonal_hour_MAD,E02821
T2M,2007-09-22 23:00:00+07:00,2007-09-23 07:00:00+07:00,9,1,3.6588798882681584,seasonal_hour_IQR|seasonal_hour_MAD,E02822
WS2M,2009-01-23 17:00:00+07:00,2009-01-23 17:00:00+07:00,1,1,3.658651515151514,seasonal_hour_MAD,E02823
WS2M,2020-01-10 17:00:00+07:00,2020-01-10 17:00:00+07:00,1,1,3.658651515151514,seasonal_hour_MAD,E02824
ALLSKY_SFC_SW_DWN,2015-12-26 17:00:00+07:00,2015-12-26 17:00:00+07:00,1,1,3.658536585365854,seasonal_hour_IQR,E02825
ALLSKY_SFC_SW_DWN,2019-12-26 17:00:00+07:00,2019-12-26 17:00:00+07:00,1,1,3.658536585365854,seasonal_hour_IQR,E02826
T2M,2005-05-05 16:00:00+07:00,2005-05-05 18:00:00+07:00,3,1,3.6584879999999984,seasonal_hour_IQR|seasonal_hour_MAD,E02827
RH2M,2010-02-09 11:00:00+07:00,2010-02-09 15:00:00+07:00,5,1,3.656590254237284,seasonal_hour_IQR|seasonal_hour_MAD,E02828
PS,2008-09-24 00:00:00+07:00,2008-09-25 17:00:00+07:00,42,1,3.656500000000048,seasonal_hour_IQR|seasonal_hour_MAD,E02829
RH2M,2010-04-23 23:00:00+07:00,2010-04-23 23:00:00+07:00,1,1,3.6557587006960515,seasonal_hour_MAD,E02830
RH2M,2005-12-18 17:00:00+07:00,2005-12-18 23:00:00+07:00,7,1,3.655415277777784,seasonal_hour_IQR|seasonal_hour_MAD,E02831
WS2M,2013-10-30 19:00:00+07:00,2013-10-30 19:00:00+07:00,1,1,3.653541666666667,seasonal_hour_IQR|seasonal_hour_MAD,E02832
WS2M,2003-08-24 05:00:00+07:00,2003-08-24 05:00:00+07:00,1,1,3.6535416666666665,seasonal_hour_IQR|seasonal_hour_MAD,E02833
WS2M,2016-01-15 03:00:00+07:00,2016-01-15 06:00:00+07:00,4,1,3.653541666666665,seasonal_hour_IQR|seasonal_hour_MAD,E02834
WS2M,2017-01-20 05:00:00+07:00,2017-01-20 06:00:00+07:00,2,1,3.653541666666665,seasonal_hour_IQR|seasonal_hour_MAD,E02835
RH2M,2025-01-11 18:00:00+07:00,2025-01-11 18:00:00+07:00,1,1,3.652699143468948,seasonal_hour_IQR|seasonal_hour_MAD,E02836
WS2M,2023-04-25 04:00:00+07:00,2023-04-25 05:00:00+07:00,2,1,3.6526769230769234,seasonal_hour_IQR|seasonal_hour_MAD,E02837
RH2M,2016-06-15 04:00:00+07:00,2016-06-15 06:00:00+07:00,3,1,3.6522257525083495,seasonal_hour_IQR|seasonal_hour_MAD,E02838
WS2M,2003-10-09 22:00:00+07:00,2003-10-09 23:00:00+07:00,2,1,3.6484318181818165,seasonal_hour_IQR|seasonal_hour_MAD,E02839
WS2M,2016-11-09 17:00:00+07:00,2016-11-09 17:00:00+07:00,1,1,3.6484318181818165,seasonal_hour_IQR|seasonal_hour_MAD,E02840
WS2M,2022-12-27 17:00:00+07:00,2022-12-27 17:00:00+07:00,1,1,3.6484318181818165,seasonal_hour_IQR|seasonal_hour_MAD,E02841
RH2M,2003-12-20 17:00:00+07:00,2003-12-20 20:00:00+07:00,4,1,3.6479208333333397,seasonal_hour_IQR|seasonal_hour_MAD,E02842
RH2M,2004-12-05 18:00:00+07:00,2004-12-05 20:00:00+07:00,3,1,3.6479208333333397,seasonal_hour_IQR|seasonal_hour_MAD,E02843
RH2M,2003-10-18 20:00:00+07:00,2003-10-18 22:00:00+07:00,3,1,3.646257946210266,seasonal_hour_IQR|seasonal_hour_MAD,E02844
RH2M,2005-05-26 23:00:00+07:00,2005-05-27 01:00:00+07:00,3,1,3.6458499999999874,seasonal_hour_MAD,E02845
ALLSKY_SFC_SW_DWN,2015-02-24 06:00:00+07:00,2015-02-24 06:00:00+07:00,1,1,3.6449801324503293,seasonal_hour_IQR|seasonal_hour_MAD,E02846
T2M,2020-10-19 10:00:00+07:00,2020-10-19 16:00:00+07:00,7,1,3.6431327160493803,seasonal_hour_IQR|seasonal_hour_MAD,E02847
RH2M,2018-03-11 03:00:00+07:00,2018-03-11 04:00:00+07:00,2,1,3.6423000000000116,seasonal_hour_MAD,E02848
WS2M,2005-08-31 02:00:00+07:00,2005-08-31 02:00:00+07:00,1,1,3.642300000000001,seasonal_hour_IQR|seasonal_hour_MAD,E02849
WS2M,2011-08-01 22:00:00+07:00,2011-08-02 01:00:00+07:00,4,1,3.642300000000001,seasonal_hour_IQR|seasonal_hour_MAD,E02850
WS2M,2024-06-09 04:00:00+07:00,2024-06-09 05:00:00+07:00,2,1,3.6423,seasonal_hour_IQR|seasonal_hour_MAD,E02851
WS2M,2025-06-12 03:00:00+07:00,2025-06-12 05:00:00+07:00,3,1,3.6423,seasonal_hour_IQR|seasonal_hour_MAD,E02852
WS2M,2009-12-27 20:00:00+07:00,2009-12-27 20:00:00+07:00,1,1,3.642299999999999,seasonal_hour_IQR|seasonal_hour_MAD,E02853
ALLSKY_SFC_SW_DWN,2003-03-05 07:00:00+07:00,2003-03-05 13:00:00+07:00,7,1,3.641346541015207,seasonal_hour_IQR|seasonal_hour_MAD,E02854
ALLSKY_SFC_SW_DWN,2009-01-11 07:00:00+07:00,2009-01-11 09:00:00+07:00,3,1,3.6396890322580644,seasonal_hour_IQR|seasonal_hour_MAD,E02855
ALLSKY_SFC_SW_DWN,2003-03-03 11:00:00+07:00,2003-03-03 16:00:00+07:00,6,1,3.638198900388099,seasonal_hour_IQR|seasonal_hour_MAD,E02856
RH2M,2011-08-31 04:00:00+07:00,2011-08-31 05:00:00+07:00,2,1,3.6378033333333346,seasonal_hour_IQR|seasonal_hour_MAD,E02857
RH2M,2010-04-07 05:00:00+07:00,2010-04-07 05:00:00+07:00,1,1,3.6353333333333184,seasonal_hour_MAD,E02858
WS2M,2016-03-25 02:00:00+07:00,2016-03-25 03:00:00+07:00,2,1,3.634805555555557,seasonal_hour_IQR|seasonal_hour_MAD,E02859
WS2M,2009-03-06 00:00:00+07:00,2009-03-06 04:00:00+07:00,5,1,3.6348055555555563,seasonal_hour_IQR|seasonal_hour_MAD,E02860
ALLSKY_SFC_SW_DWN,2015-01-13 07:00:00+07:00,2015-01-13 09:00:00+07:00,3,1,3.6332486451612898,seasonal_hour_IQR|seasonal_hour_MAD,E02861
ALLSKY_SFC_SW_DWN,2008-12-02 06:00:00+07:00,2008-12-02 06:00:00+07:00,1,1,3.632950495049507,seasonal_hour_IQR|seasonal_hour_MAD,E02862
RH2M,2002-04-18 05:00:00+07:00,2002-04-18 06:00:00+07:00,2,1,3.6321666666666497,seasonal_hour_MAD,E02863
WS2M,2025-04-13 05:00:00+07:00,2025-04-13 05:00:00+07:00,1,1,3.631923076923077,seasonal_hour_IQR|seasonal_hour_MAD,E02864
WS2M,2017-12-07 21:00:00+07:00,2017-12-07 23:00:00+07:00,3,1,3.6319230769230764,seasonal_hour_IQR|seasonal_hour_MAD,E02865
RH2M,2007-01-28 07:00:00+07:00,2007-01-28 07:00:00+07:00,1,1,3.6312809405940665,seasonal_hour_MAD,E02866
WS2M,2014-02-18 12:00:00+07:00,2014-02-18 13:00:00+07:00,2,1,3.6308191489361694,seasonal_hour_IQR|seasonal_hour_MAD,E02867
RH2M,2007-09-15 20:00:00+07:00,2007-09-15 23:00:00+07:00,4,1,3.630655537459281,seasonal_hour_IQR|seasonal_hour_MAD,E02868
WS2M,2007-02-12 21:00:00+07:00,2007-02-12 23:00:00+07:00,3,1,3.6303970588235286,seasonal_hour_IQR|seasonal_hour_MAD,E02869
RH2M,2015-02-25 07:00:00+07:00,2015-02-25 07:00:00+07:00,1,1,3.6302194029850736,seasonal_hour_MAD,E02870
RH2M,2018-02-03 07:00:00+07:00,2018-02-03 09:00:00+07:00,3,1,3.6302194029850736,seasonal_hour_IQR|seasonal_hour_MAD,E02871
PS,2021-10-09 19:00:00+07:00,2021-10-11 04:00:00+07:00,34,1,3.6294523809525203,seasonal_hour_IQR|seasonal_hour_MAD,E02872
RH2M,2007-01-09 07:00:00+07:00,2007-01-09 09:00:00+07:00,3,1,3.627941831683176,seasonal_hour_IQR|seasonal_hour_MAD,E02873
ALLSKY_SFC_SW_DWN,2016-02-09 07:00:00+07:00,2016-02-09 09:00:00+07:00,3,1,3.6270731922398585,seasonal_hour_IQR|seasonal_hour_MAD,E02874
RH2M,2003-10-20 19:00:00+07:00,2003-10-20 19:00:00+07:00,1,1,3.6268196721311523,seasonal_hour_MAD,E02875
WS2M,2013-11-24 12:00:00+07:00,2013-11-24 13:00:00+07:00,2,1,3.6266594202898554,seasonal_hour_IQR|seasonal_hour_MAD,E02876
WS2M,2019-02-23 23:00:00+07:00,2019-02-24 01:00:00+07:00,3,1,3.6266594202898528,seasonal_hour_IQR|seasonal_hour_MAD,E02877
ALLSKY_SFC_SW_DWN,2007-04-30 06:00:00+07:00,2007-04-30 08:00:00+07:00,3,1,3.6264553017944525,seasonal_hour_IQR|seasonal_hour_MAD,E02878
RH2M,2009-10-08 03:00:00+07:00,2009-10-08 05:00:00+07:00,3,1,3.625848780487813,seasonal_hour_IQR|seasonal_hour_MAD,E02879
WS2M,2004-11-05 23:00:00+07:00,2004-11-06 00:00:00+07:00,2,1,3.625437500000001,seasonal_hour_IQR|seasonal_hour_MAD,E02880
WS2M,2003-10-12 19:00:00+07:00,2003-10-12 19:00:00+07:00,1,1,3.6254375000000008,seasonal_hour_IQR|seasonal_hour_MAD,E02881
RH2M,2006-10-29 18:00:00+07:00,2006-10-29 18:00:00+07:00,1,1,3.625232360097325,seasonal_hour_MAD,E02882
RH2M,2024-11-08 20:00:00+07:00,2024-11-08 21:00:00+07:00,2,1,3.6232134292565985,seasonal_hour_IQR|seasonal_hour_MAD,E02883
WS2M,2019-11-23 18:00:00+07:00,2019-11-23 18:00:00+07:00,1,1,3.622314814814816,seasonal_hour_IQR|seasonal_hour_MAD,E02884
WS2M,2003-09-10 18:00:00+07:00,2003-09-10 18:00:00+07:00,1,1,3.621000000000001,seasonal_hour_IQR|seasonal_hour_MAD,E02885
WS2M,2007-09-07 17:00:00+07:00,2007-09-07 18:00:00+07:00,2,1,3.621000000000001,seasonal_hour_IQR|seasonal_hour_MAD,E02886
WS2M,2010-09-25 17:00:00+07:00,2010-09-25 18:00:00+07:00,2,1,3.621000000000001,seasonal_hour_IQR|seasonal_hour_MAD,E02887
ALLSKY_SFC_SW_DWN,2022-04-08 06:00:00+07:00,2022-04-08 09:00:00+07:00,4,1,3.6205114256037403,seasonal_hour_IQR|seasonal_hour_MAD,E02888
RH2M,2003-06-18 06:00:00+07:00,2003-06-18 06:00:00+07:00,1,1,3.619229216152042,seasonal_hour_IQR|seasonal_hour_MAD,E02889
RH2M,2005-02-16 07:00:00+07:00,2005-02-16 07:00:00+07:00,1,1,3.618138805970147,seasonal_hour_MAD,E02890
WS2M,2010-05-03 14:00:00+07:00,2010-05-03 18:00:00+07:00,5,1,3.6177727272727287,seasonal_hour_IQR|seasonal_hour_MAD,E02891
WS2M,2014-12-07 05:00:00+07:00,2014-12-07 06:00:00+07:00,2,1,3.6177727272727274,seasonal_hour_IQR|seasonal_hour_MAD,E02892
WS2M,2023-09-16 02:00:00+07:00,2023-09-16 02:00:00+07:00,1,1,3.6177727272727274,seasonal_hour_MAD,E02893
WS2M,2018-12-28 03:00:00+07:00,2018-12-28 05:00:00+07:00,3,1,3.6177727272727265,seasonal_hour_IQR|seasonal_hour_MAD,E02894
WS2M,2003-11-05 17:00:00+07:00,2003-11-05 17:00:00+07:00,1,1,3.6177727272727247,seasonal_hour_IQR|seasonal_hour_MAD,E02895
WS2M,2004-11-08 17:00:00+07:00,2004-11-08 18:00:00+07:00,2,1,3.6177727272727247,seasonal_hour_IQR|seasonal_hour_MAD,E02896
WS2M,2019-12-01 17:00:00+07:00,2019-12-01 18:00:00+07:00,2,1,3.6177727272727247,seasonal_hour_IQR|seasonal_hour_MAD,E02897
WS2M,2023-11-16 17:00:00+07:00,2023-11-16 17:00:00+07:00,1,1,3.6177727272727247,seasonal_hour_IQR|seasonal_hour_MAD,E02898
RH2M,2018-07-05 05:00:00+07:00,2018-07-05 06:00:00+07:00,2,1,3.6164680851063564,seasonal_hour_IQR|seasonal_hour_MAD,E02899
WS2M,2020-04-23 01:00:00+07:00,2020-04-23 05:00:00+07:00,5,1,3.6160694444444457,seasonal_hour_IQR|seasonal_hour_MAD,E02900
WS2M,2011-05-08 22:00:00+07:00,2011-05-09 00:00:00+07:00,3,1,3.6160694444444434,seasonal_hour_IQR|seasonal_hour_MAD,E02901
WS2M,2010-02-19 04:00:00+07:00,2010-02-19 05:00:00+07:00,2,1,3.6146282051282066,seasonal_hour_IQR|seasonal_hour_MAD,E02902
WS2M,2012-02-25 05:00:00+07:00,2012-02-25 05:00:00+07:00,1,1,3.6146282051282066,seasonal_hour_IQR|seasonal_hour_MAD,E02903
RH2M,2015-02-25 05:00:00+07:00,2015-02-25 05:00:00+07:00,1,1,3.6133928571428666,seasonal_hour_MAD,E02904
RH2M,2021-02-19 05:00:00+07:00,2021-02-19 05:00:00+07:00,1,1,3.6133928571428666,seasonal_hour_MAD,E02905
ALLSKY_SFC_SW_DWN,2001-03-29 11:00:00+07:00,2001-03-29 12:00:00+07:00,2,1,3.6124538445063177,seasonal_hour_IQR|seasonal_hour_MAD,E02906
PS,2018-04-06 19:00:00+07:00,2018-04-07 19:00:00+07:00,25,1,3.6118387096774165,seasonal_hour_IQR|seasonal_hour_MAD,E02907
WS2M,2007-06-10 07:00:00+07:00,2007-06-10 10:00:00+07:00,4,1,3.611385416666668,seasonal_hour_IQR|seasonal_hour_MAD,E02908
T2M,2001-05-07 17:00:00+07:00,2001-05-07 20:00:00+07:00,4,1,3.6109008620689673,seasonal_hour_IQR|seasonal_hour_MAD,E02909
ALLSKY_SFC_SW_DWN,2011-12-31 17:00:00+07:00,2011-12-31 17:00:00+07:00,1,1,3.6097560975609757,seasonal_hour_IQR,E02910
ALLSKY_SFC_SW_DWN,2020-12-27 17:00:00+07:00,2020-12-27 17:00:00+07:00,1,1,3.6097560975609757,seasonal_hour_IQR,E02911
RH2M,2012-03-26 07:00:00+07:00,2012-03-26 08:00:00+07:00,2,1,3.6096109215016963,seasonal_hour_IQR|seasonal_hour_MAD,E02912
WS2M,2010-09-23 01:00:00+07:00,2010-09-23 01:00:00+07:00,1,1,3.608575000000001,seasonal_hour_MAD,E02913
RH2M,2018-01-29 05:00:00+07:00,2018-01-29 05:00:00+07:00,1,1,3.6083800578034757,seasonal_hour_MAD,E02914
WS2M,2014-12-16 11:00:00+07:00,2014-12-16 15:00:00+07:00,5,1,3.6080396825396828,seasonal_hour_IQR|seasonal_hour_MAD,E02915
WS2M,2012-07-15 04:00:00+07:00,2012-07-15 05:00:00+07:00,2,1,3.6071086956521734,seasonal_hour_IQR|seasonal_hour_MAD,E02916
T2M,2004-06-09 03:00:00+07:00,2004-06-09 06:00:00+07:00,4,1,3.605086206896549,seasonal_hour_IQR|seasonal_hour_MAD,E02917
WS2M,2011-03-09 22:00:00+07:00,2011-03-10 02:00:00+07:00,5,1,3.603757142857142,seasonal_hour_IQR|seasonal_hour_MAD,E02918
RH2M,2004-02-13 01:00:00+07:00,2004-02-13 01:00:00+07:00,1,1,3.6035920770877805,seasonal_hour_MAD,E02919
T2M,2023-07-28 06:00:00+07:00,2023-07-28 08:00:00+07:00,3,1,3.600792307692318,seasonal_hour_IQR|seasonal_hour_MAD,E02920
RH2M,2014-09-08 03:00:00+07:00,2014-09-08 05:00:00+07:00,3,1,3.598600000000008,seasonal_hour_IQR|seasonal_hour_MAD,E02921
RH2M,2016-09-16 23:00:00+07:00,2016-09-16 23:00:00+07:00,1,1,3.598146473779375,seasonal_hour_IQR|seasonal_hour_MAD,E02922
RH2M,2001-04-13 03:00:00+07:00,2001-04-13 04:00:00+07:00,2,1,3.5978513824884892,seasonal_hour_IQR|seasonal_hour_MAD,E02923
RH2M,2010-09-03 20:00:00+07:00,2010-09-03 23:00:00+07:00,4,1,3.597699511400648,seasonal_hour_IQR|seasonal_hour_MAD,E02924
WS2M,2011-10-06 00:00:00+07:00,2011-10-06 00:00:00+07:00,1,1,3.597333333333334,seasonal_hour_MAD,E02925
WS2M,2021-10-08 00:00:00+07:00,2021-10-08 00:00:00+07:00,1,1,3.597333333333334,seasonal_hour_MAD,E02926
WS2M,2025-01-15 06:00:00+07:00,2025-01-15 06:00:00+07:00,1,1,3.597333333333334,seasonal_hour_IQR|seasonal_hour_MAD,E02927
WS2M,2009-10-10 19:00:00+07:00,2009-10-10 19:00:00+07:00,1,1,3.5973333333333337,seasonal_hour_IQR|seasonal_hour_MAD,E02928
WS2M,2023-09-26 05:00:00+07:00,2023-09-26 05:00:00+07:00,1,1,3.5973333333333337,seasonal_hour_IQR|seasonal_hour_MAD,E02929
ALLSKY_SFC_SW_DWN,2019-01-31 17:00:00+07:00,2019-01-31 17:00:00+07:00,1,1,3.5973333333333333,seasonal_hour_IQR|seasonal_hour_MAD,E02930
WS2M,2009-03-01 00:00:00+07:00,2009-03-01 03:00:00+07:00,4,1,3.5973333333333333,seasonal_hour_IQR|seasonal_hour_MAD,E02931
WS2M,2021-08-06 05:00:00+07:00,2021-08-06 05:00:00+07:00,1,1,3.5973333333333333,seasonal_hour_IQR|seasonal_hour_MAD,E02932
WS2M,2002-01-27 00:00:00+07:00,2002-01-27 00:00:00+07:00,1,1,3.5973333333333324,seasonal_hour_IQR|seasonal_hour_MAD,E02933
WS2M,2012-09-21 19:00:00+07:00,2012-09-21 19:00:00+07:00,1,1,3.5973333333333324,seasonal_hour_IQR|seasonal_hour_MAD,E02934
WS2M,2018-02-04 23:00:00+07:00,2018-02-05 00:00:00+07:00,2,1,3.5973333333333324,seasonal_hour_IQR|seasonal_hour_MAD,E02935
WS2M,2019-05-08 23:00:00+07:00,2019-05-09 01:00:00+07:00,3,1,3.5973333333333324,seasonal_hour_IQR|seasonal_hour_MAD,E02936
WS2M,2016-01-30 02:00:00+07:00,2016-01-30 02:00:00+07:00,1,1,3.597333333333332,seasonal_hour_IQR|seasonal_hour_MAD,E02937
RH2M,2004-03-02 21:00:00+07:00,2004-03-02 21:00:00+07:00,1,1,3.597333333333314,seasonal_hour_MAD,E02938
RH2M,2003-05-05 18:00:00+07:00,2003-05-05 19:00:00+07:00,2,1,3.5963515283842806,seasonal_hour_IQR|seasonal_hour_MAD,E02939
WS2M,2007-02-27 12:00:00+07:00,2007-02-27 15:00:00+07:00,4,1,3.5942534246575355,seasonal_hour_IQR|seasonal_hour_MAD,E02940
RH2M,2024-06-19 05:00:00+07:00,2024-06-19 05:00:00+07:00,1,1,3.5935735785953082,seasonal_hour_IQR|seasonal_hour_MAD,E02941
RH2M,2003-01-11 23:00:00+07:00,2003-01-11 23:00:00+07:00,1,1,3.593245454545451,seasonal_hour_MAD,E02942
ALLSKY_SFC_SW_DWN,2022-11-02 06:00:00+07:00,2022-11-02 06:00:00+07:00,1,1,3.5924456521739128,seasonal_hour_IQR|seasonal_hour_MAD,E02943
WS2M,2020-01-09 19:00:00+07:00,2020-01-09 19:00:00+07:00,1,1,3.5921046511627903,seasonal_hour_MAD,E02944
ALLSKY_SFC_SW_DWN,2010-02-25 06:00:00+07:00,2010-02-25 06:00:00+07:00,1,1,3.5913774834437073,seasonal_hour_IQR|seasonal_hour_MAD,E02945
T2M,2003-09-25 00:00:00+07:00,2003-09-25 06:00:00+07:00,7,1,3.5910530726257,seasonal_hour_IQR|seasonal_hour_MAD,E02946
T2M,2015-07-08 03:00:00+07:00,2015-07-08 05:00:00+07:00,3,1,3.58930357142858,seasonal_hour_IQR|seasonal_hour_MAD,E02947
ALLSKY_SFC_SW_DWN,2015-04-13 06:00:00+07:00,2015-04-13 09:00:00+07:00,4,1,3.5886342508439375,seasonal_hour_IQR|seasonal_hour_MAD,E02948
RH2M,2014-07-24 03:00:00+07:00,2014-07-24 06:00:00+07:00,4,1,3.5876779141104405,seasonal_hour_IQR|seasonal_hour_MAD,E02949
RH2M,2006-05-07 00:00:00+07:00,2006-05-07 01:00:00+07:00,2,1,3.5873089171974715,seasonal_hour_MAD,E02950
WS2M,2005-09-26 02:00:00+07:00,2005-09-26 02:00:00+07:00,1,1,3.5871136363636364,seasonal_hour_MAD,E02951
WS2M,2003-11-07 17:00:00+07:00,2003-11-07 17:00:00+07:00,1,1,3.5871136363636347,seasonal_hour_IQR|seasonal_hour_MAD,E02952
WS2M,2014-11-06 17:00:00+07:00,2014-11-06 17:00:00+07:00,1,1,3.5871136363636347,seasonal_hour_IQR|seasonal_hour_MAD,E02953
WS2M,2018-12-05 17:00:00+07:00,2018-12-05 18:00:00+07:00,2,1,3.5871136363636347,seasonal_hour_IQR|seasonal_hour_MAD,E02954
WS2M,2022-10-16 23:00:00+07:00,2022-10-17 00:00:00+07:00,2,1,3.5871136363636347,seasonal_hour_MAD,E02955
WS2M,2020-11-15 03:00:00+07:00,2020-11-15 05:00:00+07:00,3,1,3.586626984126985,seasonal_hour_IQR|seasonal_hour_MAD,E02956
T2M,2021-10-21 10:00:00+07:00,2021-10-21 19:00:00+07:00,10,1,3.585499999999992,seasonal_hour_IQR|seasonal_hour_MAD,E02957
RH2M,2007-10-26 17:00:00+07:00,2007-10-26 18:00:00+07:00,2,1,3.5842043795620446,seasonal_hour_IQR|seasonal_hour_MAD,E02958
WS2M,2016-01-24 10:00:00+07:00,2016-01-24 13:00:00+07:00,4,1,3.5839104477611943,seasonal_hour_IQR|seasonal_hour_MAD,E02959
RH2M,2003-01-12 01:00:00+07:00,2003-01-12 01:00:00+07:00,1,1,3.583568027210888,seasonal_hour_MAD,E02960
T2M,2014-09-23 01:00:00+07:00,2014-09-23 06:00:00+07:00,6,1,3.583516759776537,seasonal_hour_IQR|seasonal_hour_MAD,E02961
WS2M,2012-01-20 20:00:00+07:00,2012-01-20 22:00:00+07:00,3,1,3.583281250000001,seasonal_hour_IQR|seasonal_hour_MAD,E02962
WS2M,2017-11-17 19:00:00+07:00,2017-11-17 20:00:00+07:00,2,1,3.5832812499999993,seasonal_hour_IQR|seasonal_hour_MAD,E02963
WS2M,2025-08-30 10:00:00+07:00,2025-08-30 14:00:00+07:00,5,1,3.582590163934426,seasonal_hour_IQR|seasonal_hour_MAD,E02964
RH2M,2001-05-11 06:00:00+07:00,2001-05-11 07:00:00+07:00,2,1,3.5817326530612172,seasonal_hour_IQR|seasonal_hour_MAD,E02965
ALLSKY_SFC_SW_DWN,2018-06-01 11:00:00+07:00,2018-06-01 14:00:00+07:00,4,1,3.581017840805124,seasonal_hour_IQR|seasonal_hour_MAD,E02966
RH2M,2023-09-02 06:00:00+07:00,2023-09-02 06:00:00+07:00,1,1,3.5806543026706152,seasonal_hour_IQR|seasonal_hour_MAD,E02967
WS2M,2006-11-28 00:00:00+07:00,2006-11-28 01:00:00+07:00,2,1,3.5800384615384613,seasonal_hour_IQR|seasonal_hour_MAD,E02968
RH2M,2007-01-31 13:00:00+07:00,2007-01-31 18:00:00+07:00,6,1,3.5790385438972137,seasonal_hour_IQR|seasonal_hour_MAD,E02969
WS2M,2014-01-12 05:00:00+07:00,2014-01-12 06:00:00+07:00,2,1,3.5785972222222204,seasonal_hour_IQR|seasonal_hour_MAD,E02970
RH2M,2004-10-21 17:00:00+07:00,2004-10-21 17:00:00+07:00,1,1,3.5778595800525035,seasonal_hour_IQR|seasonal_hour_MAD,E02971
RH2M,2025-01-28 07:00:00+07:00,2025-01-28 07:00:00+07:00,1,1,3.5778551980198077,seasonal_hour_MAD,E02972
WS2M,2008-03-22 11:00:00+07:00,2008-03-22 12:00:00+07:00,2,1,3.5774113924050646,seasonal_hour_IQR|seasonal_hour_MAD,E02973
RH2M,2011-05-17 04:00:00+07:00,2011-05-17 05:00:00+07:00,2,1,3.5771758620689575,seasonal_hour_MAD,E02974
WS2M,2020-01-04 17:00:00+07:00,2020-01-04 17:00:00+07:00,1,1,3.576893939393938,seasonal_hour_MAD,E02975
ALLSKY_SFC_SW_DWN,2017-02-19 07:00:00+07:00,2017-02-19 09:00:00+07:00,3,1,3.5767930041152254,seasonal_hour_IQR|seasonal_hour_MAD,E02976
RH2M,2025-04-25 05:00:00+07:00,2025-04-25 05:00:00+07:00,1,1,3.575166666666648,seasonal_hour_MAD,E02977
WS2M,2010-09-14 01:00:00+07:00,2010-09-14 01:00:00+07:00,1,1,3.574850000000001,seasonal_hour_MAD,E02978
WS2M,2021-09-08 01:00:00+07:00,2021-09-08 01:00:00+07:00,1,1,3.574850000000001,seasonal_hour_MAD,E02979
WS2M,2014-01-13 00:00:00+07:00,2014-01-13 01:00:00+07:00,2,1,3.574849999999999,seasonal_hour_IQR|seasonal_hour_MAD,E02980
RH2M,2008-09-12 02:00:00+07:00,2008-09-12 03:00:00+07:00,2,1,3.572408371040738,seasonal_hour_IQR|seasonal_hour_MAD,E02981
WS2M,2019-06-01 00:00:00+07:00,2019-06-01 01:00:00+07:00,2,1,3.572351851851852,seasonal_hour_IQR|seasonal_hour_MAD,E02982
WS2M,2020-06-27 22:00:00+07:00,2020-06-28 01:00:00+07:00,4,1,3.572351851851852,seasonal_hour_IQR|seasonal_hour_MAD,E02983
RH2M,2011-01-21 05:00:00+07:00,2011-01-21 05:00:00+07:00,1,1,3.571341040462436,seasonal_hour_MAD,E02984
WS2M,2002-04-10 04:00:00+07:00,2002-04-10 05:00:00+07:00,2,1,3.569661538461539,seasonal_hour_IQR|seasonal_hour_MAD,E02985
RH2M,2015-02-08 18:00:00+07:00,2015-02-08 18:00:00+07:00,1,1,3.5693321123321073,seasonal_hour_IQR|seasonal_hour_MAD,E02986
RH2M,2002-10-07 20:00:00+07:00,2002-10-07 21:00:00+07:00,2,1,3.56842619047619,seasonal_hour_IQR|seasonal_hour_MAD,E02987
WS2M,2008-01-15 01:00:00+07:00,2008-01-15 01:00:00+07:00,1,1,3.5683225806451606,seasonal_hour_IQR|seasonal_hour_MAD,E02988
T2M,2018-09-28 08:00:00+07:00,2018-09-28 15:00:00+07:00,8,1,3.5677499999999993,seasonal_hour_IQR|seasonal_hour_MAD,E02989
ALLSKY_SFC_SW_DWN,2021-04-30 05:00:00+07:00,2021-04-30 06:00:00+07:00,2,1,3.5674125475285168,seasonal_hour_IQR|seasonal_hour_MAD,E02990
WS2M,2021-01-11 11:00:00+07:00,2021-01-11 15:00:00+07:00,5,1,3.5668474576271194,seasonal_hour_IQR|seasonal_hour_MAD,E02991
T2M,2025-08-04 17:00:00+07:00,2025-08-04 18:00:00+07:00,2,1,3.5662393617021353,seasonal_hour_IQR|seasonal_hour_MAD,E02992
T2M,2005-05-17 08:00:00+07:00,2005-05-17 19:00:00+07:00,12,1,3.566239361702122,seasonal_hour_IQR|seasonal_hour_MAD,E02993
RH2M,2023-07-16 19:00:00+07:00,2023-07-16 20:00:00+07:00,2,1,3.565554770318025,seasonal_hour_IQR|seasonal_hour_MAD,E02994
WS2M,2022-05-16 03:00:00+07:00,2022-05-16 05:00:00+07:00,3,1,3.5652142857142857,seasonal_hour_IQR|seasonal_hour_MAD,E02995
WS2M,2001-07-09 12:00:00+07:00,2001-07-09 18:00:00+07:00,7,1,3.565214285714285,seasonal_hour_IQR|seasonal_hour_MAD,E02996
WS2M,2025-07-01 18:00:00+07:00,2025-07-01 22:00:00+07:00,5,1,3.565214285714285,seasonal_hour_IQR|seasonal_hour_MAD,E02997
WS2M,2002-12-27 21:00:00+07:00,2002-12-27 23:00:00+07:00,3,1,3.565214285714284,seasonal_hour_IQR|seasonal_hour_MAD,E02998
WS2M,2019-09-07 19:00:00+07:00,2019-09-07 20:00:00+07:00,2,1,3.565214285714284,seasonal_hour_IQR|seasonal_hour_MAD,E02999
WS2M,2019-10-27 17:00:00+07:00,2019-10-27 18:00:00+07:00,2,1,3.565214285714284,seasonal_hour_IQR|seasonal_hour_MAD,E03000
RH2M,2010-07-07 05:00:00+07:00,2010-07-07 05:00:00+07:00,1,1,3.563847517730464,seasonal_hour_IQR|seasonal_hour_MAD,E03001
RH2M,2025-04-16 05:00:00+07:00,2025-04-16 05:00:00+07:00,1,1,3.5624999999999836,seasonal_hour_MAD,E03002
RH2M,2024-02-27 05:00:00+07:00,2024-02-27 05:00:00+07:00,1,1,3.562002380952392,seasonal_hour_MAD,E03003
WS2M,2011-05-03 07:00:00+07:00,2011-05-03 07:00:00+07:00,1,1,3.56136,seasonal_hour_IQR|seasonal_hour_MAD,E03004
ALLSKY_SFC_SW_DWN,2014-03-31 06:00:00+07:00,2014-03-31 07:00:00+07:00,2,1,3.560186956521739,seasonal_hour_IQR|seasonal_hour_MAD,E03005
RH2M,2009-01-09 18:00:00+07:00,2009-01-09 18:00:00+07:00,1,1,3.558817987152032,seasonal_hour_IQR|seasonal_hour_MAD,E03006
RH2M,2002-09-11 19:00:00+07:00,2002-09-11 20:00:00+07:00,2,1,3.55863251366119,seasonal_hour_IQR|seasonal_hour_MAD,E03007
RH2M,2018-04-15 00:00:00+07:00,2018-04-15 00:00:00+07:00,1,1,3.558568965517237,seasonal_hour_MAD,E03008
WS2M,2013-11-27 22:00:00+07:00,2013-11-27 23:00:00+07:00,2,1,3.5564545454545464,seasonal_hour_IQR|seasonal_hour_MAD,E03009
WS2M,2014-01-06 17:00:00+07:00,2014-01-06 17:00:00+07:00,1,1,3.5564545454545446,seasonal_hour_MAD,E03010
WS2M,2018-02-10 23:00:00+07:00,2018-02-11 00:00:00+07:00,2,1,3.5564545454545446,seasonal_hour_IQR|seasonal_hour_MAD,E03011
WS2M,2015-01-10 02:00:00+07:00,2015-01-10 02:00:00+07:00,1,1,3.5564545454545438,seasonal_hour_MAD,E03012
RH2M,2018-02-04 09:00:00+07:00,2018-02-04 10:00:00+07:00,2,1,3.5561724931002785,seasonal_hour_IQR|seasonal_hour_MAD,E03013
RH2M,2013-06-15 06:00:00+07:00,2013-06-15 06:00:00+07:00,1,1,3.5551437054632045,seasonal_hour_IQR|seasonal_hour_MAD,E03014
T2M,2023-06-25 06:00:00+07:00,2023-06-25 13:00:00+07:00,8,1,3.5550117647058737,seasonal_hour_IQR|seasonal_hour_MAD,E03015
ALLSKY_SFC_SW_DWN,2007-01-29 07:00:00+07:00,2007-01-29 09:00:00+07:00,3,1,3.5549196129032254,seasonal_hour_IQR|seasonal_hour_MAD,E03016
WS2M,2015-01-26 18:00:00+07:00,2015-01-26 18:00:00+07:00,1,1,3.554797297297297,seasonal_hour_MAD,E03017
WS2M,2021-08-11 18:00:00+07:00,2021-08-11 18:00:00+07:00,1,1,3.554096153846153,seasonal_hour_IQR|seasonal_hour_MAD,E03018
WS2M,2007-02-28 16:00:00+07:00,2007-02-28 17:00:00+07:00,2,1,3.5537089552238807,seasonal_hour_IQR|seasonal_hour_MAD,E03019
WS2M,2006-06-04 03:00:00+07:00,2006-06-04 05:00:00+07:00,3,1,3.552366666666666,seasonal_hour_IQR|seasonal_hour_MAD,E03020
RH2M,2006-12-24 17:00:00+07:00,2006-12-24 17:00:00+07:00,1,1,3.5499453846153846,seasonal_hour_IQR|seasonal_hour_MAD,E03021
WS2M,2005-04-12 05:00:00+07:00,2005-04-12 10:00:00+07:00,6,1,3.549699152542371,seasonal_hour_IQR|seasonal_hour_MAD,E03022
WS2M,2012-02-19 01:00:00+07:00,2012-02-19 01:00:00+07:00,1,1,3.548456521739129,seasonal_hour_MAD,E03023
WS2M,2019-02-17 01:00:00+07:00,2019-02-17 01:00:00+07:00,1,1,3.548456521739129,seasonal_hour_MAD,E03024
RH2M,2003-01-28 07:00:00+07:00,2003-01-28 07:00:00+07:00,1,1,3.547803217821789,seasonal_hour_MAD,E03025
T2M,2017-06-01 10:00:00+07:00,2017-06-01 22:00:00+07:00,13,1,3.547610576923073,seasonal_hour_IQR|seasonal_hour_MAD,E03026
ALLSKY_SFC_SW_DWN,2019-02-08 16:00:00+07:00,2019-02-08 16:00:00+07:00,1,1,3.5472568181818183,seasonal_hour_IQR|seasonal_hour_MAD,E03027
RH2M,2013-10-07 22:00:00+07:00,2013-10-08 03:00:00+07:00,6,1,3.546939655172412,seasonal_hour_IQR|seasonal_hour_MAD,E03028
WS2M,2019-03-10 05:00:00+07:00,2019-03-10 05:00:00+07:00,1,1,3.545942857142856,seasonal_hour_IQR|seasonal_hour_MAD,E03029
ALLSKY_SFC_SW_DWN,2024-03-21 11:00:00+07:00,2024-03-21 12:00:00+07:00,2,1,3.544772702934247,seasonal_hour_IQR|seasonal_hour_MAD,E03030
T2M,2024-09-05 18:00:00+07:00,2024-09-06 00:00:00+07:00,7,1,3.5442670807453434,seasonal_hour_IQR|seasonal_hour_MAD,E03031
RH2M,2016-08-26 02:00:00+07:00,2016-08-26 05:00:00+07:00,4,1,3.5441909090909283,seasonal_hour_IQR|seasonal_hour_MAD,E03032
RH2M,2010-06-15 05:00:00+07:00,2010-06-15 05:00:00+07:00,1,1,3.5439448160535023,seasonal_hour_IQR|seasonal_hour_MAD,E03033
RH2M,2024-11-09 19:00:00+07:00,2024-11-09 19:00:00+07:00,1,1,3.5413991869918706,seasonal_hour_MAD,E03034
RH2M,2007-01-06 07:00:00+07:00,2007-01-06 07:00:00+07:00,1,1,3.541125000000006,seasonal_hour_MAD,E03035
WS2M,2025-11-11 00:00:00+07:00,2025-11-11 05:00:00+07:00,6,1,3.5411250000000014,seasonal_hour_IQR|seasonal_hour_MAD,E03036
WS2M,2011-01-01 21:00:00+07:00,2011-01-01 22:00:00+07:00,2,1,3.541125000000001,seasonal_hour_IQR|seasonal_hour_MAD,E03037
ALLSKY_SFC_SW_DWN,2024-10-04 17:00:00+07:00,2024-10-04 17:00:00+07:00,1,1,3.541124999999999,seasonal_hour_MAD,E03038
T2M,2007-04-04 01:00:00+07:00,2007-04-04 08:00:00+07:00,8,1,3.540641833810886,seasonal_hour_IQR|seasonal_hour_MAD,E03039
RH2M,2005-01-02 08:00:00+07:00,2005-01-02 09:00:00+07:00,2,1,3.5402572898799325,seasonal_hour_IQR|seasonal_hour_MAD,E03040
ALLSKY_SFC_SW_DWN,2013-03-26 06:00:00+07:00,2013-03-26 06:00:00+07:00,1,1,3.5402452173913046,seasonal_hour_IQR|seasonal_hour_MAD,E03041
RH2M,2022-11-03 18:00:00+07:00,2022-11-03 18:00:00+07:00,1,1,3.5397079831932747,seasonal_hour_MAD,E03042
RH2M,2011-01-21 07:00:00+07:00,2011-01-21 07:00:00+07:00,1,1,3.539455445544562,seasonal_hour_MAD,E03043
RH2M,2010-06-05 06:00:00+07:00,2010-06-05 07:00:00+07:00,2,1,3.539122327790996,seasonal_hour_IQR|seasonal_hour_MAD,E03044
T2M,2016-06-16 08:00:00+07:00,2016-06-16 15:00:00+07:00,8,1,3.5388565022421585,seasonal_hour_IQR|seasonal_hour_MAD,E03045
RH2M,2023-01-15 05:00:00+07:00,2023-01-15 05:00:00+07:00,1,1,3.5382008670520304,seasonal_hour_MAD,E03046
WS2M,2024-01-18 18:00:00+07:00,2024-01-18 18:00:00+07:00,1,1,3.5365675675675683,seasonal_hour_MAD,E03047
RH2M,2011-04-25 06:00:00+07:00,2011-04-25 06:00:00+07:00,1,1,3.536307142857142,seasonal_hour_MAD,E03048
WS2M,2006-01-17 17:00:00+07:00,2006-01-17 17:00:00+07:00,1,1,3.53601515151515,seasonal_hour_MAD,E03049
RH2M,2002-09-13 19:00:00+07:00,2002-09-13 20:00:00+07:00,2,1,3.534674863387966,seasonal_hour_IQR|seasonal_hour_MAD,E03050
PS,2025-11-18 15:00:00+07:00,2025-11-19 08:00:00+07:00,18,1,3.5343800000000063,seasonal_hour_IQR|seasonal_hour_MAD,E03051
WS2M,2010-02-05 00:00:00+07:00,2010-02-05 00:00:00+07:00,1,1,3.533574626865674,seasonal_hour_IQR|seasonal_hour_MAD,E03052
RH2M,2023-02-26 07:00:00+07:00,2023-02-26 07:00:00+07:00,1,1,3.533574626865672,seasonal_hour_MAD,E03053
WS2M,2018-02-27 17:00:00+07:00,2018-02-27 17:00:00+07:00,1,1,3.533574626865672,seasonal_hour_MAD,E03054
ALLSKY_SFC_SW_DWN,2003-02-25 06:00:00+07:00,2003-02-25 06:00:00+07:00,1,1,3.5333079470198663,seasonal_hour_IQR|seasonal_hour_MAD,E03055
T2M,2007-05-07 04:00:00+07:00,2007-05-07 05:00:00+07:00,2,1,3.5330952380952327,seasonal_hour_IQR|seasonal_hour_MAD,E03056
WS2M,2007-05-15 13:00:00+07:00,2007-05-15 17:00:00+07:00,5,1,3.5319272727272737,seasonal_hour_IQR|seasonal_hour_MAD,E03057
RH2M,2008-01-01 05:00:00+07:00,2008-01-01 05:00:00+07:00,1,1,3.5304031791907575,seasonal_hour_MAD,E03058
T2M,2021-08-05 18:00:00+07:00,2021-08-06 04:00:00+07:00,11,1,3.530361702127669,seasonal_hour_IQR|seasonal_hour_MAD,E03059
ALLSKY_SFC_SW_DWN,2008-01-03 07:00:00+07:00,2008-01-03 08:00:00+07:00,2,1,3.5300283870967735,seasonal_hour_IQR|seasonal_hour_MAD,E03060
WS2M,2019-06-22 21:00:00+07:00,2019-06-22 22:00:00+07:00,2,1,3.5298833333333324,seasonal_hour_IQR|seasonal_hour_MAD,E03061
WS2M,2002-11-24 05:00:00+07:00,2002-11-24 06:00:00+07:00,2,1,3.52890579710145,seasonal_hour_IQR|seasonal_hour_MAD,E03062
WS2M,2011-07-02 04:00:00+07:00,2011-07-02 07:00:00+07:00,4,1,3.5281538461538484,seasonal_hour_IQR|seasonal_hour_MAD,E03063
WS2M,2016-07-06 05:00:00+07:00,2016-07-06 05:00:00+07:00,1,1,3.5281538461538484,seasonal_hour_IQR|seasonal_hour_MAD,E03064
WS2M,2002-02-01 03:00:00+07:00,2002-02-01 03:00:00+07:00,1,1,3.528153846153847,seasonal_hour_MAD,E03065
WS2M,2011-04-18 05:00:00+07:00,2011-04-18 05:00:00+07:00,1,1,3.5281538461538466,seasonal_hour_IQR|seasonal_hour_MAD,E03066
RH2M,2017-06-08 00:00:00+07:00,2017-06-08 00:00:00+07:00,1,1,3.5267973856209123,seasonal_hour_IQR|seasonal_hour_MAD,E03067
WS2M,2006-12-16 05:00:00+07:00,2006-12-16 06:00:00+07:00,2,1,3.52667142857143,seasonal_hour_IQR|seasonal_hour_MAD,E03068
WS2M,2011-01-24 03:00:00+07:00,2011-01-24 03:00:00+07:00,1,1,3.5266714285714276,seasonal_hour_MAD,E03069
RH2M,2023-10-17 20:00:00+07:00,2023-10-18 00:00:00+07:00,5,1,3.5262720207253877,seasonal_hour_IQR|seasonal_hour_MAD,E03070
WS2M,2006-11-20 17:00:00+07:00,2006-11-20 17:00:00+07:00,1,1,3.525795454545453,seasonal_hour_MAD,E03071
WS2M,2013-10-18 22:00:00+07:00,2013-10-18 23:00:00+07:00,2,1,3.525795454545453,seasonal_hour_IQR|seasonal_hour_MAD,E03072
WS2M,2013-11-27 17:00:00+07:00,2013-11-27 17:00:00+07:00,1,1,3.525795454545453,seasonal_hour_MAD,E03073
PS,2025-10-05 19:00:00+07:00,2025-10-06 19:00:00+07:00,25,1,3.5257954545454466,seasonal_hour_IQR|seasonal_hour_MAD,E03074
RH2M,2007-02-02 07:00:00+07:00,2007-02-02 07:00:00+07:00,1,1,3.5255208955223876,seasonal_hour_MAD,E03075
ALLSKY_SFC_SW_DWN,2009-01-10 08:00:00+07:00,2009-01-10 09:00:00+07:00,2,1,3.5234139354838705,seasonal_hour_IQR|seasonal_hour_MAD,E03076
RH2M,2003-10-15 05:00:00+07:00,2003-10-15 08:00:00+07:00,4,1,3.5231861702127723,seasonal_hour_IQR|seasonal_hour_MAD,E03077
RH2M,2006-01-06 07:00:00+07:00,2006-01-06 07:00:00+07:00,1,1,3.522759900990105,seasonal_hour_MAD,E03078
RH2M,2007-01-24 07:00:00+07:00,2007-01-24 07:00:00+07:00,1,1,3.522759900990105,seasonal_hour_MAD,E03079
ALLSKY_SFC_SW_DWN,2001-04-21 06:00:00+07:00,2001-04-21 08:00:00+07:00,3,1,3.522427810958193,seasonal_hour_IQR|seasonal_hour_MAD,E03080
WS2M,2015-01-31 05:00:00+07:00,2015-01-31 06:00:00+07:00,2,1,3.5223888888888877,seasonal_hour_IQR|seasonal_hour_MAD,E03081
T2M,2025-05-12 03:00:00+07:00,2025-05-12 06:00:00+07:00,4,1,3.5223888888888837,seasonal_hour_IQR|seasonal_hour_MAD,E03082
RH2M,2007-03-07 21:00:00+07:00,2007-03-07 21:00:00+07:00,1,1,3.5223888888888673,seasonal_hour_MAD,E03083
RH2M,2010-05-24 23:00:00+07:00,2010-05-24 23:00:00+07:00,1,1,3.52159999999999,seasonal_hour_MAD,E03084
RH2M,2006-11-03 16:00:00+07:00,2006-11-03 18:00:00+07:00,3,1,3.5215701680672247,seasonal_hour_IQR|seasonal_hour_MAD,E03085
RH2M,2020-05-21 02:00:00+07:00,2020-05-21 02:00:00+07:00,1,1,3.520889999999999,seasonal_hour_MAD,E03086
T2M,2010-06-01 08:00:00+07:00,2010-06-01 15:00:00+07:00,8,1,3.5204166666666628,seasonal_hour_IQR|seasonal_hour_MAD,E03087
ALLSKY_SFC_SW_DWN,2011-03-31 15:00:00+07:00,2011-03-31 17:00:00+07:00,3,1,3.5190924967658472,seasonal_hour_IQR|seasonal_hour_MAD,E03088
RH2M,2001-02-16 09:00:00+07:00,2001-02-16 10:00:00+07:00,2,1,3.5189415823367085,seasonal_hour_IQR|seasonal_hour_MAD,E03089
RH2M,2022-02-24 20:00:00+07:00,2022-02-24 20:00:00+07:00,1,1,3.518777108433733,seasonal_hour_MAD,E03090
WS2M,2007-01-03 18:00:00+07:00,2007-01-03 18:00:00+07:00,1,1,3.5183378378378376,seasonal_hour_MAD,E03091
RH2M,2014-05-22 04:00:00+07:00,2014-05-22 04:00:00+07:00,1,1,3.518337837837828,seasonal_hour_MAD,E03092
RH2M,2004-02-29 12:00:00+07:00,2004-02-29 15:00:00+07:00,4,1,3.5182772236076443,seasonal_hour_IQR|seasonal_hour_MAD,E03093
T2M,2011-05-16 09:00:00+07:00,2011-05-17 03:00:00+07:00,19,1,3.517866379310343,seasonal_hour_IQR|seasonal_hour_MAD,E03094
RH2M,2017-12-21 17:00:00+07:00,2017-12-21 17:00:00+07:00,1,1,3.517776923076923,seasonal_hour_IQR|seasonal_hour_MAD,E03095
ALLSKY_SFC_SW_DWN,2006-09-02 17:00:00+07:00,2006-09-02 17:00:00+07:00,1,1,3.517768158783784,seasonal_hour_IQR|seasonal_hour_MAD,E03096
RH2M,2018-02-01 01:00:00+07:00,2018-02-01 02:00:00+07:00,2,1,3.5169325481798586,seasonal_hour_MAD,E03097
RH2M,2008-02-13 20:00:00+07:00,2008-02-13 21:00:00+07:00,2,1,3.516745481927711,seasonal_hour_MAD,E03098
RH2M,2012-03-09 06:00:00+07:00,2012-03-09 06:00:00+07:00,1,1,3.5163020304568278,seasonal_hour_MAD,E03099
WS2M,2019-12-01 12:00:00+07:00,2019-12-01 14:00:00+07:00,3,1,3.5155757575757587,seasonal_hour_IQR|seasonal_hour_MAD,E03100
WS2M,2007-01-16 17:00:00+07:00,2007-01-16 17:00:00+07:00,1,1,3.5155757575757565,seasonal_hour_MAD,E03101
WS2M,2025-01-30 17:00:00+07:00,2025-01-30 17:00:00+07:00,1,1,3.5155757575757565,seasonal_hour_MAD,E03102
WS2M,2015-09-17 18:00:00+07:00,2015-09-17 18:00:00+07:00,1,1,3.5145000000000013,seasonal_hour_IQR|seasonal_hour_MAD,E03103
RH2M,2013-10-13 18:00:00+07:00,2013-10-13 19:00:00+07:00,2,1,3.513086651053869,seasonal_hour_MAD,E03104
WS2M,2003-11-21 23:00:00+07:00,2003-11-22 01:00:00+07:00,3,1,3.5130208333333344,seasonal_hour_IQR|seasonal_hour_MAD,E03105
WS2M,2025-07-20 03:00:00+07:00,2025-07-20 03:00:00+07:00,1,1,3.5130208333333335,seasonal_hour_IQR|seasonal_hour_MAD,E03106
RH2M,2009-11-03 16:00:00+07:00,2009-11-03 18:00:00+07:00,3,1,3.511367647058821,seasonal_hour_IQR|seasonal_hour_MAD,E03107
RH2M,2001-05-13 23:00:00+07:00,2001-05-13 23:00:00+07:00,1,1,3.5109499999999896,seasonal_hour_MAD,E03108
RH2M,2008-03-24 08:00:00+07:00,2008-03-24 08:00:00+07:00,1,1,3.5104659090909043,seasonal_hour_IQR|seasonal_hour_MAD,E03109
RH2M,2002-07-14 23:00:00+07:00,2002-07-14 23:00:00+07:00,1,1,3.5103010752688153,seasonal_hour_IQR|seasonal_hour_MAD,E03110
WS2M,2024-03-06 06:00:00+07:00,2024-03-06 07:00:00+07:00,2,1,3.50989814814815,seasonal_hour_IQR|seasonal_hour_MAD,E03111
WS2M,2009-02-28 01:00:00+07:00,2009-02-28 01:00:00+07:00,1,1,3.5093550724637668,seasonal_hour_MAD,E03112
RH2M,2004-10-27 02:00:00+07:00,2004-10-27 06:00:00+07:00,5,1,3.5088351063829877,seasonal_hour_IQR|seasonal_hour_MAD,E03113
WS2M,2005-01-31 03:00:00+07:00,2005-01-31 03:00:00+07:00,1,1,3.507399999999999,seasonal_hour_MAD,E03114
PS,2009-11-09 17:00:00+07:00,2009-11-11 23:00:00+07:00,55,1,3.507399999999992,seasonal_hour_IQR|seasonal_hour_MAD,E03115
ALLSKY_SFC_SW_DWN,2015-01-14 07:00:00+07:00,2015-01-14 09:00:00+07:00,3,1,3.5070518709677416,seasonal_hour_IQR|seasonal_hour_MAD,E03116
ALLSKY_SFC_SW_DWN,2001-03-29 16:00:00+07:00,2001-03-29 17:00:00+07:00,2,1,3.5056515453639086,seasonal_hour_IQR|seasonal_hour_MAD,E03117
T2M,2007-05-24 16:00:00+07:00,2007-05-24 20:00:00+07:00,5,1,3.505499999999997,seasonal_hour_IQR|seasonal_hour_MAD,E03118
ALLSKY_SFC_SW_DWN,2017-01-30 17:00:00+07:00,2017-01-30 17:00:00+07:00,1,1,3.5047549019607853,seasonal_hour_IQR|seasonal_hour_MAD,E03119
WS2M,2020-04-24 02:00:00+07:00,2020-04-24 04:00:00+07:00,3,1,3.503652777777779,seasonal_hour_IQR|seasonal_hour_MAD,E03120
WS2M,2021-10-09 04:00:00+07:00,2021-10-09 04:00:00+07:00,1,1,3.5036527777777766,seasonal_hour_IQR|seasonal_hour_MAD,E03121
RH2M,2021-07-27 18:00:00+07:00,2021-07-27 18:00:00+07:00,1,1,3.502734870317003,seasonal_hour_IQR|seasonal_hour_MAD,E03122
WS2M,2008-11-19 01:00:00+07:00,2008-11-19 02:00:00+07:00,2,1,3.5026666666666677,seasonal_hour_IQR|seasonal_hour_MAD,E03123
WS2M,2001-02-07 06:00:00+07:00,2001-02-07 08:00:00+07:00,3,1,3.502403703703705,seasonal_hour_IQR|seasonal_hour_MAD,E03124
RH2M,2010-04-16 05:00:00+07:00,2010-04-16 05:00:00+07:00,1,1,3.502333333333318,seasonal_hour_MAD,E03125
WS2M,2018-07-16 05:00:00+07:00,2018-07-16 05:00:00+07:00,1,1,3.5022115384615398,seasonal_hour_IQR|seasonal_hour_MAD,E03126
WS2M,2023-10-29 20:00:00+07:00,2023-10-29 20:00:00+07:00,1,1,3.502211538461538,seasonal_hour_IQR|seasonal_hour_MAD,E03127
T2M,2018-12-30 10:00:00+07:00,2018-12-30 19:00:00+07:00,10,1,3.5020982532751104,seasonal_hour_IQR|seasonal_hour_MAD,E03128
RH2M,2006-01-20 07:00:00+07:00,2006-01-20 07:00:00+07:00,1,1,3.5010556930693135,seasonal_hour_MAD,E03129
WS2M,2003-08-09 04:00:00+07:00,2003-08-09 05:00:00+07:00,2,1,3.500976190476191,seasonal_hour_IQR|seasonal_hour_MAD,E03130
RH2M,2021-01-18 17:00:00+07:00,2021-01-18 17:00:00+07:00,1,1,3.500834070796463,seasonal_hour_IQR|seasonal_hour_MAD,E03131
T2M,2009-06-01 00:00:00+07:00,2009-06-01 06:00:00+07:00,7,1,3.5004224137931006,seasonal_hour_IQR|seasonal_hour_MAD,E03132
RH2M,2005-05-06 23:00:00+07:00,2005-05-06 23:00:00+07:00,1,1,3.500299999999989,seasonal_hour_MAD,E03133
RH2M,2020-05-21 04:00:00+07:00,2020-05-21 04:00:00+07:00,1,1,3.5001081081081016,seasonal_hour_MAD,E03134
ALLSKY_SFC_SW_DWN,2018-12-29 17:00:00+07:00,2018-12-29 17:00:00+07:00,1,1,3.4634146341463414,seasonal_hour_IQR,E03135
ALLSKY_SFC_SW_DWN,2002-12-24 17:00:00+07:00,2002-12-24 17:00:00+07:00,1,1,3.4146341463414633,seasonal_hour_IQR,E03136
ALLSKY_SFC_SW_DWN,2021-12-24 17:00:00+07:00,2021-12-24 17:00:00+07:00,1,1,3.3658536585365852,seasonal_hour_IQR,E03137
ALLSKY_SFC_SW_DWN,2022-12-31 17:00:00+07:00,2022-12-31 17:00:00+07:00,1,1,3.2439024390243905,seasonal_hour_IQR,E03138
ALLSKY_SFC_SW_DWN,2024-12-30 17:00:00+07:00,2024-12-30 17:00:00+07:00,1,1,3.1707317073170733,seasonal_hour_IQR,E03139
ALLSKY_SFC_SW_DWN,2015-12-28 17:00:00+07:00,2015-12-28 17:00:00+07:00,1,1,3.097560975609756,seasonal_hour_IQR,E03140
ALLSKY_SFC_SW_DWN,2025-12-29 17:00:00+07:00,2025-12-29 17:00:00+07:00,1,1,3.097560975609756,seasonal_hour_IQR,E03141
ALLSKY_SFC_SW_DWN,2007-12-27 17:00:00+07:00,2007-12-27 17:00:00+07:00,1,1,3.048780487804878,seasonal_hour_IQR,E03142
ALLSKY_SFC_SW_DWN,2008-12-26 17:00:00+07:00,2008-12-26 17:00:00+07:00,1,1,3.0,seasonal_hour_IQR,E03143
ALLSKY_SFC_SW_DWN,2002-12-25 17:00:00+07:00,2002-12-25 17:00:00+07:00,1,1,2.8536585365853657,seasonal_hour_IQR,E03144
ALLSKY_SFC_SW_DWN,2017-12-27 17:00:00+07:00,2017-12-27 17:00:00+07:00,1,1,2.8048780487804876,seasonal_hour_IQR,E03145
ALLSKY_SFC_SW_DWN,2025-12-27 17:00:00+07:00,2025-12-27 17:00:00+07:00,1,1,2.8048780487804876,seasonal_hour_IQR,E03146
T2M,2012-06-03 06:00:00+07:00,2012-06-03 07:00:00+07:00,2,1,2.7207637231503483,seasonal_hour_IQR,E03147
ALLSKY_SFC_SW_DWN,2022-12-28 17:00:00+07:00,2022-12-28 17:00:00+07:00,1,1,2.682926829268293,seasonal_hour_IQR,E03148
T2M,2014-06-14 05:00:00+07:00,2014-06-14 07:00:00+07:00,3,1,2.6539379474940237,seasonal_hour_IQR,E03149
PS,2010-10-29 19:00:00+07:00,2010-10-30 19:00:00+07:00,25,1,2.6511627906977213,seasonal_hour_IQR,E03150
PS,2004-06-23 10:00:00+07:00,2004-06-24 01:00:00+07:00,16,1,2.620689655172375,seasonal_hour_IQR,E03151
T2M,2025-06-04 06:00:00+07:00,2025-06-04 07:00:00+07:00,2,1,2.6062052505966515,seasonal_hour_IQR,E03152
T2M,2005-05-02 14:00:00+07:00,2005-05-02 19:00:00+07:00,6,1,2.5834797891036922,seasonal_hour_IQR,E03153
WS2M,2011-03-22 21:00:00+07:00,2011-03-22 23:00:00+07:00,3,1,2.5789473684210527,seasonal_hour_IQR,E03154
PS,2019-09-23 00:00:00+07:00,2019-09-27 22:00:00+07:00,119,1,2.5789473684209976,seasonal_hour_IQR,E03155
T2M,2021-10-22 13:00:00+07:00,2021-10-22 23:00:00+07:00,11,1,2.5782312925170063,seasonal_hour_IQR,E03156
WS2M,2004-07-22 09:00:00+07:00,2004-07-22 14:00:00+07:00,6,1,2.5781250000000004,seasonal_hour_IQR,E03157
T2M,2003-06-12 06:00:00+07:00,2003-06-12 12:00:00+07:00,7,1,2.5781249999999982,seasonal_hour_IQR,E03158
T2M,2025-06-03 06:00:00+07:00,2025-06-03 08:00:00+07:00,3,1,2.5781249999999982,seasonal_hour_IQR,E03159
RH2M,2010-06-01 09:00:00+07:00,2010-06-01 14:00:00+07:00,6,1,2.576834569163899,seasonal_hour_IQR,E03160
T2M,2004-04-08 17:00:00+07:00,2004-04-09 02:00:00+07:00,10,1,2.5663976522377117,seasonal_hour_IQR,E03161
WS2M,2015-05-14 21:00:00+07:00,2015-05-14 23:00:00+07:00,3,1,2.5625000000000004,seasonal_hour_IQR,E03162
ALLSKY_SFC_SW_DWN,2007-12-25 17:00:00+07:00,2007-12-25 17:00:00+07:00,1,1,2.5609756097560976,seasonal_hour_IQR,E03163
T2M,2007-06-14 05:00:00+07:00,2007-06-14 07:00:00+07:00,3,1,2.5584725536992763,seasonal_hour_IQR,E03164
WS2M,2023-01-24 10:00:00+07:00,2023-01-24 14:00:00+07:00,5,1,2.557620817843866,seasonal_hour_IQR,E03165
T2M,2019-08-10 07:00:00+07:00,2019-08-10 08:00:00+07:00,2,1,2.550724637681161,seasonal_hour_IQR,E03166
WS2M,2010-06-09 18:00:00+07:00,2010-06-09 18:00:00+07:00,1,1,2.55,seasonal_hour_IQR,E03167
PS,2005-09-27 06:00:00+07:00,2005-09-27 13:00:00+07:00,8,1,2.5476190476190212,seasonal_hour_IQR,E03168
WS2M,2012-11-04 06:00:00+07:00,2012-11-04 07:00:00+07:00,2,1,2.54601226993865,seasonal_hour_IQR,E03169
WS2M,2019-12-26 10:00:00+07:00,2019-12-26 12:00:00+07:00,3,1,2.5454545454545454,seasonal_hour_IQR,E03170
ALLSKY_SFC_SW_DWN,2007-01-31 08:00:00+07:00,2007-01-31 09:00:00+07:00,2,1,2.5420407131116454,seasonal_hour_IQR,E03171
T2M,2011-09-24 01:00:00+07:00,2011-09-24 06:00:00+07:00,6,1,2.541310541310538,seasonal_hour_IQR,E03172
WS2M,2018-04-07 02:00:00+07:00,2018-04-07 03:00:00+07:00,2,1,2.54071661237785,seasonal_hour_IQR,E03173
T2M,2017-06-17 06:00:00+07:00,2017-06-17 07:00:00+07:00,2,1,2.539379474940327,seasonal_hour_IQR,E03174
RH2M,2004-12-31 16:00:00+07:00,2004-12-31 16:00:00+07:00,1,1,2.538016896398398,seasonal_hour_IQR,E03175
WS2M,2010-06-19 18:00:00+07:00,2010-06-19 19:00:00+07:00,2,1,2.535714285714286,seasonal_hour_IQR,E03176
WS2M,2010-06-05 17:00:00+07:00,2010-06-05 18:00:00+07:00,2,1,2.5337620578778135,seasonal_hour_IQR,E03177
WS2M,2016-06-16 07:00:00+07:00,2016-06-16 09:00:00+07:00,3,1,2.5312500000000004,seasonal_hour_IQR,E03178
T2M,2004-04-09 11:00:00+07:00,2004-04-10 00:00:00+07:00,14,1,2.5311812179016884,seasonal_hour_IQR,E03179
T2M,2002-06-03 06:00:00+07:00,2002-06-03 06:00:00+07:00,1,1,2.5298329355608504,seasonal_hour_IQR,E03180
WS2M,2018-06-25 23:00:00+07:00,2018-06-26 01:00:00+07:00,3,1,2.5272727272727273,seasonal_hour_IQR,E03181
WS2M,2010-05-04 07:00:00+07:00,2010-05-04 07:00:00+07:00,1,1,2.52,seasonal_hour_IQR,E03182
ALLSKY_SFC_SW_DWN,2020-06-14 13:00:00+07:00,2020-06-14 15:00:00+07:00,3,1,2.519938962360122,seasonal_hour_IQR,E03183
T2M,2017-10-30 17:00:00+07:00,2017-10-31 01:00:00+07:00,9,1,2.5189189189189163,seasonal_hour_IQR,E03184
RH2M,2010-10-29 06:00:00+07:00,2010-10-29 12:00:00+07:00,7,1,2.517730496453898,seasonal_hour_IQR,E03185
T2M,2003-05-05 13:00:00+07:00,2003-05-05 18:00:00+07:00,6,1,2.5166959578207404,seasonal_hour_IQR,E03186
RH2M,2010-10-30 06:00:00+07:00,2010-10-30 15:00:00+07:00,10,1,2.5166931637519845,seasonal_hour_IQR,E03187
PS,2004-06-07 01:00:00+07:00,2004-06-07 08:00:00+07:00,8,1,2.514285714285742,seasonal_hour_IQR,E03188
WS2M,2017-02-08 12:00:00+07:00,2017-02-08 13:00:00+07:00,2,1,2.513698630136987,seasonal_hour_IQR,E03189
PS,2005-07-31 07:00:00+07:00,2005-07-31 15:00:00+07:00,9,1,2.5135135135134625,seasonal_hour_IQR,E03190
ALLSKY_SFC_SW_DWN,2008-01-04 07:00:00+07:00,2008-01-04 08:00:00+07:00,2,1,2.5104311543810853,seasonal_hour_IQR,E03191
T2M,2004-06-02 23:00:00+07:00,2004-06-03 05:00:00+07:00,7,1,2.503999999999999,seasonal_hour_IQR,E03192
ALLSKY_SFC_SW_DWN,2014-01-15 07:00:00+07:00,2014-01-15 09:00:00+07:00,3,1,2.5028448602857516,seasonal_hour_IQR,E03193
RH2M,2017-10-10 10:00:00+07:00,2017-10-10 15:00:00+07:00,6,1,2.5024311183144214,seasonal_hour_IQR,E03194
ALLSKY_SFC_SW_DWN,2009-01-17 07:00:00+07:00,2009-01-17 09:00:00+07:00,3,1,2.5015804779365287,seasonal_hour_IQR,E03195
RH2M,2025-10-07 10:00:00+07:00,2025-10-07 15:00:00+07:00,6,1,2.501350621285788,seasonal_hour_IQR,E03196
WS2M,2003-06-26 00:00:00+07:00,2003-06-26 01:00:00+07:00,2,1,2.5,seasonal_hour_IQR,E03197
WS2M,2017-05-04 05:00:00+07:00,2017-05-04 05:00:00+07:00,1,1,2.4999999999999996,seasonal_hour_IQR,E03198
T2M,2018-07-24 07:00:00+07:00,2018-07-24 07:00:00+07:00,1,1,2.4999999999999987,seasonal_hour_IQR,E03199
ALLSKY_SFC_SW_DWN,2014-01-14 07:00:00+07:00,2014-01-14 09:00:00+07:00,3,1,2.4971551397142506,seasonal_hour_IQR,E03200
T2M,2002-09-09 00:00:00+07:00,2002-09-09 04:00:00+07:00,5,1,2.495626822157435,seasonal_hour_IQR,E03201
RH2M,2020-10-14 12:00:00+07:00,2020-10-14 15:00:00+07:00,4,1,2.495372890582475,seasonal_hour_IQR,E03202
PS,2022-04-01 13:00:00+07:00,2022-04-03 01:00:00+07:00,37,1,2.4941176470587956,seasonal_hour_IQR,E03203
RH2M,2010-12-26 19:00:00+07:00,2010-12-27 03:00:00+07:00,9,1,2.492129246064625,seasonal_hour_IQR,E03204
WS2M,2020-06-03 23:00:00+07:00,2020-06-04 00:00:00+07:00,2,1,2.4909090909090907,seasonal_hour_IQR,E03205
ALLSKY_SFC_SW_DWN,2021-01-19 07:00:00+07:00,2021-01-19 08:00:00+07:00,2,1,2.4898217220887604,seasonal_hour_IQR,E03206
PS,2011-10-01 00:00:00+07:00,2011-10-01 05:00:00+07:00,6,1,2.488372093023283,seasonal_hour_IQR,E03207
PS,2007-10-02 18:00:00+07:00,2007-10-03 13:00:00+07:00,20,1,2.4883720930232003,seasonal_hour_IQR,E03208
RH2M,2004-02-29 17:00:00+07:00,2004-02-29 18:00:00+07:00,2,1,2.4869515342701467,seasonal_hour_IQR,E03209
PS,2001-07-03 04:00:00+07:00,2001-07-03 15:00:00+07:00,12,1,2.4864864864864606,seasonal_hour_IQR,E03210
T2M,2019-09-26 23:00:00+07:00,2019-09-27 06:00:00+07:00,8,1,2.4843304843304805,seasonal_hour_IQR,E03211
T2M,2001-06-21 12:00:00+07:00,2001-06-21 18:00:00+07:00,7,1,2.4837310195227706,seasonal_hour_IQR,E03212
T2M,2003-10-14 12:00:00+07:00,2003-10-14 18:00:00+07:00,7,1,2.4829931972789105,seasonal_hour_IQR,E03213
ALLSKY_SFC_SW_DWN,2014-01-01 07:00:00+07:00,2014-01-01 08:00:00+07:00,2,1,2.4813503603489706,seasonal_hour_IQR,E03214
T2M,2001-04-12 17:00:00+07:00,2001-04-13 01:00:00+07:00,9,1,2.4812912692589886,seasonal_hour_IQR,E03215
T2M,2018-04-06 09:00:00+07:00,2018-04-07 04:00:00+07:00,20,1,2.4812912692589886,seasonal_hour_IQR,E03216
T2M,2022-04-01 11:00:00+07:00,2022-04-02 00:00:00+07:00,14,1,2.4812912692589886,seasonal_hour_IQR,E03217
ALLSKY_SFC_SW_DWN,2015-01-15 07:00:00+07:00,2015-01-15 08:00:00+07:00,2,1,2.480338854469592,seasonal_hour_IQR,E03218
PS,2010-12-12 01:00:00+07:00,2010-12-13 10:00:00+07:00,34,1,2.4793388429752485,seasonal_hour_IQR,E03219
T2M,2020-09-01 18:00:00+07:00,2020-09-01 20:00:00+07:00,3,1,2.4775687409551375,seasonal_hour_IQR,E03220
T2M,2024-09-23 08:00:00+07:00,2024-09-23 14:00:00+07:00,7,1,2.474758324382383,seasonal_hour_IQR,E03221
WS2M,2022-06-01 22:00:00+07:00,2022-06-02 00:00:00+07:00,3,1,2.474576271186441,seasonal_hour_IQR,E03222
WS2M,2008-03-31 21:00:00+07:00,2008-03-31 23:00:00+07:00,3,1,2.4736842105263155,seasonal_hour_IQR,E03223
WS2M,2017-03-31 13:00:00+07:00,2017-03-31 14:00:00+07:00,2,1,2.4729729729729732,seasonal_hour_IQR,E03224
RH2M,2025-07-10 19:00:00+07:00,2025-07-10 21:00:00+07:00,3,1,2.47269624573379,seasonal_hour_IQR,E03225
T2M,2010-07-05 11:00:00+07:00,2010-07-05 17:00:00+07:00,7,1,2.472279260780287,seasonal_hour_IQR,E03226
WS2M,2023-08-31 13:00:00+07:00,2023-08-31 13:00:00+07:00,1,1,2.471544715447155,seasonal_hour_IQR,E03227
T2M,2017-10-16 12:00:00+07:00,2017-10-16 16:00:00+07:00,5,1,2.4693877551020402,seasonal_hour_IQR,E03228
WS2M,2025-06-12 08:00:00+07:00,2025-06-12 11:00:00+07:00,4,1,2.4666666666666677,seasonal_hour_IQR,E03229
PS,2012-08-17 20:00:00+07:00,2012-08-18 04:00:00+07:00,9,1,2.465116279069815,seasonal_hour_IQR,E03230
WS2M,2025-06-18 18:00:00+07:00,2025-06-18 20:00:00+07:00,3,1,2.464285714285714,seasonal_hour_IQR,E03231
WS2M,2017-01-11 12:00:00+07:00,2017-01-11 15:00:00+07:00,4,1,2.4634146341463414,seasonal_hour_IQR,E03232
RH2M,2012-09-16 18:00:00+07:00,2012-09-16 20:00:00+07:00,3,1,2.462114125350795,seasonal_hour_IQR,E03233
T2M,2013-09-05 10:00:00+07:00,2013-09-05 14:00:00+07:00,5,1,2.461868958109559,seasonal_hour_IQR,E03234
PS,2018-09-16 19:00:00+07:00,2018-09-17 13:00:00+07:00,19,1,2.4615384615384786,seasonal_hour_IQR,E03235
WS2M,2012-09-06 17:00:00+07:00,2012-09-06 18:00:00+07:00,2,1,2.461538461538462,seasonal_hour_IQR,E03236
WS2M,2017-04-22 01:00:00+07:00,2017-04-22 04:00:00+07:00,4,1,2.459459459459459,seasonal_hour_IQR,E03237
RH2M,2013-08-18 19:00:00+07:00,2013-08-18 20:00:00+07:00,2,1,2.458770614692652,seasonal_hour_IQR,E03238
RH2M,2005-09-01 18:00:00+07:00,2005-09-01 20:00:00+07:00,3,1,2.455877767383848,seasonal_hour_IQR,E03239
RH2M,2004-09-29 04:00:00+07:00,2004-09-29 05:00:00+07:00,2,1,2.455357142857133,seasonal_hour_IQR,E03240
T2M,2002-12-27 17:00:00+07:00,2002-12-28 01:00:00+07:00,9,1,2.4541284403669725,seasonal_hour_IQR,E03241
WS2M,2005-07-09 23:00:00+07:00,2005-07-10 00:00:00+07:00,2,1,2.4528301886792447,seasonal_hour_IQR,E03242
RH2M,2009-07-27 18:00:00+07:00,2009-07-27 18:00:00+07:00,1,1,2.4519298245613985,seasonal_hour_IQR,E03243
RH2M,2009-06-03 19:00:00+07:00,2009-06-03 20:00:00+07:00,2,1,2.4509466437177228,seasonal_hour_IQR,E03244
T2M,2002-09-24 22:00:00+07:00,2002-09-25 06:00:00+07:00,9,1,2.4506258692628644,seasonal_hour_IQR,E03245
WS2M,2014-04-30 04:00:00+07:00,2014-04-30 05:00:00+07:00,2,1,2.4501845018450186,seasonal_hour_IQR,E03246
RH2M,2002-11-05 23:00:00+07:00,2002-11-06 02:00:00+07:00,4,1,2.448339973439578,seasonal_hour_IQR,E03247
T2M,2008-09-30 08:00:00+07:00,2008-09-30 12:00:00+07:00,5,1,2.4478260869565207,seasonal_hour_IQR,E03248
WS2M,2007-04-02 10:00:00+07:00,2007-04-02 13:00:00+07:00,4,1,2.4461538461538463,seasonal_hour_IQR,E03249
WS2M,2023-07-03 18:00:00+07:00,2023-07-03 18:00:00+07:00,1,1,2.4459459459459456,seasonal_hour_IQR,E03250
WS2M,2018-05-11 04:00:00+07:00,2018-05-11 05:00:00+07:00,2,1,2.4444444444444446,seasonal_hour_IQR,E03251
T2M,2020-09-02 18:00:00+07:00,2020-09-03 00:00:00+07:00,7,1,2.444094488188975,seasonal_hour_IQR,E03252
T2M,2003-06-14 21:00:00+07:00,2003-06-15 05:00:00+07:00,9,1,2.4430641821946173,seasonal_hour_IQR,E03253
WS2M,2005-05-13 00:00:00+07:00,2005-05-13 02:00:00+07:00,3,1,2.4429530201342287,seasonal_hour_IQR,E03254
WS2M,2012-05-26 01:00:00+07:00,2012-05-26 05:00:00+07:00,5,1,2.4429530201342287,seasonal_hour_IQR,E03255
ALLSKY_SFC_SW_DWN,2022-11-03 06:00:00+07:00,2022-11-03 06:00:00+07:00,1,1,2.442640310624779,seasonal_hour_IQR,E03256
ALLSKY_SFC_SW_DWN,2018-03-04 14:00:00+07:00,2018-03-04 16:00:00+07:00,3,1,2.4422319981477187,seasonal_hour_IQR,E03257
ALLSKY_SFC_SW_DWN,2012-04-30 06:00:00+07:00,2012-04-30 07:00:00+07:00,2,1,2.440494832445976,seasonal_hour_IQR,E03258
T2M,2017-06-05 06:00:00+07:00,2017-06-05 19:00:00+07:00,14,1,2.440347071583514,seasonal_hour_IQR,E03259
RH2M,2011-09-01 17:00:00+07:00,2011-09-01 18:00:00+07:00,2,1,2.4396632366697837,seasonal_hour_IQR,E03260
RH2M,2007-11-28 09:00:00+07:00,2007-11-28 15:00:00+07:00,7,1,2.438492063492062,seasonal_hour_IQR,E03261
T2M,2009-09-21 12:00:00+07:00,2009-09-21 21:00:00+07:00,10,1,2.438413361169103,seasonal_hour_IQR,E03262
ALLSKY_SFC_SW_DWN,2008-02-22 07:00:00+07:00,2008-02-22 09:00:00+07:00,3,1,2.4377057412263574,seasonal_hour_IQR,E03263
T2M,2020-04-12 15:00:00+07:00,2020-04-12 23:00:00+07:00,9,1,2.437270726338959,seasonal_hour_IQR,E03264
ALLSKY_SFC_SW_DWN,2025-06-21 12:00:00+07:00,2025-06-21 17:00:00+07:00,6,1,2.4371820956256354,seasonal_hour_IQR,E03265
RH2M,2015-07-09 07:00:00+07:00,2015-07-09 10:00:00+07:00,4,1,2.436639118457298,seasonal_hour_IQR,E03266
WS2M,2015-08-15 18:00:00+07:00,2015-08-15 19:00:00+07:00,2,1,2.4363636363636365,seasonal_hour_IQR,E03267
RH2M,2024-08-16 20:00:00+07:00,2024-08-16 22:00:00+07:00,3,1,2.4359925788497208,seasonal_hour_IQR,E03268
T2M,2015-08-10 07:00:00+07:00,2015-08-10 08:00:00+07:00,2,1,2.4347826086956537,seasonal_hour_IQR,E03269
RH2M,2002-09-02 07:00:00+07:00,2002-09-02 07:00:00+07:00,1,1,2.4347512617159337,seasonal_hour_IQR,E03270
WS2M,2020-12-14 07:00:00+07:00,2020-12-14 08:00:00+07:00,2,1,2.43265306122449,seasonal_hour_IQR,E03271
T2M,2016-10-30 13:00:00+07:00,2016-10-30 16:00:00+07:00,4,1,2.4319727891156457,seasonal_hour_IQR,E03272
ALLSKY_SFC_SW_DWN,2023-01-31 07:00:00+07:00,2023-01-31 09:00:00+07:00,3,1,2.431027942849919,seasonal_hour_IQR,E03273
WS2M,2004-05-19 07:00:00+07:00,2004-05-19 07:00:00+07:00,1,1,2.43,seasonal_hour_IQR,E03274
WS2M,2017-03-06 05:00:00+07:00,2017-03-06 07:00:00+07:00,3,1,2.425925925925926,seasonal_hour_IQR,E03275
ALLSKY_SFC_SW_DWN,2003-06-27 11:00:00+07:00,2003-06-27 13:00:00+07:00,3,1,2.4254330280221263,seasonal_hour_IQR,E03276
RH2M,2002-07-09 18:00:00+07:00,2002-07-09 19:00:00+07:00,2,1,2.4253393665158405,seasonal_hour_IQR,E03277
T2M,2021-10-18 12:00:00+07:00,2021-10-18 16:00:00+07:00,5,1,2.4251700680272106,seasonal_hour_IQR,E03278
T2M,2016-01-24 11:00:00+07:00,2016-01-24 21:00:00+07:00,11,1,2.423940149625935,seasonal_hour_IQR,E03279
RH2M,2016-02-12 17:00:00+07:00,2016-02-12 18:00:00+07:00,2,1,2.421565815887583,seasonal_hour_IQR,E03280
WS2M,2003-04-17 03:00:00+07:00,2003-04-17 05:00:00+07:00,3,1,2.4206642066420665,seasonal_hour_IQR,E03281
WS2M,2002-08-18 14:00:00+07:00,2002-08-18 18:00:00+07:00,5,1,2.4204545454545454,seasonal_hour_IQR,E03282
PS,2023-11-16 12:00:00+07:00,2023-11-17 01:00:00+07:00,14,1,2.420000000000016,seasonal_hour_IQR,E03283
T2M,2016-08-28 23:00:00+07:00,2016-08-29 06:00:00+07:00,8,1,2.4197530864197474,seasonal_hour_IQR,E03284
WS2M,2004-05-02 22:00:00+07:00,2004-05-03 01:00:00+07:00,4,1,2.4189189189189184,seasonal_hour_IQR,E03285
PS,2011-05-16 12:00:00+07:00,2011-05-16 20:00:00+07:00,9,1,2.418604651162847,seasonal_hour_IQR,E03286
WS2M,2008-08-28 18:00:00+07:00,2008-08-28 18:00:00+07:00,1,1,2.4181818181818184,seasonal_hour_IQR,E03287
T2M,2010-10-27 16:00:00+07:00,2010-10-28 06:00:00+07:00,15,1,2.4163822525597274,seasonal_hour_IQR,E03288
T2M,2016-06-02 16:00:00+07:00,2016-06-02 18:00:00+07:00,3,1,2.415981198589893,seasonal_hour_IQR,E03289
WS2M,2023-11-16 10:00:00+07:00,2023-11-16 15:00:00+07:00,6,1,2.414414414414414,seasonal_hour_IQR,E03290
RH2M,2006-08-01 19:00:00+07:00,2006-08-01 21:00:00+07:00,3,1,2.4111204717775956,seasonal_hour_IQR,E03291
RH2M,2018-10-07 02:00:00+07:00,2018-10-07 03:00:00+07:00,2,1,2.410199556541015,seasonal_hour_IQR,E03292
WS2M,2013-06-11 08:00:00+07:00,2013-06-11 12:00:00+07:00,5,1,2.4095238095238103,seasonal_hour_IQR,E03293
WS2M,2013-01-24 20:00:00+07:00,2013-01-24 22:00:00+07:00,3,1,2.409090909090909,seasonal_hour_IQR,E03294
WS2M,2006-05-05 17:00:00+07:00,2006-05-05 18:00:00+07:00,2,1,2.408695652173913,seasonal_hour_IQR,E03295
T2M,2013-10-18 12:00:00+07:00,2013-10-18 16:00:00+07:00,5,1,2.408163265306122,seasonal_hour_IQR,E03296
T2M,2010-04-15 08:00:00+07:00,2010-04-15 23:00:00+07:00,16,1,2.407923697725606,seasonal_hour_IQR,E03297
T2M,2020-04-24 12:00:00+07:00,2020-04-24 22:00:00+07:00,11,1,2.407923697725606,seasonal_hour_IQR,E03298
T2M,2006-06-10 06:00:00+07:00,2006-06-10 07:00:00+07:00,2,1,2.4057279236276776,seasonal_hour_IQR,E03299
ALLSKY_SFC_SW_DWN,2014-01-02 07:00:00+07:00,2014-01-02 08:00:00+07:00,2,1,2.404855228221015,seasonal_hour_IQR,E03300
RH2M,2010-12-17 02:00:00+07:00,2010-12-17 02:00:00+07:00,1,1,2.404308202154103,seasonal_hour_IQR,E03301
ALLSKY_SFC_SW_DWN,2010-11-01 06:00:00+07:00,2010-11-01 06:00:00+07:00,1,1,2.403812213201553,seasonal_hour_IQR,E03302
RH2M,2003-09-26 01:00:00+07:00,2003-09-26 02:00:00+07:00,2,1,2.403342618384405,seasonal_hour_IQR,E03303
RH2M,2010-12-18 01:00:00+07:00,2010-12-18 06:00:00+07:00,6,1,2.402871242709736,seasonal_hour_IQR,E03304
ALLSKY_SFC_SW_DWN,2021-01-03 07:00:00+07:00,2021-01-03 08:00:00+07:00,2,1,2.401314957643192,seasonal_hour_IQR,E03305
ALLSKY_SFC_SW_DWN,2004-12-05 06:00:00+07:00,2004-12-05 06:00:00+07:00,1,1,2.400932400932401,seasonal_hour_IQR,E03306
RH2M,2002-06-04 21:00:00+07:00,2002-06-04 23:00:00+07:00,3,1,2.400449943757027,seasonal_hour_IQR,E03307
WS2M,2025-06-23 00:00:00+07:00,2025-06-23 01:00:00+07:00,2,1,2.3999999999999995,seasonal_hour_IQR,E03308
ALLSKY_SFC_SW_DWN,2008-03-04 16:00:00+07:00,2008-03-04 16:00:00+07:00,1,1,2.3997839005942727,seasonal_hour_IQR,E03309
RH2M,2002-06-03 22:00:00+07:00,2002-06-03 23:00:00+07:00,2,1,2.398200224971877,seasonal_hour_IQR,E03310
ALLSKY_SFC_SW_DWN,2003-01-13 07:00:00+07:00,2003-01-13 08:00:00+07:00,2,1,2.396636742951069,seasonal_hour_IQR,E03311
T2M,2007-09-05 08:00:00+07:00,2007-09-05 12:00:00+07:00,5,1,2.3956521739130436,seasonal_hour_IQR,E03312
RH2M,2004-06-23 18:00:00+07:00,2004-06-23 20:00:00+07:00,3,1,2.39541984732824,seasonal_hour_IQR,E03313
ALLSKY_SFC_SW_DWN,2016-03-25 15:00:00+07:00,2016-03-25 17:00:00+07:00,3,1,2.394535772169483,seasonal_hour_IQR,E03314
T2M,2021-08-07 19:00:00+07:00,2021-08-07 23:00:00+07:00,5,1,2.3943661971831007,seasonal_hour_IQR,E03315
RH2M,2023-09-02 21:00:00+07:00,2023-09-02 22:00:00+07:00,2,1,2.3941220798794243,seasonal_hour_IQR,E03316
WS2M,2014-10-05 17:00:00+07:00,2014-10-05 17:00:00+07:00,1,1,2.3921568627450975,seasonal_hour_IQR,E03317
RH2M,2024-10-31 23:00:00+07:00,2024-10-31 23:00:00+07:00,1,1,2.390364422483014,seasonal_hour_IQR,E03318
T2M,2019-09-26 02:00:00+07:00,2019-09-26 06:00:00+07:00,5,1,2.3894297635605004,seasonal_hour_IQR,E03319
PS,2011-07-30 09:00:00+07:00,2011-07-30 16:00:00+07:00,8,1,2.388888888888891,seasonal_hour_IQR,E03320
WS2M,2023-05-13 04:00:00+07:00,2023-05-13 05:00:00+07:00,2,1,2.3888888888888884,seasonal_hour_IQR,E03321
T2M,2009-06-11 11:00:00+07:00,2009-06-11 14:00:00+07:00,4,1,2.3882863340563936,seasonal_hour_IQR,E03322
PS,2016-10-19 04:00:00+07:00,2016-10-19 19:00:00+07:00,16,1,2.386363636363642,seasonal_hour_IQR,E03323
T2M,2024-08-17 07:00:00+07:00,2024-08-17 07:00:00+07:00,1,1,2.3840579710144962,seasonal_hour_IQR,E03324
T2M,2007-05-05 17:00:00+07:00,2007-05-05 22:00:00+07:00,6,1,2.3834422657952046,seasonal_hour_IQR,E03325
WS2M,2024-06-05 22:00:00+07:00,2024-06-06 02:00:00+07:00,5,1,2.3833333333333337,seasonal_hour_IQR,E03326
ALLSKY_SFC_SW_DWN,2011-04-19 06:00:00+07:00,2011-04-19 08:00:00+07:00,3,1,2.38268156424581,seasonal_hour_IQR,E03327
RH2M,2021-08-05 18:00:00+07:00,2021-08-05 18:00:00+07:00,1,1,2.38264580369843,seasonal_hour_IQR,E03328
RH2M,2021-08-17 19:00:00+07:00,2021-08-17 20:00:00+07:00,2,1,2.382308845577209,seasonal_hour_IQR,E03329
WS2M,2009-01-23 12:00:00+07:00,2009-01-23 14:00:00+07:00,3,1,2.3821138211382116,seasonal_hour_IQR,E03330
WS2M,2001-08-03 00:00:00+07:00,2001-08-03 01:00:00+07:00,2,1,2.382022471910113,seasonal_hour_IQR,E03331
WS2M,2017-05-04 07:00:00+07:00,2017-05-04 08:00:00+07:00,2,1,2.3800000000000003,seasonal_hour_IQR,E03332
RH2M,2019-10-08 13:00:00+07:00,2019-10-08 15:00:00+07:00,3,1,2.379023883696778,seasonal_hour_IQR,E03333
RH2M,2007-11-30 08:00:00+07:00,2007-11-30 08:00:00+07:00,1,1,2.3787122832026593,seasonal_hour_IQR,E03334
T2M,2011-08-26 04:00:00+07:00,2011-08-26 06:00:00+07:00,3,1,2.3783783783783803,seasonal_hour_IQR,E03335
T2M,2015-07-06 02:00:00+07:00,2015-07-06 06:00:00+07:00,5,1,2.3778801843317936,seasonal_hour_IQR,E03336
T2M,2007-04-04 20:00:00+07:00,2007-04-05 06:00:00+07:00,11,1,2.37691745799854,seasonal_hour_IQR,E03337
ALLSKY_SFC_SW_DWN,2024-06-05 11:00:00+07:00,2024-06-05 14:00:00+07:00,4,1,2.376805696846388,seasonal_hour_IQR,E03338
T2M,2006-07-09 18:00:00+07:00,2006-07-09 20:00:00+07:00,3,1,2.3766233766233724,seasonal_hour_IQR,E03339
ALLSKY_SFC_SW_DWN,2009-02-13 07:00:00+07:00,2009-02-13 09:00:00+07:00,3,1,2.3752162026446473,seasonal_hour_IQR,E03340
RH2M,2006-11-04 16:00:00+07:00,2006-11-04 17:00:00+07:00,2,1,2.3745477761225784,seasonal_hour_IQR,E03341
WS2M,2012-05-09 03:00:00+07:00,2012-05-09 04:00:00+07:00,2,1,2.373333333333333,seasonal_hour_IQR,E03342
ALLSKY_SFC_SW_DWN,2024-04-30 06:00:00+07:00,2024-04-30 07:00:00+07:00,2,1,2.3731589639410866,seasonal_hour_IQR,E03343
WS2M,2014-06-18 23:00:00+07:00,2014-06-19 00:00:00+07:00,2,1,2.3728813559322037,seasonal_hour_IQR,E03344
WS2M,2006-04-28 06:00:00+07:00,2006-04-28 07:00:00+07:00,2,1,2.372670807453416,seasonal_hour_IQR,E03345
RH2M,2007-04-01 18:00:00+07:00,2007-04-01 18:00:00+07:00,1,1,2.372371213582868,seasonal_hour_IQR,E03346
T2M,2022-04-03 20:00:00+07:00,2022-04-04 02:00:00+07:00,7,1,2.3710737764791827,seasonal_hour_IQR,E03347
T2M,2011-08-25 04:00:00+07:00,2011-08-25 06:00:00+07:00,3,1,2.3693693693693696,seasonal_hour_IQR,E03348
ALLSKY_SFC_SW_DWN,2019-12-06 06:00:00+07:00,2019-12-06 06:00:00+07:00,1,1,2.3682983682983685,seasonal_hour_IQR,E03349
RH2M,2001-06-15 04:00:00+07:00,2001-06-15 05:00:00+07:00,2,1,2.3675675675675674,seasonal_hour_IQR,E03350
T2M,2008-06-02 06:00:00+07:00,2008-06-02 07:00:00+07:00,2,1,2.367541766109779,seasonal_hour_IQR,E03351
ALLSKY_SFC_SW_DWN,2003-02-28 06:00:00+07:00,2003-02-28 06:00:00+07:00,1,1,2.366197183098592,seasonal_hour_IQR,E03352
RH2M,2017-06-05 11:00:00+07:00,2017-06-05 15:00:00+07:00,5,1,2.365805168986083,seasonal_hour_IQR,E03353
RH2M,2009-08-10 18:00:00+07:00,2009-08-10 20:00:00+07:00,3,1,2.365576102418202,seasonal_hour_IQR,E03354
ALLSKY_SFC_SW_DWN,2018-03-20 11:00:00+07:00,2018-03-20 12:00:00+07:00,2,1,2.3651306722794354,seasonal_hour_IQR,E03355
ALLSKY_SFC_SW_DWN,2001-02-17 07:00:00+07:00,2001-02-17 08:00:00+07:00,2,1,2.3647684524581662,seasonal_hour_IQR,E03356
T2M,2017-10-17 12:00:00+07:00,2017-10-17 16:00:00+07:00,5,1,2.3639455782312924,seasonal_hour_IQR,E03357
RH2M,2005-02-24 13:00:00+07:00,2005-02-24 15:00:00+07:00,3,1,2.3637067130973093,seasonal_hour_IQR,E03358
WS2M,2022-08-26 18:00:00+07:00,2022-08-26 18:00:00+07:00,1,1,2.3636363636363638,seasonal_hour_IQR,E03359
RH2M,2010-10-31 10:00:00+07:00,2010-10-31 15:00:00+07:00,6,1,2.3618143459915637,seasonal_hour_IQR,E03360
RH2M,2012-06-12 05:00:00+07:00,2012-06-12 06:00:00+07:00,2,1,2.360566448801743,seasonal_hour_IQR,E03361
T2M,2024-08-10 06:00:00+07:00,2024-08-10 07:00:00+07:00,2,1,2.3603603603603625,seasonal_hour_IQR,E03362
WS2M,2012-10-29 12:00:00+07:00,2012-10-29 15:00:00+07:00,4,1,2.3603603603603607,seasonal_hour_IQR,E03363
T2M,2012-08-23 06:00:00+07:00,2012-08-23 08:00:00+07:00,3,1,2.3603603603603593,seasonal_hour_IQR,E03364
T2M,2011-09-01 16:00:00+07:00,2011-09-01 20:00:00+07:00,5,1,2.359999999999996,seasonal_hour_IQR,E03365
WS2M,2013-12-14 20:00:00+07:00,2013-12-14 21:00:00+07:00,2,1,2.359375,seasonal_hour_IQR,E03366
RH2M,2004-07-26 22:00:00+07:00,2004-07-27 00:00:00+07:00,3,1,2.3591635916359186,seasonal_hour_IQR,E03367
ALLSKY_SFC_SW_DWN,2024-04-27 06:00:00+07:00,2024-04-27 09:00:00+07:00,4,1,2.3566531234128996,seasonal_hour_IQR,E03368
T2M,2005-09-01 18:00:00+07:00,2005-09-01 21:00:00+07:00,4,1,2.3560057887120127,seasonal_hour_IQR,E03369
ALLSKY_SFC_SW_DWN,2024-02-12 08:00:00+07:00,2024-02-12 09:00:00+07:00,2,1,2.3556882218378625,seasonal_hour_IQR,E03370
RH2M,2006-08-22 19:00:00+07:00,2006-08-22 22:00:00+07:00,4,1,2.355319148936167,seasonal_hour_IQR,E03371
WS2M,2014-01-08 07:00:00+07:00,2014-01-08 08:00:00+07:00,2,1,2.354838709677419,seasonal_hour_IQR,E03372
WS2M,2024-04-16 04:00:00+07:00,2024-04-16 05:00:00+07:00,2,1,2.354609929078014,seasonal_hour_IQR,E03373
T2M,2010-04-16 07:00:00+07:00,2010-04-16 09:00:00+07:00,3,1,2.3544018058690748,seasonal_hour_IQR,E03374
RH2M,2019-02-08 17:00:00+07:00,2019-02-08 18:00:00+07:00,2,1,2.353885861772297,seasonal_hour_IQR,E03375
T2M,2012-10-17 14:00:00+07:00,2012-10-17 16:00:00+07:00,3,1,2.353741496598639,seasonal_hour_IQR,E03376
WS2M,2005-09-19 12:00:00+07:00,2005-09-19 15:00:00+07:00,4,1,2.353182751540041,seasonal_hour_IQR,E03377
WS2M,2025-06-13 09:00:00+07:00,2025-06-13 11:00:00+07:00,3,1,2.3523809523809533,seasonal_hour_IQR,E03378
WS2M,2017-12-16 21:00:00+07:00,2017-12-16 22:00:00+07:00,2,1,2.3518518518518516,seasonal_hour_IQR,E03379
WS2M,2022-12-17 22:00:00+07:00,2022-12-17 22:00:00+07:00,1,1,2.3518518518518516,seasonal_hour_IQR,E03380
RH2M,2011-09-01 02:00:00+07:00,2011-09-01 04:00:00+07:00,3,1,2.3515673017824237,seasonal_hour_IQR,E03381
ALLSKY_SFC_SW_DWN,2010-12-03 06:00:00+07:00,2010-12-03 06:00:00+07:00,1,1,2.34965034965035,seasonal_hour_IQR,E03382
WS2M,2025-06-03 04:00:00+07:00,2025-06-03 05:00:00+07:00,2,1,2.3492063492063493,seasonal_hour_IQR,E03383
PS,2022-05-01 16:00:00+07:00,2022-05-03 18:00:00+07:00,51,1,2.3488372093023777,seasonal_hour_IQR,E03384
RH2M,2021-08-04 18:00:00+07:00,2021-08-04 18:00:00+07:00,1,1,2.3485064011379757,seasonal_hour_IQR,E03385
RH2M,2021-08-06 05:00:00+07:00,2021-08-06 05:00:00+07:00,1,1,2.348101265822788,seasonal_hour_IQR,E03386
RH2M,2004-10-10 03:00:00+07:00,2004-10-10 05:00:00+07:00,3,1,2.3476245654692933,seasonal_hour_IQR,E03387
T2M,2015-07-13 07:00:00+07:00,2015-07-13 09:00:00+07:00,3,1,2.347058823529414,seasonal_hour_IQR,E03388
WS2M,2008-06-12 00:00:00+07:00,2008-06-12 01:00:00+07:00,2,1,2.3454545454545452,seasonal_hour_IQR,E03389
PS,2004-06-10 10:00:00+07:00,2004-06-10 23:00:00+07:00,14,1,2.3448275862068204,seasonal_hour_IQR,E03390
PS,2004-06-13 10:00:00+07:00,2004-06-13 19:00:00+07:00,10,1,2.3448275862068204,seasonal_hour_IQR,E03391
RH2M,2003-09-24 19:00:00+07:00,2003-09-24 20:00:00+07:00,2,1,2.3445294313269063,seasonal_hour_IQR,E03392
RH2M,2007-09-23 18:00:00+07:00,2007-09-23 20:00:00+07:00,3,1,2.344226579520697,seasonal_hour_IQR,E03393
WS2M,2022-06-21 03:00:00+07:00,2022-06-21 05:00:00+07:00,3,1,2.3432835820895517,seasonal_hour_IQR,E03394
RH2M,2004-09-14 20:00:00+07:00,2004-09-14 22:00:00+07:00,3,1,2.3428375128821717,seasonal_hour_IQR,E03395
RH2M,2013-09-29 20:00:00+07:00,2013-09-29 21:00:00+07:00,2,1,2.3428375128821717,seasonal_hour_IQR,E03396
RH2M,2005-04-07 18:00:00+07:00,2005-04-07 18:00:00+07:00,1,1,2.342272814972025,seasonal_hour_IQR,E03397
WS2M,2011-05-09 22:00:00+07:00,2011-05-10 00:00:00+07:00,3,1,2.3421052631578947,seasonal_hour_IQR,E03398
RH2M,2005-10-23 06:00:00+07:00,2005-10-23 06:00:00+07:00,1,1,2.3415841584158446,seasonal_hour_IQR,E03399
RH2M,2015-08-23 18:00:00+07:00,2015-08-23 19:00:00+07:00,2,1,2.341394025604548,seasonal_hour_IQR,E03400
T2M,2011-04-01 00:00:00+07:00,2011-04-01 03:00:00+07:00,4,1,2.3406292749658024,seasonal_hour_IQR,E03401
RH2M,2007-03-31 17:00:00+07:00,2007-03-31 18:00:00+07:00,2,1,2.3405572755417956,seasonal_hour_IQR,E03402
RH2M,2013-11-29 23:00:00+07:00,2013-11-30 01:00:00+07:00,3,1,2.340534759358289,seasonal_hour_IQR,E03403
T2M,2025-10-24 10:00:00+07:00,2025-10-24 16:00:00+07:00,7,1,2.3401360544217686,seasonal_hour_IQR,E03404
RH2M,2013-09-22 19:00:00+07:00,2013-09-22 22:00:00+07:00,4,1,2.3400893163861207,seasonal_hour_IQR,E03405
WS2M,2010-04-22 07:00:00+07:00,2010-04-22 08:00:00+07:00,2,1,2.3395445134575565,seasonal_hour_IQR,E03406
T2M,2019-09-28 02:00:00+07:00,2019-09-28 06:00:00+07:00,5,1,2.339360222531293,seasonal_hour_IQR,E03407
WS2M,2007-10-04 10:00:00+07:00,2007-10-04 13:00:00+07:00,4,1,2.3392226148409896,seasonal_hour_IQR,E03408
ALLSKY_SFC_SW_DWN,2002-06-14 17:00:00+07:00,2002-06-14 18:00:00+07:00,2,1,2.3380029424934428,seasonal_hour_IQR,E03409
RH2M,2021-08-07 19:00:00+07:00,2021-08-07 22:00:00+07:00,4,1,2.337662337662336,seasonal_hour_IQR,E03410
T2M,2010-05-22 14:00:00+07:00,2010-05-22 19:00:00+07:00,6,1,2.3374340949033394,seasonal_hour_IQR,E03411
WS2M,2017-06-05 18:00:00+07:00,2017-06-05 19:00:00+07:00,2,1,2.335714285714286,seasonal_hour_IQR,E03412
ALLSKY_SFC_SW_DWN,2017-09-25 11:00:00+07:00,2017-09-25 12:00:00+07:00,2,1,2.335520768412949,seasonal_hour_IQR,E03413
WS2M,2021-10-21 08:00:00+07:00,2021-10-21 09:00:00+07:00,2,1,2.3346007604562735,seasonal_hour_IQR,E03414
WS2M,2011-07-06 00:00:00+07:00,2011-07-06 01:00:00+07:00,2,1,2.333333333333334,seasonal_hour_IQR,E03415
WS2M,2009-03-30 23:00:00+07:00,2009-03-30 23:00:00+07:00,1,1,2.3333333333333335,seasonal_hour_IQR,E03416
WS2M,2011-09-29 11:00:00+07:00,2011-09-29 14:00:00+07:00,4,1,2.3333333333333335,seasonal_hour_IQR,E03417
WS2M,2014-07-19 05:00:00+07:00,2014-07-19 05:00:00+07:00,1,1,2.3333333333333335,seasonal_hour_IQR,E03418
RH2M,2013-06-11 06:00:00+07:00,2013-06-11 06:00:00+07:00,1,1,2.332244008714598,seasonal_hour_IQR,E03419
WS2M,2010-04-08 05:00:00+07:00,2010-04-08 05:00:00+07:00,1,1,2.3321033210332103,seasonal_hour_IQR,E03420
WS2M,2017-10-10 11:00:00+07:00,2017-10-10 14:00:00+07:00,4,1,2.3308823529411766,seasonal_hour_IQR,E03421
T2M,2004-07-23 06:00:00+07:00,2004-07-23 08:00:00+07:00,3,1,2.330769230769228,seasonal_hour_IQR,E03422
RH2M,2009-08-10 22:00:00+07:00,2009-08-11 00:00:00+07:00,3,1,2.3307607497243623,seasonal_hour_IQR,E03423
WS2M,2005-05-16 18:00:00+07:00,2005-05-16 18:00:00+07:00,1,1,2.330578512396694,seasonal_hour_IQR,E03424
ALLSKY_SFC_SW_DWN,2004-02-09 08:00:00+07:00,2004-02-09 08:00:00+07:00,1,1,2.3293533448641415,seasonal_hour_IQR,E03425
WS2M,2017-03-16 23:00:00+07:00,2017-03-17 03:00:00+07:00,5,1,2.3291139240506333,seasonal_hour_IQR,E03426
ALLSKY_SFC_SW_DWN,2021-01-01 07:00:00+07:00,2021-01-01 08:00:00+07:00,2,1,2.3286129725629037,seasonal_hour_IQR,E03427
RH2M,2024-11-29 23:00:00+07:00,2024-11-30 03:00:00+07:00,5,1,2.3282868525896436,seasonal_hour_IQR,E03428
ALLSKY_SFC_SW_DWN,2003-01-12 07:00:00+07:00,2003-01-12 08:00:00+07:00,2,1,2.3281072196232153,seasonal_hour_IQR,E03429
T2M,2011-06-01 00:00:00+07:00,2011-06-01 05:00:00+07:00,6,1,2.3280000000000003,seasonal_hour_IQR,E03430
RH2M,2002-10-07 07:00:00+07:00,2002-10-07 07:00:00+07:00,1,1,2.327503974562796,seasonal_hour_IQR,E03431
RH2M,2009-08-08 19:00:00+07:00,2009-08-08 21:00:00+07:00,3,1,2.3268744734625155,seasonal_hour_IQR,E03432
ALLSKY_SFC_SW_DWN,2025-03-20 11:00:00+07:00,2025-03-20 11:00:00+07:00,1,1,2.3265428850635193,seasonal_hour_IQR,E03433
ALLSKY_SFC_SW_DWN,2012-06-22 17:00:00+07:00,2012-06-22 18:00:00+07:00,2,1,2.326488837715089,seasonal_hour_IQR,E03434
PS,2010-10-29 00:00:00+07:00,2010-10-29 12:00:00+07:00,13,1,2.3255813953488773,seasonal_hour_IQR,E03435
ALLSKY_SFC_SW_DWN,2010-02-11 07:00:00+07:00,2010-02-11 08:00:00+07:00,2,1,2.3252245717792785,seasonal_hour_IQR,E03436
T2M,2022-07-02 19:00:00+07:00,2022-07-02 20:00:00+07:00,2,1,2.324675324675322,seasonal_hour_IQR,E03437
RH2M,2022-12-18 20:00:00+07:00,2022-12-18 22:00:00+07:00,3,1,2.3244217482727536,seasonal_hour_IQR,E03438
RH2M,2008-02-29 18:00:00+07:00,2008-02-29 18:00:00+07:00,1,1,2.324399005250066,seasonal_hour_IQR,E03439
PS,2018-08-17 01:00:00+07:00,2018-08-17 07:00:00+07:00,7,1,2.321839080459737,seasonal_hour_IQR,E03440
RH2M,2012-08-01 18:00:00+07:00,2012-08-01 20:00:00+07:00,3,1,2.321479374110949,seasonal_hour_IQR,E03441
ALLSKY_SFC_SW_DWN,2015-01-01 08:00:00+07:00,2015-01-01 08:00:00+07:00,1,1,2.3205209255278803,seasonal_hour_IQR,E03442
PS,2019-07-04 03:00:00+07:00,2019-07-04 07:00:00+07:00,5,1,2.3200000000000123,seasonal_hour_IQR,E03443
RH2M,2006-11-04 01:00:00+07:00,2006-11-04 03:00:00+07:00,3,1,2.319660537482316,seasonal_hour_IQR,E03444
RH2M,2009-11-04 07:00:00+07:00,2009-11-04 07:00:00+07:00,1,1,2.319659677909449,seasonal_hour_IQR,E03445
WS2M,2002-05-11 04:00:00+07:00,2002-05-11 04:00:00+07:00,1,1,2.3194444444444446,seasonal_hour_IQR,E03446
WS2M,2010-05-07 04:00:00+07:00,2010-05-07 06:00:00+07:00,3,1,2.319444444444444,seasonal_hour_IQR,E03447
T2M,2007-05-09 05:00:00+07:00,2007-05-09 05:00:00+07:00,1,1,2.3194192377495475,seasonal_hour_IQR,E03448
T2M,2021-06-04 23:00:00+07:00,2021-06-05 06:00:00+07:00,8,1,2.3188405797101463,seasonal_hour_IQR,E03449
RH2M,2021-09-10 18:00:00+07:00,2021-09-10 18:00:00+07:00,1,1,2.3186778921110065,seasonal_hour_IQR,E03450
RH2M,2014-09-09 05:00:00+07:00,2014-09-09 05:00:00+07:00,1,1,2.3184523809523734,seasonal_hour_IQR,E03451
RH2M,2009-06-09 05:00:00+07:00,2009-06-09 05:00:00+07:00,1,1,2.3181467181467186,seasonal_hour_IQR,E03452
WS2M,2003-08-25 10:00:00+07:00,2003-08-25 11:00:00+07:00,2,1,2.3170731707317076,seasonal_hour_IQR,E03453
WS2M,2018-07-16 07:00:00+07:00,2018-07-16 10:00:00+07:00,4,1,2.316742081447963,seasonal_hour_IQR,E03454
T2M,2024-09-22 11:00:00+07:00,2024-09-22 17:00:00+07:00,7,1,2.3160173160173128,seasonal_hour_IQR,E03455
ALLSKY_SFC_SW_DWN,2019-12-07 06:00:00+07:00,2019-12-07 06:00:00+07:00,1,1,2.3146853146853146,seasonal_hour_IQR,E03456
RH2M,2001-04-09 18:00:00+07:00,2001-04-09 18:00:00+07:00,1,1,2.314489677792785,seasonal_hour_IQR,E03457
WS2M,2021-10-21 17:00:00+07:00,2021-10-21 17:00:00+07:00,1,1,2.3137254901960778,seasonal_hour_IQR,E03458
RH2M,2009-11-02 05:00:00+07:00,2009-11-02 06:00:00+07:00,2,1,2.313636363636362,seasonal_hour_IQR,E03459
RH2M,2012-08-04 00:00:00+07:00,2012-08-04 02:00:00+07:00,3,1,2.313193588162757,seasonal_hour_IQR,E03460
T2M,2010-05-05 13:00:00+07:00,2010-05-05 16:00:00+07:00,4,1,2.3130904183535765,seasonal_hour_IQR,E03461
WS2M,2021-06-14 07:00:00+07:00,2021-06-14 11:00:00+07:00,5,1,2.3125000000000004,seasonal_hour_IQR,E03462
RH2M,2011-08-29 07:00:00+07:00,2011-08-29 07:00:00+07:00,1,1,2.312373225152126,seasonal_hour_IQR,E03463
WS2M,2002-08-17 21:00:00+07:00,2002-08-17 21:00:00+07:00,1,1,2.3114754098360657,seasonal_hour_IQR,E03464
WS2M,2006-04-25 01:00:00+07:00,2006-04-25 05:00:00+07:00,5,1,2.3108108108108105,seasonal_hour_IQR,E03465
ALLSKY_SFC_SW_DWN,2005-02-26 06:00:00+07:00,2005-02-26 06:00:00+07:00,1,1,2.309859154929578,seasonal_hour_IQR,E03466
ALLSKY_SFC_SW_DWN,2025-02-27 06:00:00+07:00,2025-02-27 06:00:00+07:00,1,1,2.309859154929578,seasonal_hour_IQR,E03467
T2M,2015-10-10 14:00:00+07:00,2015-10-10 16:00:00+07:00,3,1,2.3095238095238093,seasonal_hour_IQR,E03468
RH2M,2015-08-22 00:00:00+07:00,2015-08-22 01:00:00+07:00,2,1,2.3082614056720057,seasonal_hour_IQR,E03469
RH2M,2020-12-30 04:00:00+07:00,2020-12-30 06:00:00+07:00,3,1,2.307761327949754,seasonal_hour_IQR,E03470
WS2M,2012-04-26 01:00:00+07:00,2012-04-26 01:00:00+07:00,1,1,2.307692307692308,seasonal_hour_IQR,E03471
T2M,2015-07-09 04:00:00+07:00,2015-07-09 06:00:00+07:00,3,1,2.307017543859647,seasonal_hour_IQR,E03472
WS2M,2013-11-14 23:00:00+07:00,2013-11-15 00:00:00+07:00,2,1,2.3069767441860467,seasonal_hour_IQR,E03473
T2M,2011-05-04 06:00:00+07:00,2011-05-04 08:00:00+07:00,3,1,2.3055062166962697,seasonal_hour_IQR,E03474
RH2M,2012-06-16 06:00:00+07:00,2012-06-16 06:00:00+07:00,1,1,2.30392156862745,seasonal_hour_IQR,E03475
RH2M,2004-01-24 16:00:00+07:00,2004-01-24 16:00:00+07:00,1,1,2.3037100949094036,seasonal_hour_IQR,E03476
T2M,2023-05-17 17:00:00+07:00,2023-05-17 18:00:00+07:00,2,1,2.3022847100175747,seasonal_hour_IQR,E03477
RH2M,2008-08-17 18:00:00+07:00,2008-08-17 18:00:00+07:00,1,1,2.3015647226173503,seasonal_hour_IQR,E03478
RH2M,2013-08-12 18:00:00+07:00,2013-08-12 20:00:00+07:00,3,1,2.3015647226173503,seasonal_hour_IQR,E03479
RH2M,2008-09-17 21:00:00+07:00,2008-09-17 22:00:00+07:00,2,1,2.30067822155237,seasonal_hour_IQR,E03480
RH2M,2010-12-17 16:00:00+07:00,2010-12-17 16:00:00+07:00,1,1,2.298799466429523,seasonal_hour_IQR,E03481
WS2M,2024-07-17 05:00:00+07:00,2024-07-17 05:00:00+07:00,1,1,2.298245614035088,seasonal_hour_IQR,E03482
WS2M,2021-04-05 03:00:00+07:00,2021-04-05 04:00:00+07:00,2,1,2.297297297297297,seasonal_hour_IQR,E03483
WS2M,2017-11-04 01:00:00+07:00,2017-11-04 03:00:00+07:00,3,1,2.2968749999999996,seasonal_hour_IQR,E03484
T2M,2022-05-16 17:00:00+07:00,2022-05-16 21:00:00+07:00,5,1,2.2962962962962945,seasonal_hour_IQR,E03485
ALLSKY_SFC_SW_DWN,2010-12-04 06:00:00+07:00,2010-12-04 06:00:00+07:00,1,1,2.2960372960372966,seasonal_hour_IQR,E03486
RH2M,2016-08-18 05:00:00+07:00,2016-08-18 05:00:00+07:00,1,1,2.294303797468357,seasonal_hour_IQR,E03487
WS2M,2011-05-23 03:00:00+07:00,2011-05-23 03:00:00+07:00,1,1,2.293333333333333,seasonal_hour_IQR,E03488
WS2M,2018-05-28 01:00:00+07:00,2018-05-28 04:00:00+07:00,4,1,2.293333333333333,seasonal_hour_IQR,E03489
WS2M,2022-02-19 11:00:00+07:00,2022-02-19 13:00:00+07:00,3,1,2.293103448275862,seasonal_hour_IQR,E03490
RH2M,2005-04-29 08:00:00+07:00,2005-04-29 10:00:00+07:00,3,1,2.2926319456540685,seasonal_hour_IQR,E03491
WS2M,2010-04-26 11:00:00+07:00,2010-04-26 11:00:00+07:00,1,1,2.2923076923076926,seasonal_hour_IQR,E03492
RH2M,2008-10-31 10:00:00+07:00,2008-10-31 15:00:00+07:00,6,1,2.29179646936656,seasonal_hour_IQR,E03493
RH2M,2011-09-22 20:00:00+07:00,2011-09-22 20:00:00+07:00,1,1,2.2913202527436,seasonal_hour_IQR,E03494
T2M,2012-06-01 06:00:00+07:00,2012-06-01 06:00:00+07:00,1,1,2.2911694510739777,seasonal_hour_IQR,E03495
ALLSKY_SFC_SW_DWN,2014-01-19 08:00:00+07:00,2014-01-19 08:00:00+07:00,1,1,2.2910608167909987,seasonal_hour_IQR,E03496
WS2M,2003-08-26 18:00:00+07:00,2003-08-26 18:00:00+07:00,1,1,2.290909090909091,seasonal_hour_IQR,E03497
WS2M,2004-07-14 15:00:00+07:00,2004-07-14 17:00:00+07:00,3,1,2.290909090909091,seasonal_hour_IQR,E03498
RH2M,2002-06-03 18:00:00+07:00,2002-06-03 18:00:00+07:00,1,1,2.2891921800073765,seasonal_hour_IQR,E03499
ALLSKY_SFC_SW_DWN,2006-03-28 11:00:00+07:00,2006-03-28 11:00:00+07:00,1,1,2.2889573780350294,seasonal_hour_IQR,E03500
WS2M,2017-11-13 07:00:00+07:00,2017-11-13 07:00:00+07:00,1,1,2.288343558282208,seasonal_hour_IQR,E03501
WS2M,2009-05-08 07:00:00+07:00,2009-05-08 09:00:00+07:00,3,1,2.2880658436213994,seasonal_hour_IQR,E03502
WS2M,2008-04-23 05:00:00+07:00,2008-04-23 05:00:00+07:00,1,1,2.2878228782287824,seasonal_hour_IQR,E03503
T2M,2024-05-27 19:00:00+07:00,2024-05-27 20:00:00+07:00,2,1,2.2875816993464033,seasonal_hour_IQR,E03504
RH2M,2019-02-07 17:00:00+07:00,2019-02-07 18:00:00+07:00,2,1,2.2873530255233727,seasonal_hour_IQR,E03505
RH2M,2001-07-01 20:00:00+07:00,2001-07-01 22:00:00+07:00,3,1,2.2870159453303045,seasonal_hour_IQR,E03506
T2M,2006-03-02 01:00:00+07:00,2006-03-02 05:00:00+07:00,5,1,2.2866310160427807,seasonal_hour_IQR,E03507
RH2M,2012-06-16 00:00:00+07:00,2012-06-16 00:00:00+07:00,1,1,2.2861335289801934,seasonal_hour_IQR,E03508
PS,2024-07-24 04:00:00+07:00,2024-07-24 20:00:00+07:00,17,1,2.285714285714315,seasonal_hour_IQR,E03509
RH2M,2018-07-02 23:00:00+07:00,2018-07-03 01:00:00+07:00,3,1,2.2849604221635835,seasonal_hour_IQR,E03510
T2M,2025-11-18 13:00:00+07:00,2025-11-18 16:00:00+07:00,4,1,2.2840425531914894,seasonal_hour_IQR,E03511
WS2M,2025-06-02 02:00:00+07:00,2025-06-02 03:00:00+07:00,2,1,2.2833333333333337,seasonal_hour_IQR,E03512
WS2M,2009-02-20 07:00:00+07:00,2009-02-20 08:00:00+07:00,2,1,2.2831594634873325,seasonal_hour_IQR,E03513
T2M,2005-10-29 14:00:00+07:00,2005-10-29 17:00:00+07:00,4,1,2.2823129251700673,seasonal_hour_IQR,E03514
WS2M,2007-02-26 12:00:00+07:00,2007-02-26 14:00:00+07:00,3,1,2.2808219178082196,seasonal_hour_IQR,E03515
ALLSKY_SFC_SW_DWN,2021-02-21 07:00:00+07:00,2021-02-21 09:00:00+07:00,3,1,2.280451420417694,seasonal_hour_IQR,E03516
RH2M,2009-06-04 17:00:00+07:00,2009-06-04 18:00:00+07:00,2,1,2.2804513009440472,seasonal_hour_IQR,E03517
ALLSKY_SFC_SW_DWN,2004-06-27 15:00:00+07:00,2004-06-27 17:00:00+07:00,3,1,2.2804324186016753,seasonal_hour_IQR,E03518
WS2M,2023-12-14 17:00:00+07:00,2023-12-14 17:00:00+07:00,1,1,2.279999999999999,seasonal_hour_IQR,E03519
WS2M,2009-10-14 10:00:00+07:00,2009-10-14 14:00:00+07:00,5,1,2.2794117647058822,seasonal_hour_IQR,E03520
RH2M,2019-06-30 18:00:00+07:00,2019-06-30 19:00:00+07:00,2,1,2.2778625954198413,seasonal_hour_IQR,E03521
WS2M,2009-05-09 02:00:00+07:00,2009-05-09 05:00:00+07:00,4,1,2.2777777777777777,seasonal_hour_IQR,E03522
WS2M,2015-12-04 20:00:00+07:00,2015-12-04 22:00:00+07:00,3,1,2.2777777777777777,seasonal_hour_IQR,E03523
RH2M,2016-08-08 18:00:00+07:00,2016-08-08 18:00:00+07:00,1,1,2.2773826458036943,seasonal_hour_IQR,E03524
WS2M,2006-05-06 22:00:00+07:00,2006-05-06 23:00:00+07:00,2,1,2.276315789473684,seasonal_hour_IQR,E03525
WS2M,2016-11-02 00:00:00+07:00,2016-11-02 01:00:00+07:00,2,1,2.275862068965517,seasonal_hour_IQR,E03526
RH2M,2007-09-22 06:00:00+07:00,2007-09-22 06:00:00+07:00,1,1,2.27437325905292,seasonal_hour_IQR,E03527
T2M,2005-05-16 11:00:00+07:00,2005-05-16 18:00:00+07:00,8,1,2.274165202108964,seasonal_hour_IQR,E03528
RH2M,2002-09-01 05:00:00+07:00,2002-09-01 05:00:00+07:00,1,1,2.273809523809515,seasonal_hour_IQR,E03529
RH2M,2011-08-31 00:00:00+07:00,2011-08-31 01:00:00+07:00,2,1,2.2737361282367408,seasonal_hour_IQR,E03530
WS2M,2020-08-27 22:00:00+07:00,2020-08-27 22:00:00+07:00,1,1,2.2727272727272725,seasonal_hour_IQR,E03531
RH2M,2009-11-14 07:00:00+07:00,2009-11-14 08:00:00+07:00,2,1,2.272257672439987,seasonal_hour_IQR,E03532
T2M,2007-10-31 11:00:00+07:00,2007-10-31 16:00:00+07:00,6,1,2.2721088435374153,seasonal_hour_IQR,E03533
RH2M,2004-07-01 23:00:00+07:00,2004-07-02 00:00:00+07:00,2,1,2.271767810026381,seasonal_hour_IQR,E03534
RH2M,2018-07-24 07:00:00+07:00,2018-07-24 07:00:00+07:00,1,1,2.2713498622589507,seasonal_hour_IQR,E03535
RH2M,2004-11-19 03:00:00+07:00,2004-11-19 06:00:00+07:00,4,1,2.27126099706745,seasonal_hour_IQR,E03536
ALLSKY_SFC_SW_DWN,2008-01-01 08:00:00+07:00,2008-01-01 08:00:00+07:00,1,1,2.271210013908207,seasonal_hour_IQR,E03537
T2M,2021-06-03 17:00:00+07:00,2021-06-03 20:00:00+07:00,4,1,2.270986745213554,seasonal_hour_IQR,E03538
WS2M,2021-10-16 12:00:00+07:00,2021-10-16 14:00:00+07:00,3,1,2.27027027027027,seasonal_hour_IQR,E03539
ALLSKY_SFC_SW_DWN,2024-06-25 13:00:00+07:00,2024-06-25 15:00:00+07:00,3,1,2.270244215938304,seasonal_hour_IQR,E03540
WS2M,2025-06-23 04:00:00+07:00,2025-06-23 04:00:00+07:00,1,1,2.26984126984127,seasonal_hour_IQR,E03541
WS2M,2012-08-18 22:00:00+07:00,2012-08-19 00:00:00+07:00,3,1,2.2696629213483153,seasonal_hour_IQR,E03542
WS2M,2024-08-04 23:00:00+07:00,2024-08-05 00:00:00+07:00,2,1,2.2696629213483153,seasonal_hour_IQR,E03543
WS2M,2004-05-02 15:00:00+07:00,2004-05-02 17:00:00+07:00,3,1,2.269565217391305,seasonal_hour_IQR,E03544
T2M,2015-07-30 06:00:00+07:00,2015-07-30 07:00:00+07:00,2,1,2.2692307692307674,seasonal_hour_IQR,E03545
RH2M,2007-09-21 21:00:00+07:00,2007-09-21 22:00:00+07:00,2,1,2.269027882441595,seasonal_hour_IQR,E03546
ALLSKY_SFC_SW_DWN,2001-06-28 09:00:00+07:00,2001-06-28 13:00:00+07:00,5,1,2.2682727764393515,seasonal_hour_IQR,E03547
ALLSKY_SFC_SW_DWN,2013-06-24 13:00:00+07:00,2013-06-24 13:00:00+07:00,1,1,2.2678198966173926,seasonal_hour_IQR,E03548
ALLSKY_SFC_SW_DWN,2025-03-21 07:00:00+07:00,2025-03-21 09:00:00+07:00,3,1,2.267407781707934,seasonal_hour_IQR,E03549
T2M,2010-04-16 12:00:00+07:00,2010-04-16 21:00:00+07:00,10,1,2.2671312427409993,seasonal_hour_IQR,E03550
ALLSKY_SFC_SW_DWN,2022-06-08 14:00:00+07:00,2022-06-08 15:00:00+07:00,2,1,2.266838046272494,seasonal_hour_IQR,E03551
WS2M,2016-08-31 04:00:00+07:00,2016-08-31 05:00:00+07:00,2,1,2.266666666666667,seasonal_hour_IQR,E03552
ALLSKY_SFC_SW_DWN,2015-02-24 17:00:00+07:00,2015-02-24 17:00:00+07:00,1,1,2.2665299846232707,seasonal_hour_IQR,E03553
RH2M,2004-06-10 03:00:00+07:00,2004-06-10 04:00:00+07:00,2,1,2.266390614216702,seasonal_hour_IQR,E03554
RH2M,2008-09-23 18:00:00+07:00,2008-09-23 18:00:00+07:00,1,1,2.266292485188649,seasonal_hour_IQR,E03555
T2M,2019-07-20 00:00:00+07:00,2019-07-20 05:00:00+07:00,6,1,2.2660944206008606,seasonal_hour_IQR,E03556
RH2M,2001-09-26 20:00:00+07:00,2001-09-26 21:00:00+07:00,2,1,2.265888010992786,seasonal_hour_IQR,E03557
RH2M,2008-10-30 13:00:00+07:00,2008-10-30 15:00:00+07:00,3,1,2.2658359293873285,seasonal_hour_IQR,E03558
RH2M,2020-10-15 13:00:00+07:00,2020-10-15 15:00:00+07:00,3,1,2.2658359293873285,seasonal_hour_IQR,E03559
WS2M,2006-03-24 01:00:00+07:00,2006-03-24 02:00:00+07:00,2,1,2.265822784810127,seasonal_hour_IQR,E03560
RH2M,2019-09-05 19:00:00+07:00,2019-09-05 19:00:00+07:00,1,1,2.2645502645502646,seasonal_hour_IQR,E03561
WS2M,2002-05-24 04:00:00+07:00,2002-05-24 05:00:00+07:00,2,1,2.2638888888888893,seasonal_hour_IQR,E03562
WS2M,2021-03-26 23:00:00+07:00,2021-03-27 00:00:00+07:00,2,1,2.263888888888889,seasonal_hour_IQR,E03563
ALLSKY_SFC_SW_DWN,2021-12-04 06:00:00+07:00,2021-12-04 06:00:00+07:00,1,1,2.2634032634032635,seasonal_hour_IQR,E03564
ALLSKY_SFC_SW_DWN,2015-06-24 17:00:00+07:00,2015-06-24 17:00:00+07:00,1,1,2.2632891959316823,seasonal_hour_IQR,E03565
WS2M,2010-07-08 23:00:00+07:00,2010-07-09 00:00:00+07:00,2,1,2.2631578947368425,seasonal_hour_IQR,E03566
ALLSKY_SFC_SW_DWN,2010-11-02 06:00:00+07:00,2010-11-02 06:00:00+07:00,1,1,2.2626191316625484,seasonal_hour_IQR,E03567
RH2M,2023-11-20 00:00:00+07:00,2023-11-20 01:00:00+07:00,2,1,2.262416998671982,seasonal_hour_IQR,E03568
T2M,2002-09-17 00:00:00+07:00,2002-09-17 04:00:00+07:00,5,1,2.2623906705539376,seasonal_hour_IQR,E03569
ALLSKY_SFC_SW_DWN,2008-03-02 11:00:00+07:00,2008-03-02 12:00:00+07:00,2,1,2.2617955849557743,seasonal_hour_IQR,E03570
WS2M,2023-01-27 11:00:00+07:00,2023-01-27 14:00:00+07:00,4,1,2.261538461538462,seasonal_hour_IQR,E03571
WS2M,2003-05-11 16:00:00+07:00,2003-05-11 17:00:00+07:00,2,1,2.260869565217391,seasonal_hour_IQR,E03572
RH2M,2005-02-28 17:00:00+07:00,2005-02-28 17:00:00+07:00,1,1,2.259822196730714,seasonal_hour_IQR,E03573
RH2M,2010-12-16 06:00:00+07:00,2010-12-16 07:00:00+07:00,2,1,2.2593091072229714,seasonal_hour_IQR,E03574
WS2M,2014-12-10 22:00:00+07:00,2014-12-10 23:00:00+07:00,2,1,2.2592592592592595,seasonal_hour_IQR,E03575
WS2M,2014-12-27 22:00:00+07:00,2014-12-27 22:00:00+07:00,1,1,2.2592592592592595,seasonal_hour_IQR,E03576
RH2M,2007-04-01 10:00:00+07:00,2007-04-01 15:00:00+07:00,6,1,2.259231119890594,seasonal_hour_IQR,E03577
RH2M,2008-09-24 04:00:00+07:00,2008-09-24 06:00:00+07:00,3,1,2.258928571428563,seasonal_hour_IQR,E03578
RH2M,2018-02-07 09:00:00+07:00,2018-02-07 09:00:00+07:00,1,1,2.2587106196536606,seasonal_hour_IQR,E03579
WS2M,2007-06-26 03:00:00+07:00,2007-06-26 03:00:00+07:00,1,1,2.258064516129032,seasonal_hour_IQR,E03580
T2M,2016-07-28 06:00:00+07:00,2016-07-28 07:00:00+07:00,2,1,2.25806451612903,seasonal_hour_IQR,E03581
PS,2010-03-09 19:00:00+07:00,2010-03-10 09:00:00+07:00,15,1,2.256756756756775,seasonal_hour_IQR,E03582
RH2M,2016-08-01 06:00:00+07:00,2016-08-01 06:00:00+07:00,1,1,2.2560202788339643,seasonal_hour_IQR,E03583
PS,2014-05-05 14:00:00+07:00,2014-05-06 08:00:00+07:00,19,1,2.255813953488408,seasonal_hour_IQR,E03584
RH2M,2021-09-13 03:00:00+07:00,2021-09-13 04:00:00+07:00,2,1,2.2556853103872174,seasonal_hour_IQR,E03585
ALLSKY_SFC_SW_DWN,2004-03-01 11:00:00+07:00,2004-03-01 12:00:00+07:00,2,1,2.2553809917562453,seasonal_hour_IQR,E03586
RH2M,2019-07-30 22:00:00+07:00,2019-07-30 23:00:00+07:00,2,1,2.255125284738049,seasonal_hour_IQR,E03587
ALLSKY_SFC_SW_DWN,2017-06-14 13:00:00+07:00,2017-06-14 14:00:00+07:00,2,1,2.2547156978325917,seasonal_hour_IQR,E03588
ALLSKY_SFC_SW_DWN,2018-03-05 16:00:00+07:00,2018-03-05 16:00:00+07:00,1,1,2.253608088292042,seasonal_hour_IQR,E03589
T2M,2015-08-09 19:00:00+07:00,2015-08-09 22:00:00+07:00,4,1,2.2535211267605657,seasonal_hour_IQR,E03590
RH2M,2012-06-24 05:00:00+07:00,2012-06-24 05:00:00+07:00,1,1,2.2532818532818557,seasonal_hour_IQR,E03591
ALLSKY_SFC_SW_DWN,2002-01-05 08:00:00+07:00,2002-01-05 08:00:00+07:00,1,1,2.2531293463143265,seasonal_hour_IQR,E03592
RH2M,2025-08-04 02:00:00+07:00,2025-08-04 03:00:00+07:00,2,1,2.253061224489798,seasonal_hour_IQR,E03593
PS,2016-08-14 01:00:00+07:00,2016-08-14 04:00:00+07:00,4,1,2.2528735632183556,seasonal_hour_IQR,E03594
RH2M,2018-09-29 22:00:00+07:00,2018-09-29 23:00:00+07:00,2,1,2.252449133383569,seasonal_hour_IQR,E03595
T2M,2009-09-30 08:00:00+07:00,2009-09-30 11:00:00+07:00,4,1,2.252293577981648,seasonal_hour_IQR,E03596
ALLSKY_SFC_SW_DWN,2011-12-02 06:00:00+07:00,2011-12-02 06:00:00+07:00,1,1,2.2517482517482517,seasonal_hour_IQR,E03597
WS2M,2002-11-11 07:00:00+07:00,2002-11-11 07:00:00+07:00,1,1,2.251533742331288,seasonal_hour_IQR,E03598
ALLSKY_SFC_SW_DWN,2012-06-19 17:00:00+07:00,2012-06-19 17:00:00+07:00,1,1,2.251519222158254,seasonal_hour_IQR,E03599
RH2M,2008-09-14 20:00:00+07:00,2008-09-14 21:00:00+07:00,2,1,2.251413368806121,seasonal_hour_IQR,E03600
RH2M,2004-08-05 06:00:00+07:00,2004-08-05 06:00:00+07:00,1,1,2.2509505703422,seasonal_hour_IQR,E03601
RH2M,2018-06-11 23:00:00+07:00,2018-06-12 00:00:00+07:00,2,1,2.2509170946441683,seasonal_hour_IQR,E03602
WS2M,2019-11-23 20:00:00+07:00,2019-11-23 20:00:00+07:00,1,1,2.25089605734767,seasonal_hour_IQR,E03603
RH2M,2005-02-24 17:00:00+07:00,2005-02-24 17:00:00+07:00,1,1,2.2506452537998283,seasonal_hour_IQR,E03604
T2M,2022-04-02 08:00:00+07:00,2022-04-02 09:00:00+07:00,2,1,2.2505643340857793,seasonal_hour_IQR,E03605
RH2M,2018-07-19 11:00:00+07:00,2018-07-19 13:00:00+07:00,3,1,2.250495049504952,seasonal_hour_IQR,E03606
WS2M,2006-06-12 18:00:00+07:00,2006-06-12 18:00:00+07:00,1,1,2.25,seasonal_hour_IQR,E03607
WS2M,2016-05-10 07:00:00+07:00,2016-05-10 07:00:00+07:00,1,1,2.2499999999999996,seasonal_hour_IQR,E03608
WS2M,2021-05-25 05:00:00+07:00,2021-05-25 05:00:00+07:00,1,1,2.2499999999999996,seasonal_hour_IQR,E03609
RH2M,2007-07-14 18:00:00+07:00,2007-07-14 18:00:00+07:00,1,1,2.2498245614035044,seasonal_hour_IQR,E03610
RH2M,2007-08-14 23:00:00+07:00,2007-08-14 23:00:00+07:00,1,1,2.2491730981256843,seasonal_hour_IQR,E03611
RH2M,2012-09-16 23:00:00+07:00,2012-09-17 01:00:00+07:00,3,1,2.249027237354085,seasonal_hour_IQR,E03612
T2M,2023-07-17 19:00:00+07:00,2023-07-17 21:00:00+07:00,3,1,2.248275862068968,seasonal_hour_IQR,E03613
RH2M,2002-07-04 00:00:00+07:00,2002-07-04 00:00:00+07:00,1,1,2.248021108179415,seasonal_hour_IQR,E03614
RH2M,2021-06-20 23:00:00+07:00,2021-06-21 00:00:00+07:00,2,1,2.247982391782832,seasonal_hour_IQR,E03615
WS2M,2017-06-03 08:00:00+07:00,2017-06-03 11:00:00+07:00,4,1,2.2476190476190485,seasonal_hour_IQR,E03616
WS2M,2004-08-28 04:00:00+07:00,2004-08-28 05:00:00+07:00,2,1,2.247619047619048,seasonal_hour_IQR,E03617
T2M,2023-05-13 09:00:00+07:00,2023-05-13 19:00:00+07:00,11,1,2.2460456942003524,seasonal_hour_IQR,E03618
RH2M,2005-07-19 22:00:00+07:00,2005-07-19 22:00:00+07:00,1,1,2.246013667425975,seasonal_hour_IQR,E03619
T2M,2004-09-09 01:00:00+07:00,2004-09-09 06:00:00+07:00,6,1,2.2450142450142403,seasonal_hour_IQR,E03620
WS2M,2004-11-15 23:00:00+07:00,2004-11-16 00:00:00+07:00,2,1,2.2448979591836737,seasonal_hour_IQR,E03621
WS2M,2007-11-18 23:00:00+07:00,2007-11-18 23:00:00+07:00,1,1,2.2448979591836737,seasonal_hour_IQR,E03622
WS2M,2014-11-11 23:00:00+07:00,2014-11-11 23:00:00+07:00,1,1,2.2448979591836737,seasonal_hour_IQR,E03623
ALLSKY_SFC_SW_DWN,2019-12-05 06:00:00+07:00,2019-12-05 06:00:00+07:00,1,1,2.2447552447552446,seasonal_hour_IQR,E03624
T2M,2010-06-05 02:00:00+07:00,2010-06-05 05:00:00+07:00,4,1,2.24472573839662,seasonal_hour_IQR,E03625
WS2M,2018-04-06 22:00:00+07:00,2018-04-06 23:00:00+07:00,2,1,2.2445141065830714,seasonal_hour_IQR,E03626
WS2M,2011-01-28 06:00:00+07:00,2011-01-28 06:00:00+07:00,1,1,2.244186046511628,seasonal_hour_IQR,E03627
ALLSKY_SFC_SW_DWN,2025-06-30 17:00:00+07:00,2025-06-30 17:00:00+07:00,1,1,2.244099021301093,seasonal_hour_IQR,E03628
PS,2021-10-07 18:00:00+07:00,2021-10-07 23:00:00+07:00,6,1,2.2439024390243354,seasonal_hour_IQR,E03629
WS2M,2004-05-01 17:00:00+07:00,2004-05-01 17:00:00+07:00,1,1,2.2434782608695656,seasonal_hour_IQR,E03630
WS2M,2024-07-07 18:00:00+07:00,2024-07-07 18:00:00+07:00,1,1,2.243243243243243,seasonal_hour_IQR,E03631
T2M,2003-05-01 04:00:00+07:00,2003-05-01 05:00:00+07:00,2,1,2.243194192377496,seasonal_hour_IQR,E03632
WS2M,2003-05-13 12:00:00+07:00,2003-05-13 14:00:00+07:00,3,1,2.242857142857143,seasonal_hour_IQR,E03633
RH2M,2012-08-02 22:00:00+07:00,2012-08-02 22:00:00+07:00,1,1,2.2425531914893586,seasonal_hour_IQR,E03634
ALLSKY_SFC_SW_DWN,2021-02-10 16:00:00+07:00,2021-02-10 16:00:00+07:00,1,1,2.2420457050481297,seasonal_hour_IQR,E03635
WS2M,2018-11-17 20:00:00+07:00,2018-11-17 21:00:00+07:00,2,1,2.241935483870968,seasonal_hour_IQR,E03636
RH2M,2017-10-24 21:00:00+07:00,2017-10-24 23:00:00+07:00,3,1,2.241269841269843,seasonal_hour_IQR,E03637
ALLSKY_SFC_SW_DWN,2009-03-28 12:00:00+07:00,2009-03-28 12:00:00+07:00,1,1,2.2411483691055794,seasonal_hour_IQR,E03638
WS2M,2001-04-25 04:00:00+07:00,2001-04-25 04:00:00+07:00,1,1,2.2411347517730493,seasonal_hour_IQR,E03639
T2M,2019-09-29 03:00:00+07:00,2019-09-29 06:00:00+07:00,4,1,2.240740740740742,seasonal_hour_IQR,E03640
WS2M,2019-03-06 06:00:00+07:00,2019-03-06 07:00:00+07:00,2,1,2.2407407407407405,seasonal_hour_IQR,E03641
RH2M,2014-09-24 22:00:00+07:00,2014-09-24 23:00:00+07:00,2,1,2.240391861341369,seasonal_hour_IQR,E03642
WS2M,2015-01-09 21:00:00+07:00,2015-01-09 22:00:00+07:00,2,1,2.2399999999999998,seasonal_hour_IQR,E03643
WS2M,2005-12-01 17:00:00+07:00,2005-12-01 17:00:00+07:00,1,1,2.239999999999999,seasonal_hour_IQR,E03644
T2M,2021-10-16 15:00:00+07:00,2021-10-16 16:00:00+07:00,2,1,2.239864864864864,seasonal_hour_IQR,E03645
WS2M,2010-05-04 18:00:00+07:00,2010-05-04 18:00:00+07:00,1,1,2.2396694214876036,seasonal_hour_IQR,E03646
T2M,2002-12-07 07:00:00+07:00,2002-12-07 09:00:00+07:00,3,1,2.239350912778903,seasonal_hour_IQR,E03647
WS2M,2015-07-10 09:00:00+07:00,2015-07-10 12:00:00+07:00,4,1,2.23931623931624,seasonal_hour_IQR,E03648
WS2M,2013-01-30 14:00:00+07:00,2013-01-30 15:00:00+07:00,2,1,2.2393162393162394,seasonal_hour_IQR,E03649
PS,2016-10-20 11:00:00+07:00,2016-10-21 00:00:00+07:00,14,1,2.2380952380952572,seasonal_hour_IQR,E03650
RH2M,2025-09-25 04:00:00+07:00,2025-09-25 05:00:00+07:00,2,1,2.2378006872852216,seasonal_hour_IQR,E03651
ALLSKY_SFC_SW_DWN,2007-12-01 06:00:00+07:00,2007-12-01 06:00:00+07:00,1,1,2.237762237762238,seasonal_hour_IQR,E03652
RH2M,2004-12-11 17:00:00+07:00,2004-12-11 18:00:00+07:00,2,1,2.2377158034528546,seasonal_hour_IQR,E03653
T2M,2004-06-24 17:00:00+07:00,2004-06-24 18:00:00+07:00,2,1,2.2373678025851915,seasonal_hour_IQR,E03654
WS2M,2009-11-02 20:00:00+07:00,2009-11-02 21:00:00+07:00,2,1,2.236559139784946,seasonal_hour_IQR,E03655
WS2M,2020-08-15 18:00:00+07:00,2020-08-15 18:00:00+07:00,1,1,2.2363636363636368,seasonal_hour_IQR,E03656
RH2M,2005-03-01 00:00:00+07:00,2005-03-01 02:00:00+07:00,3,1,2.2363162467419637,seasonal_hour_IQR,E03657
WS2M,2001-06-21 11:00:00+07:00,2001-06-21 12:00:00+07:00,2,1,2.2362869198312234,seasonal_hour_IQR,E03658
T2M,2002-09-12 20:00:00+07:00,2002-09-12 21:00:00+07:00,2,1,2.2362204724409422,seasonal_hour_IQR,E03659
T2M,2022-09-06 20:00:00+07:00,2022-09-06 21:00:00+07:00,2,1,2.2362204724409422,seasonal_hour_IQR,E03660
RH2M,2007-08-09 06:00:00+07:00,2007-08-09 06:00:00+07:00,1,1,2.235741444866918,seasonal_hour_IQR,E03661
T2M,2007-05-08 19:00:00+07:00,2007-05-08 23:00:00+07:00,5,1,2.2350515463917544,seasonal_hour_IQR,E03662
T2M,2021-08-04 18:00:00+07:00,2021-08-04 18:00:00+07:00,1,1,2.2350000000000034,seasonal_hour_IQR,E03663
T2M,2025-05-11 06:00:00+07:00,2025-05-11 11:00:00+07:00,6,1,2.233151183970856,seasonal_hour_IQR,E03664
T2M,2025-08-04 22:00:00+07:00,2025-08-05 04:00:00+07:00,7,1,2.2329317269076268,seasonal_hour_IQR,E03665
ALLSKY_SFC_SW_DWN,2025-06-27 12:00:00+07:00,2025-06-27 13:00:00+07:00,2,1,2.2328149088600697,seasonal_hour_IQR,E03666
ALLSKY_SFC_SW_DWN,2010-03-05 11:00:00+07:00,2010-03-05 12:00:00+07:00,2,1,2.232729459520409,seasonal_hour_IQR,E03667
T2M,2007-05-02 05:00:00+07:00,2007-05-02 05:00:00+07:00,1,1,2.2323049001814885,seasonal_hour_IQR,E03668
ALLSKY_SFC_SW_DWN,2006-11-03 06:00:00+07:00,2006-11-03 06:00:00+07:00,1,1,2.232262619131663,seasonal_hour_IQR,E03669
WS2M,2007-11-01 03:00:00+07:00,2007-11-01 06:00:00+07:00,4,1,2.232209737827715,seasonal_hour_IQR,E03670
WS2M,2022-06-18 00:00:00+07:00,2022-06-18 01:00:00+07:00,2,1,2.232142857142857,seasonal_hour_IQR,E03671
T2M,2007-05-23 15:00:00+07:00,2007-05-23 17:00:00+07:00,3,1,2.231985940246047,seasonal_hour_IQR,E03672
RH2M,2018-06-04 22:00:00+07:00,2018-06-04 23:00:00+07:00,2,1,2.2317210348706378,seasonal_hour_IQR,E03673
ALLSKY_SFC_SW_DWN,2016-02-27 06:00:00+07:00,2016-02-27 06:00:00+07:00,1,1,2.231611893583725,seasonal_hour_IQR,E03674
ALLSKY_SFC_SW_DWN,2011-03-19 16:00:00+07:00,2011-03-19 16:00:00+07:00,1,1,2.230454580535617,seasonal_hour_IQR,E03675
WS2M,2003-04-16 22:00:00+07:00,2003-04-16 23:00:00+07:00,2,1,2.230088495575221,seasonal_hour_IQR,E03676
RH2M,2006-07-30 11:00:00+07:00,2006-07-30 14:00:00+07:00,4,1,2.229702970297032,seasonal_hour_IQR,E03677
WS2M,2002-08-18 05:00:00+07:00,2002-08-18 05:00:00+07:00,1,1,2.2285714285714286,seasonal_hour_IQR,E03678
WS2M,2024-05-20 02:00:00+07:00,2024-05-20 02:00:00+07:00,1,1,2.2281879194630876,seasonal_hour_IQR,E03679
ALLSKY_SFC_SW_DWN,2016-02-14 08:00:00+07:00,2016-02-14 08:00:00+07:00,1,1,2.2275846677453557,seasonal_hour_IQR,E03680
T2M,2002-09-23 20:00:00+07:00,2002-09-24 06:00:00+07:00,11,1,2.2274052478134116,seasonal_hour_IQR,E03681
WS2M,2022-11-30 07:00:00+07:00,2022-11-30 08:00:00+07:00,2,1,2.226993865030675,seasonal_hour_IQR,E03682
WS2M,2014-11-02 11:00:00+07:00,2014-11-02 15:00:00+07:00,5,1,2.226262626262626,seasonal_hour_IQR,E03683
ALLSKY_SFC_SW_DWN,2003-12-01 06:00:00+07:00,2003-12-01 06:00:00+07:00,1,1,2.226107226107226,seasonal_hour_IQR,E03684
ALLSKY_SFC_SW_DWN,2016-12-01 06:00:00+07:00,2016-12-01 06:00:00+07:00,1,1,2.226107226107226,seasonal_hour_IQR,E03685
WS2M,2003-02-20 12:00:00+07:00,2003-02-20 14:00:00+07:00,3,1,2.226027397260274,seasonal_hour_IQR,E03686
WS2M,2017-06-07 03:00:00+07:00,2017-06-07 03:00:00+07:00,1,1,2.225806451612903,seasonal_hour_IQR,E03687
ALLSKY_SFC_SW_DWN,2004-03-09 11:00:00+07:00,2004-03-09 11:00:00+07:00,1,1,2.225412814152196,seasonal_hour_IQR,E03688
T2M,2001-04-12 06:00:00+07:00,2001-04-12 08:00:00+07:00,3,1,2.2252405206564796,seasonal_hour_IQR,E03689
RH2M,2012-03-06 16:00:00+07:00,2012-03-06 16:00:00+07:00,1,1,2.224950495049505,seasonal_hour_IQR,E03690
ALLSKY_SFC_SW_DWN,2014-09-04 17:00:00+07:00,2014-09-04 17:00:00+07:00,1,1,2.2241023118544025,seasonal_hour_IQR,E03691
WS2M,2019-01-08 22:00:00+07:00,2019-01-08 22:00:00+07:00,1,1,2.2239999999999993,seasonal_hour_IQR,E03692
WS2M,2007-02-15 23:00:00+07:00,2007-02-15 23:00:00+07:00,1,1,2.223684210526316,seasonal_hour_IQR,E03693
ALLSKY_SFC_SW_DWN,2012-04-30 17:00:00+07:00,2012-04-30 17:00:00+07:00,1,1,2.223558388872791,seasonal_hour_IQR,E03694
RH2M,2003-09-28 00:00:00+07:00,2003-09-28 00:00:00+07:00,1,1,2.2230869001297004,seasonal_hour_IQR,E03695
WS2M,2016-05-25 04:00:00+07:00,2016-05-25 05:00:00+07:00,2,1,2.2222222222222223,seasonal_hour_IQR,E03696
WS2M,2021-08-22 19:00:00+07:00,2021-08-22 19:00:00+07:00,1,1,2.222222222222222,seasonal_hour_IQR,E03697
T2M,2010-07-06 15:00:00+07:00,2010-07-06 17:00:00+07:00,3,1,2.221789883268484,seasonal_hour_IQR,E03698
WS2M,2004-01-02 06:00:00+07:00,2004-01-02 06:00:00+07:00,1,1,2.2209302325581395,seasonal_hour_IQR,E03699
T2M,2009-11-17 18:00:00+07:00,2009-11-18 01:00:00+07:00,8,1,2.2207357859531776,seasonal_hour_IQR,E03700
T2M,2004-05-17 07:00:00+07:00,2004-05-17 09:00:00+07:00,3,1,2.2203672787979953,seasonal_hour_IQR,E03701
ALLSKY_SFC_SW_DWN,2023-02-25 17:00:00+07:00,2023-02-25 17:00:00+07:00,1,1,2.2200580898684437,seasonal_hour_IQR,E03702
WS2M,2019-08-30 10:00:00+07:00,2019-08-30 12:00:00+07:00,3,1,2.2195121951219514,seasonal_hour_IQR,E03703
RH2M,2005-03-03 16:00:00+07:00,2005-03-03 16:00:00+07:00,1,1,2.2194059405940596,seasonal_hour_IQR,E03704
RH2M,2004-06-24 17:00:00+07:00,2004-06-24 18:00:00+07:00,2,1,2.218742804513009,seasonal_hour_IQR,E03705
ALLSKY_SFC_SW_DWN,2025-03-23 11:00:00+07:00,2025-03-23 11:00:00+07:00,1,1,2.2175449146808988,seasonal_hour_IQR,E03706
ALLSKY_SFC_SW_DWN,2025-09-30 12:00:00+07:00,2025-09-30 12:00:00+07:00,1,1,2.2174725959599666,seasonal_hour_IQR,E03707
RH2M,2010-06-01 18:00:00+07:00,2010-06-01 18:00:00+07:00,1,1,2.2168941350055307,seasonal_hour_IQR,E03708
RH2M,2007-01-28 09:00:00+07:00,2007-01-28 09:00:00+07:00,1,1,2.2168674698795185,seasonal_hour_IQR,E03709
T2M,2011-05-23 06:00:00+07:00,2011-05-23 08:00:00+07:00,3,1,2.2166962699822377,seasonal_hour_IQR,E03710
WS2M,2011-06-24 02:00:00+07:00,2011-06-24 03:00:00+07:00,2,1,2.216666666666667,seasonal_hour_IQR,E03711
ALLSKY_SFC_SW_DWN,2004-03-01 16:00:00+07:00,2004-03-01 16:00:00+07:00,1,1,2.216562475881762,seasonal_hour_IQR,E03712
WS2M,2014-10-05 13:00:00+07:00,2014-10-05 14:00:00+07:00,2,1,2.2162162162162162,seasonal_hour_IQR,E03713
RH2M,2016-02-07 09:00:00+07:00,2016-02-07 09:00:00+07:00,1,1,2.2161485499687035,seasonal_hour_IQR,E03714
ALLSKY_SFC_SW_DWN,2015-03-18 11:00:00+07:00,2015-03-18 12:00:00+07:00,2,1,2.215390012277932,seasonal_hour_IQR,E03715
RH2M,2016-02-06 09:00:00+07:00,2016-02-06 10:00:00+07:00,2,1,2.2152848165416583,seasonal_hour_IQR,E03716
WS2M,2014-08-12 02:00:00+07:00,2014-08-12 02:00:00+07:00,1,1,2.2150537634408596,seasonal_hour_IQR,E03717
RH2M,2024-08-28 04:00:00+07:00,2024-08-28 05:00:00+07:00,2,1,2.214899713467044,seasonal_hour_IQR,E03718
PS,2016-10-21 11:00:00+07:00,2016-10-21 19:00:00+07:00,9,1,2.2142857142857215,seasonal_hour_IQR,E03719
WS2M,2018-06-19 00:00:00+07:00,2018-06-19 02:00:00+07:00,3,1,2.214285714285714,seasonal_hour_IQR,E03720
RH2M,2003-07-21 22:00:00+07:00,2003-07-21 22:00:00+07:00,1,1,2.2141230068337197,seasonal_hour_IQR,E03721
ALLSKY_SFC_SW_DWN,2016-09-10 12:00:00+07:00,2016-09-10 12:00:00+07:00,1,1,2.2139898082633724,seasonal_hour_IQR,E03722
ALLSKY_SFC_SW_DWN,2005-09-28 12:00:00+07:00,2005-09-28 12:00:00+07:00,1,1,2.213806503647762,seasonal_hour_IQR,E03723
WS2M,2025-08-09 21:00:00+07:00,2025-08-09 21:00:00+07:00,1,1,2.2131147540983607,seasonal_hour_IQR,E03724
RH2M,2014-10-15 23:00:00+07:00,2014-10-16 03:00:00+07:00,5,1,2.212860310421281,seasonal_hour_IQR,E03725
RH2M,2021-08-03 00:00:00+07:00,2021-08-03 00:00:00+07:00,1,1,2.2128174123337425,seasonal_hour_IQR,E03726
RH2M,2003-12-14 17:00:00+07:00,2003-12-14 17:00:00+07:00,1,1,2.2124833997343956,seasonal_hour_IQR,E03727
RH2M,2008-08-06 18:00:00+07:00,2008-08-06 18:00:00+07:00,1,1,2.211948790896154,seasonal_hour_IQR,E03728
RH2M,2005-05-15 18:00:00+07:00,2005-05-15 19:00:00+07:00,2,1,2.2118432026688915,seasonal_hour_IQR,E03729
RH2M,2017-07-23 19:00:00+07:00,2017-07-23 19:00:00+07:00,1,1,2.211161387631979,seasonal_hour_IQR,E03730
WS2M,2003-02-12 05:00:00+07:00,2003-02-12 05:00:00+07:00,1,1,2.2111111111111112,seasonal_hour_IQR,E03731
WS2M,2012-06-15 11:00:00+07:00,2012-06-15 12:00:00+07:00,2,1,2.2109704641350207,seasonal_hour_IQR,E03732
T2M,2019-06-23 02:00:00+07:00,2019-06-23 05:00:00+07:00,4,1,2.2109704641350176,seasonal_hour_IQR,E03733
RH2M,2017-08-27 18:00:00+07:00,2017-08-27 20:00:00+07:00,3,1,2.21052631578947,seasonal_hour_IQR,E03734
WS2M,2015-10-31 05:00:00+07:00,2015-10-31 05:00:00+07:00,1,1,2.2098765432098766,seasonal_hour_IQR,E03735
ALLSKY_SFC_SW_DWN,2001-02-27 06:00:00+07:00,2001-02-27 06:00:00+07:00,1,1,2.209702660406886,seasonal_hour_IQR,E03736
ALLSKY_SFC_SW_DWN,2002-02-25 06:00:00+07:00,2002-02-25 06:00:00+07:00,1,1,2.209702660406886,seasonal_hour_IQR,E03737
WS2M,2025-08-18 04:00:00+07:00,2025-08-18 05:00:00+07:00,2,1,2.2095238095238097,seasonal_hour_IQR,E03738
ALLSKY_SFC_SW_DWN,2021-09-14 12:00:00+07:00,2021-09-14 12:00:00+07:00,1,1,2.209333871026873,seasonal_hour_IQR,E03739
ALLSKY_SFC_SW_DWN,2025-01-29 17:00:00+07:00,2025-01-29 17:00:00+07:00,1,1,2.2086811352253757,seasonal_hour_IQR,E03740
RH2M,2017-05-27 17:00:00+07:00,2017-05-27 17:00:00+07:00,1,1,2.2084432717678086,seasonal_hour_IQR,E03741
WS2M,2011-05-16 05:00:00+07:00,2011-05-16 05:00:00+07:00,1,1,2.208333333333333,seasonal_hour_IQR,E03742
RH2M,2011-12-24 04:00:00+07:00,2011-12-24 07:00:00+07:00,4,1,2.208223972003498,seasonal_hour_IQR,E03743
WS2M,2012-11-21 20:00:00+07:00,2012-11-21 20:00:00+07:00,1,1,2.2078853046594977,seasonal_hour_IQR,E03744
WS2M,2003-12-12 02:00:00+07:00,2003-12-12 02:00:00+07:00,1,1,2.207792207792208,seasonal_hour_IQR,E03745
WS2M,2010-12-14 02:00:00+07:00,2010-12-14 02:00:00+07:00,1,1,2.207792207792208,seasonal_hour_IQR,E03746
WS2M,2025-03-07 01:00:00+07:00,2025-03-07 03:00:00+07:00,3,1,2.207792207792208,seasonal_hour_IQR,E03747
WS2M,2022-07-22 00:00:00+07:00,2022-07-22 00:00:00+07:00,1,1,2.2075471698113205,seasonal_hour_IQR,E03748
WS2M,2010-06-01 18:00:00+07:00,2010-06-01 18:00:00+07:00,1,1,2.207142857142857,seasonal_hour_IQR,E03749
WS2M,2021-11-13 01:00:00+07:00,2021-11-13 01:00:00+07:00,1,1,2.206896551724138,seasonal_hour_IQR,E03750
WS2M,2010-06-07 04:00:00+07:00,2010-06-07 04:00:00+07:00,1,1,2.2063492063492065,seasonal_hour_IQR,E03751
ALLSKY_SFC_SW_DWN,2014-01-22 16:00:00+07:00,2014-01-22 16:00:00+07:00,1,1,2.20618556701031,seasonal_hour_IQR,E03752
T2M,2006-07-25 08:00:00+07:00,2006-07-25 09:00:00+07:00,2,1,2.2058823529411775,seasonal_hour_IQR,E03753
RH2M,2007-08-20 06:00:00+07:00,2007-08-20 06:00:00+07:00,1,1,2.2053231939163465,seasonal_hour_IQR,E03754
RH2M,2005-03-29 18:00:00+07:00,2005-03-29 18:00:00+07:00,1,1,2.2051282051282084,seasonal_hour_IQR,E03755
RH2M,2011-10-18 21:00:00+07:00,2011-10-19 00:00:00+07:00,4,1,2.2050648548486715,seasonal_hour_IQR,E03756
ALLSKY_SFC_SW_DWN,2020-03-08 16:00:00+07:00,2020-03-08 16:00:00+07:00,1,1,2.2049857220035496,seasonal_hour_IQR,E03757
ALLSKY_SFC_SW_DWN,2023-01-01 08:00:00+07:00,2023-01-01 08:00:00+07:00,1,1,2.2048299405740304,seasonal_hour_IQR,E03758
WS2M,2014-11-12 23:00:00+07:00,2014-11-13 00:00:00+07:00,2,1,2.2040816326530615,seasonal_hour_IQR,E03759
ALLSKY_SFC_SW_DWN,2020-02-28 06:00:00+07:00,2020-02-28 06:00:00+07:00,1,1,2.203442879499218,seasonal_hour_IQR,E03760
RH2M,2001-08-10 04:00:00+07:00,2001-08-10 05:00:00+07:00,2,1,2.2034383954154704,seasonal_hour_IQR,E03761
ALLSKY_SFC_SW_DWN,2012-06-14 17:00:00+07:00,2012-06-14 17:00:00+07:00,1,1,2.2031599820891694,seasonal_hour_IQR,E03762
ALLSKY_SFC_SW_DWN,2003-03-31 16:00:00+07:00,2003-03-31 17:00:00+07:00,2,1,2.2031539888682734,seasonal_hour_IQR,E03763
WS2M,2006-12-07 20:00:00+07:00,2006-12-07 20:00:00+07:00,1,1,2.203125,seasonal_hour_IQR,E03764
T2M,2001-06-16 03:00:00+07:00,2001-06-16 04:00:00+07:00,2,1,2.2025316455696156,seasonal_hour_IQR,E03765
WS2M,2018-11-05 07:00:00+07:00,2018-11-05 07:00:00+07:00,1,1,2.2024539877300606,seasonal_hour_IQR,E03766
WS2M,2008-04-28 00:00:00+07:00,2008-04-28 00:00:00+07:00,1,1,2.2012578616352196,seasonal_hour_IQR,E03767
ALLSKY_SFC_SW_DWN,2010-02-10 08:00:00+07:00,2010-02-10 08:00:00+07:00,1,1,2.2008034369246228,seasonal_hour_IQR,E03768
T2M,2002-10-21 15:00:00+07:00,2002-10-21 16:00:00+07:00,2,1,2.200680272108843,seasonal_hour_IQR,E03769
ALLSKY_SFC_SW_DWN,2009-04-21 07:00:00+07:00,2009-04-21 07:00:00+07:00,1,1,2.200482478415439,seasonal_hour_IQR,E03770
WS2M,2022-02-08 05:00:00+07:00,2022-02-08 05:00:00+07:00,1,1,2.1999999999999997,seasonal_hour_IQR,E03771
RH2M,2018-03-09 18:00:00+07:00,2018-03-09 18:00:00+07:00,1,1,2.199430199430203,seasonal_hour_IQR,E03772
ALLSKY_SFC_SW_DWN,2024-04-28 06:00:00+07:00,2024-04-28 07:00:00+07:00,2,1,2.1983240223463687,seasonal_hour_IQR,E03773
T2M,2014-08-15 06:00:00+07:00,2014-08-15 06:00:00+07:00,1,1,2.198198198198197,seasonal_hour_IQR,E03774
RH2M,2008-01-01 12:00:00+07:00,2008-01-01 15:00:00+07:00,4,1,2.198074277854193,seasonal_hour_IQR,E03775
T2M,2022-05-04 20:00:00+07:00,2022-05-05 00:00:00+07:00,5,1,2.197938144329899,seasonal_hour_IQR,E03776
WS2M,2010-06-03 08:00:00+07:00,2010-06-03 08:00:00+07:00,1,1,2.1979166666666674,seasonal_hour_IQR,E03777
ALLSKY_SFC_SW_DWN,2004-06-13 15:00:00+07:00,2004-06-13 15:00:00+07:00,1,1,2.1977506426735225,seasonal_hour_IQR,E03778
T2M,2024-08-11 02:00:00+07:00,2024-08-11 05:00:00+07:00,4,1,2.197530864197526,seasonal_hour_IQR,E03779
RH2M,2005-12-19 18:00:00+07:00,2005-12-19 20:00:00+07:00,3,1,2.196845794392523,seasonal_hour_IQR,E03780
WS2M,2015-12-16 04:00:00+07:00,2015-12-16 04:00:00+07:00,1,1,2.196078431372549,seasonal_hour_IQR,E03781
RH2M,2016-06-03 17:00:00+07:00,2016-06-03 17:00:00+07:00,1,1,2.1957172461432184,seasonal_hour_IQR,E03782
T2M,2014-09-21 10:00:00+07:00,2014-09-21 11:00:00+07:00,2,1,2.195652173913043,seasonal_hour_IQR,E03783
WS2M,2016-02-23 21:00:00+07:00,2016-02-23 22:00:00+07:00,2,1,2.1954022988505746,seasonal_hour_IQR,E03784
T2M,2008-06-28 20:00:00+07:00,2008-06-29 00:00:00+07:00,5,1,2.195121951219511,seasonal_hour_IQR,E03785
PS,2021-10-08 16:00:00+07:00,2021-10-08 22:00:00+07:00,7,1,2.1951219512194338,seasonal_hour_IQR,E03786
WS2M,2020-03-10 01:00:00+07:00,2020-03-10 01:00:00+07:00,1,1,2.194805194805195,seasonal_hour_IQR,E03787
T2M,2021-06-20 16:00:00+07:00,2021-06-20 18:00:00+07:00,3,1,2.1944035346097235,seasonal_hour_IQR,E03788
WS2M,2014-11-29 19:00:00+07:00,2014-11-29 19:00:00+07:00,1,1,2.1939799331103678,seasonal_hour_IQR,E03789
RH2M,2002-10-11 07:00:00+07:00,2002-10-11 07:00:00+07:00,1,1,2.1939586645468974,seasonal_hour_IQR,E03790
RH2M,2007-11-29 02:00:00+07:00,2007-11-29 03:00:00+07:00,2,1,2.19377652050919,seasonal_hour_IQR,E03791
T2M,2013-05-15 17:00:00+07:00,2013-05-15 17:00:00+07:00,1,1,2.1933216168717062,seasonal_hour_IQR,E03792
ALLSKY_SFC_SW_DWN,2023-05-31 05:00:00+07:00,2023-05-31 06:00:00+07:00,2,1,2.193181818181818,seasonal_hour_IQR,E03793
WS2M,2003-06-30 18:00:00+07:00,2003-06-30 18:00:00+07:00,1,1,2.192857142857143,seasonal_hour_IQR,E03794
ALLSKY_SFC_SW_DWN,2002-01-04 08:00:00+07:00,2002-01-04 08:00:00+07:00,1,1,2.1926918700214952,seasonal_hour_IQR,E03795
RH2M,2021-07-20 00:00:00+07:00,2021-07-20 00:00:00+07:00,1,1,2.192612137203163,seasonal_hour_IQR,E03796
RH2M,2008-03-01 16:00:00+07:00,2008-03-01 16:00:00+07:00,1,1,2.1924752475247526,seasonal_hour_IQR,E03797
T2M,2010-09-23 20:00:00+07:00,2010-09-24 04:00:00+07:00,9,1,2.1924198250728875,seasonal_hour_IQR,E03798
WS2M,2005-09-19 17:00:00+07:00,2005-09-19 17:00:00+07:00,1,1,2.1923076923076925,seasonal_hour_IQR,E03799
ALLSKY_SFC_SW_DWN,2025-03-22 11:00:00+07:00,2025-03-22 11:00:00+07:00,1,1,2.1922373399483823,seasonal_hour_IQR,E03800
ALLSKY_SFC_SW_DWN,2018-11-03 06:00:00+07:00,2018-11-03 06:00:00+07:00,1,1,2.1920225908930466,seasonal_hour_IQR,E03801
RH2M,2018-02-08 09:00:00+07:00,2018-02-08 09:00:00+07:00,1,1,2.191112038389317,seasonal_hour_IQR,E03802
RH2M,2012-06-14 19:00:00+07:00,2012-06-14 19:00:00+07:00,1,1,2.190839694656484,seasonal_hour_IQR,E03803
T2M,2001-04-21 16:00:00+07:00,2001-04-21 18:00:00+07:00,3,1,2.19047619047619,seasonal_hour_IQR,E03804
T2M,2002-10-23 13:00:00+07:00,2002-10-23 16:00:00+07:00,4,1,2.19047619047619,seasonal_hour_IQR,E03805
RH2M,2018-11-03 01:00:00+07:00,2018-11-03 03:00:00+07:00,3,1,2.1901726427622865,seasonal_hour_IQR,E03806
T2M,2020-09-18 09:00:00+07:00,2020-09-18 10:00:00+07:00,2,1,2.1901639344262307,seasonal_hour_IQR,E03807
ALLSKY_SFC_SW_DWN,2015-03-30 06:00:00+07:00,2015-03-30 06:00:00+07:00,1,1,2.189915966386555,seasonal_hour_IQR,E03808
RH2M,2025-09-07 19:00:00+07:00,2025-09-07 19:00:00+07:00,1,1,2.189853719265483,seasonal_hour_IQR,E03809
RH2M,2006-11-05 03:00:00+07:00,2006-11-05 04:00:00+07:00,2,1,2.1895332390381856,seasonal_hour_IQR,E03810
ALLSKY_SFC_SW_DWN,2005-06-16 15:00:00+07:00,2005-06-16 15:00:00+07:00,1,1,2.1892673521850905,seasonal_hour_IQR,E03811
WS2M,2009-07-17 17:00:00+07:00,2009-07-17 18:00:00+07:00,2,1,2.189189189189189,seasonal_hour_IQR,E03812
RH2M,2001-06-22 23:00:00+07:00,2001-06-22 23:00:00+07:00,1,1,2.188704318936879,seasonal_hour_IQR,E03813
WS2M,2005-02-13 13:00:00+07:00,2005-02-13 16:00:00+07:00,4,1,2.188197767145135,seasonal_hour_IQR,E03814
WS2M,2024-01-20 14:00:00+07:00,2024-01-20 15:00:00+07:00,2,1,2.188034188034188,seasonal_hour_IQR,E03815
T2M,2006-09-22 04:00:00+07:00,2006-09-22 05:00:00+07:00,2,1,2.187830687830688,seasonal_hour_IQR,E03816
T2M,2015-06-30 07:00:00+07:00,2015-06-30 07:00:00+07:00,1,1,2.187499999999996,seasonal_hour_IQR,E03817
ALLSKY_SFC_SW_DWN,2008-03-23 11:00:00+07:00,2008-03-23 11:00:00+07:00,1,1,2.186724798917537,seasonal_hour_IQR,E03818
ALLSKY_SFC_SW_DWN,2004-12-01 06:00:00+07:00,2004-12-01 06:00:00+07:00,1,1,2.1864801864801864,seasonal_hour_IQR,E03819
ALLSKY_SFC_SW_DWN,2016-12-02 06:00:00+07:00,2016-12-02 06:00:00+07:00,1,1,2.1864801864801864,seasonal_hour_IQR,E03820
T2M,2012-05-03 14:00:00+07:00,2012-05-03 15:00:00+07:00,2,1,2.186234817813766,seasonal_hour_IQR,E03821
WS2M,2005-11-02 21:00:00+07:00,2005-11-02 22:00:00+07:00,2,1,2.1860465116279064,seasonal_hour_IQR,E03822
WS2M,2021-11-05 22:00:00+07:00,2021-11-05 22:00:00+07:00,1,1,2.1860465116279064,seasonal_hour_IQR,E03823
ALLSKY_SFC_SW_DWN,2023-03-23 06:00:00+07:00,2023-03-23 07:00:00+07:00,2,1,2.185714285714286,seasonal_hour_IQR,E03824
WS2M,2021-02-09 11:00:00+07:00,2021-02-09 12:00:00+07:00,2,1,2.185303514376997,seasonal_hour_IQR,E03825
RH2M,2008-02-07 09:00:00+07:00,2008-02-07 09:00:00+07:00,1,1,2.18527018568746,seasonal_hour_IQR,E03826
WS2M,2025-10-22 05:00:00+07:00,2025-10-22 05:00:00+07:00,1,1,2.185185185185185,seasonal_hour_IQR,E03827
T2M,2025-08-03 21:00:00+07:00,2025-08-03 23:00:00+07:00,3,1,2.1847389558232906,seasonal_hour_IQR,E03828
WS2M,2020-08-09 19:00:00+07:00,2020-08-09 20:00:00+07:00,2,1,2.1846153846153853,seasonal_hour_IQR,E03829
T2M,2007-05-07 22:00:00+07:00,2007-05-07 23:00:00+07:00,2,1,2.1832669322709153,seasonal_hour_IQR,E03830
RH2M,2004-12-06 00:00:00+07:00,2004-12-06 01:00:00+07:00,2,1,2.1829181494661927,seasonal_hour_IQR,E03831
ALLSKY_SFC_SW_DWN,2013-03-06 11:00:00+07:00,2013-03-06 11:00:00+07:00,1,1,2.1827156781678316,seasonal_hour_IQR,E03832
ALLSKY_SFC_SW_DWN,2024-09-07 12:00:00+07:00,2024-09-07 12:00:00+07:00,1,1,2.1825713971477803,seasonal_hour_IQR,E03833
WS2M,2024-02-17 16:00:00+07:00,2024-02-17 16:00:00+07:00,1,1,2.182103610675039,seasonal_hour_IQR,E03834
RH2M,2018-07-04 00:00:00+07:00,2018-07-04 01:00:00+07:00,2,1,2.182058047493399,seasonal_hour_IQR,E03835
ALLSKY_SFC_SW_DWN,2012-03-05 16:00:00+07:00,2012-03-05 16:00:00+07:00,1,1,2.1818322142471245,seasonal_hour_IQR,E03836
WS2M,2001-05-09 10:00:00+07:00,2001-05-09 11:00:00+07:00,2,1,2.1811846689895473,seasonal_hour_IQR,E03837
ALLSKY_SFC_SW_DWN,2025-09-29 12:00:00+07:00,2025-09-29 13:00:00+07:00,2,1,2.1811782820691428,seasonal_hour_IQR,E03838
WS2M,2020-03-17 03:00:00+07:00,2020-03-17 04:00:00+07:00,2,1,2.1807228915662655,seasonal_hour_IQR,E03839
RH2M,2017-06-02 11:00:00+07:00,2017-06-02 14:00:00+07:00,4,1,2.1800051137816436,seasonal_hour_IQR,E03840
RH2M,2021-12-04 20:00:00+07:00,2021-12-04 20:00:00+07:00,1,1,2.179906542056074,seasonal_hour_IQR,E03841
PS,2024-09-06 19:00:00+07:00,2024-09-06 23:00:00+07:00,5,1,2.1794871794871984,seasonal_hour_IQR,E03842
T2M,2013-05-16 17:00:00+07:00,2013-05-16 17:00:00+07:00,1,1,2.179261862917401,seasonal_hour_IQR,E03843
PS,2001-01-24 16:00:00+07:00,2001-01-25 16:00:00+07:00,25,1,2.1791044776119253,seasonal_hour_IQR,E03844
ALLSKY_SFC_SW_DWN,2016-02-13 08:00:00+07:00,2016-02-13 08:00:00+07:00,1,1,2.1790436868827765,seasonal_hour_IQR,E03845
ALLSKY_SFC_SW_DWN,2003-03-31 06:00:00+07:00,2003-03-31 06:00:00+07:00,1,1,2.178991596638656,seasonal_hour_IQR,E03846
ALLSKY_SFC_SW_DWN,2005-03-05 11:00:00+07:00,2005-03-05 11:00:00+07:00,1,1,2.1789571274649826,seasonal_hour_IQR,E03847
ALLSKY_SFC_SW_DWN,2019-03-11 16:00:00+07:00,2019-03-11 16:00:00+07:00,1,1,2.1787450798796004,seasonal_hour_IQR,E03848
WS2M,2024-06-25 18:00:00+07:00,2024-06-25 18:00:00+07:00,1,1,2.178571428571429,seasonal_hour_IQR,E03849
RH2M,2025-09-29 12:00:00+07:00,2025-09-29 13:00:00+07:00,2,1,2.1782547830144665,seasonal_hour_IQR,E03850
T2M,2010-10-31 23:00:00+07:00,2010-10-31 23:00:00+07:00,1,1,2.177924217462933,seasonal_hour_IQR,E03851
ALLSKY_SFC_SW_DWN,2023-09-28 12:00:00+07:00,2023-09-28 12:00:00+07:00,1,1,2.1777688162187925,seasonal_hour_IQR,E03852
T2M,2008-02-01 15:00:00+07:00,2008-02-01 16:00:00+07:00,2,1,2.1776291341508736,seasonal_hour_IQR,E03853
T2M,2022-02-20 15:00:00+07:00,2022-02-20 16:00:00+07:00,2,1,2.1776291341508736,seasonal_hour_IQR,E03854
WS2M,2012-03-21 12:00:00+07:00,2012-03-21 14:00:00+07:00,3,1,2.176870748299319,seasonal_hour_IQR,E03855
T2M,2023-06-10 18:00:00+07:00,2023-06-10 18:00:00+07:00,1,1,2.1767304860088394,seasonal_hour_IQR,E03856
T2M,2024-06-14 17:00:00+07:00,2024-06-14 18:00:00+07:00,2,1,2.1767304860088394,seasonal_hour_IQR,E03857
T2M,2022-05-17 04:00:00+07:00,2022-05-17 05:00:00+07:00,2,1,2.1764705882352917,seasonal_hour_IQR,E03858
RH2M,2012-09-06 12:00:00+07:00,2012-09-06 13:00:00+07:00,2,1,2.1763882407839477,seasonal_hour_IQR,E03859
T2M,2011-03-15 16:00:00+07:00,2011-03-15 17:00:00+07:00,2,1,2.176033934252386,seasonal_hour_IQR,E03860
WS2M,2015-07-28 18:00:00+07:00,2015-07-28 18:00:00+07:00,1,1,2.175675675675676,seasonal_hour_IQR,E03861
ALLSKY_SFC_SW_DWN,2023-02-26 17:00:00+07:00,2023-02-26 17:00:00+07:00,1,1,2.1756364257645653,seasonal_hour_IQR,E03862
RH2M,2018-09-17 04:00:00+07:00,2018-09-17 05:00:00+07:00,2,1,2.17559523809523,seasonal_hour_IQR,E03863
T2M,2006-03-01 04:00:00+07:00,2006-03-01 05:00:00+07:00,2,1,2.1754010695187165,seasonal_hour_IQR,E03864
RH2M,2024-08-18 18:00:00+07:00,2024-08-18 19:00:00+07:00,2,1,2.174964438122329,seasonal_hour_IQR,E03865
ALLSKY_SFC_SW_DWN,2010-02-09 08:00:00+07:00,2010-02-09 08:00:00+07:00,1,1,2.174580148412655,seasonal_hour_IQR,E03866
T2M,2012-05-01 15:00:00+07:00,2012-05-01 17:00:00+07:00,3,1,2.174285714285714,seasonal_hour_IQR,E03867
RH2M,2019-03-10 23:00:00+07:00,2019-03-10 23:00:00+07:00,1,1,2.1736526946107824,seasonal_hour_IQR,E03868
RH2M,2004-06-21 06:00:00+07:00,2004-06-21 06:00:00+07:00,1,1,2.1732026143790852,seasonal_hour_IQR,E03869
RH2M,2012-12-30 03:00:00+07:00,2012-12-30 06:00:00+07:00,4,1,2.173171825930911,seasonal_hour_IQR,E03870
RH2M,2002-10-07 12:00:00+07:00,2002-10-07 14:00:00+07:00,3,1,2.1731083287969537,seasonal_hour_IQR,E03871
RH2M,2008-06-25 19:00:00+07:00,2008-06-25 19:00:00+07:00,1,1,2.17251908396946,seasonal_hour_IQR,E03872
WS2M,2025-11-27 05:00:00+07:00,2025-11-27 05:00:00+07:00,1,1,2.172284644194756,seasonal_hour_IQR,E03873
T2M,2020-04-06 09:00:00+07:00,2020-04-06 10:00:00+07:00,2,1,2.171899125064334,seasonal_hour_IQR,E03874
T2M,2004-06-24 07:00:00+07:00,2004-06-24 07:00:00+07:00,1,1,2.171874999999996,seasonal_hour_IQR,E03875
WS2M,2023-12-16 16:00:00+07:00,2023-12-16 16:00:00+07:00,1,1,2.171779141104295,seasonal_hour_IQR,E03876
RH2M,2005-05-19 18:00:00+07:00,2005-05-19 18:00:00+07:00,1,1,2.170975813177649,seasonal_hour_IQR,E03877
WS2M,2025-09-12 18:00:00+07:00,2025-09-12 19:00:00+07:00,2,1,2.170854271356784,seasonal_hour_IQR,E03878
T2M,2013-05-01 08:00:00+07:00,2013-05-01 09:00:00+07:00,2,1,2.170283806343906,seasonal_hour_IQR,E03879
WS2M,2023-05-03 07:00:00+07:00,2023-05-03 08:00:00+07:00,2,1,2.1700000000000004,seasonal_hour_IQR,E03880
ALLSKY_SFC_SW_DWN,2001-06-20 15:00:00+07:00,2001-06-20 15:00:00+07:00,1,1,2.1699871465295635,seasonal_hour_IQR,E03881
WS2M,2017-07-20 00:00:00+07:00,2017-07-20 01:00:00+07:00,2,1,2.1698113207547167,seasonal_hour_IQR,E03882
ALLSKY_SFC_SW_DWN,2018-01-19 08:00:00+07:00,2018-01-19 08:00:00+07:00,1,1,2.1696801112656474,seasonal_hour_IQR,E03883
RH2M,2003-08-05 00:00:00+07:00,2003-08-05 00:00:00+07:00,1,1,2.1692865779927493,seasonal_hour_IQR,E03884
RH2M,2024-03-05 12:00:00+07:00,2024-03-05 14:00:00+07:00,3,1,2.1683207622072267,seasonal_hour_IQR,E03885
ALLSKY_SFC_SW_DWN,2006-07-17 10:00:00+07:00,2006-07-17 11:00:00+07:00,2,1,2.168176946311995,seasonal_hour_IQR,E03886
T2M,2008-06-06 06:00:00+07:00,2008-06-06 06:00:00+07:00,1,1,2.167064439140805,seasonal_hour_IQR,E03887
WS2M,2007-12-23 22:00:00+07:00,2007-12-23 22:00:00+07:00,1,1,2.1666666666666674,seasonal_hour_IQR,E03888
ALLSKY_SFC_SW_DWN,2021-05-31 18:00:00+07:00,2021-05-31 18:00:00+07:00,1,1,2.166666666666667,seasonal_hour_IQR,E03889
WS2M,2023-05-12 00:00:00+07:00,2023-05-12 01:00:00+07:00,2,1,2.166666666666666,seasonal_hour_IQR,E03890
T2M,2002-05-21 17:00:00+07:00,2002-05-21 19:00:00+07:00,3,1,2.1652021089630953,seasonal_hour_IQR,E03891
RH2M,2012-07-16 05:00:00+07:00,2012-07-16 05:00:00+07:00,1,1,2.1651651651651553,seasonal_hour_IQR,E03892
ALLSKY_SFC_SW_DWN,2003-03-31 11:00:00+07:00,2003-03-31 11:00:00+07:00,1,1,2.165075546869127,seasonal_hour_IQR,E03893
WS2M,2005-12-21 12:00:00+07:00,2005-12-21 13:00:00+07:00,2,1,2.1647940074906367,seasonal_hour_IQR,E03894
ALLSKY_SFC_SW_DWN,2005-03-29 06:00:00+07:00,2005-03-29 06:00:00+07:00,1,1,2.1647058823529415,seasonal_hour_IQR,E03895
RH2M,2018-08-11 00:00:00+07:00,2018-08-11 00:00:00+07:00,1,1,2.164449818621529,seasonal_hour_IQR,E03896
T2M,2025-04-01 02:00:00+07:00,2025-04-01 02:00:00+07:00,1,1,2.1643286573146296,seasonal_hour_IQR,E03897
RH2M,2014-06-09 18:00:00+07:00,2014-06-09 18:00:00+07:00,1,1,2.1637772039837677,seasonal_hour_IQR,E03898
RH2M,2003-08-05 17:00:00+07:00,2003-08-05 18:00:00+07:00,2,1,2.163584637268844,seasonal_hour_IQR,E03899
ALLSKY_SFC_SW_DWN,2019-12-08 06:00:00+07:00,2019-12-08 06:00:00+07:00,1,1,2.163170163170163,seasonal_hour_IQR,E03900
T2M,2025-04-01 00:00:00+07:00,2025-04-01 00:00:00+07:00,1,1,2.1627906976744202,seasonal_hour_IQR,E03901
T2M,2017-06-17 12:00:00+07:00,2017-06-17 13:00:00+07:00,2,1,2.1626898047722296,seasonal_hour_IQR,E03902
RH2M,2005-12-23 06:00:00+07:00,2005-12-23 06:00:00+07:00,1,1,2.162404665769405,seasonal_hour_IQR,E03903
PS,2024-07-25 02:00:00+07:00,2024-07-25 11:00:00+07:00,10,1,2.162162162162128,seasonal_hour_IQR,E03904
T2M,2025-04-01 21:00:00+07:00,2025-04-01 23:00:00+07:00,3,1,2.1607012417823235,seasonal_hour_IQR,E03905
RH2M,2008-03-29 18:00:00+07:00,2008-03-29 18:00:00+07:00,1,1,2.1606837606837637,seasonal_hour_IQR,E03906
WS2M,2006-10-02 05:00:00+07:00,2006-10-02 05:00:00+07:00,1,1,2.1604938271604937,seasonal_hour_IQR,E03907
RH2M,2022-09-26 20:00:00+07:00,2022-09-26 21:00:00+07:00,2,1,2.16008244589488,seasonal_hour_IQR,E03908
RH2M,2009-06-04 21:00:00+07:00,2009-06-04 21:00:00+07:00,1,1,2.1600790513833994,seasonal_hour_IQR,E03909
RH2M,2006-12-22 23:00:00+07:00,2006-12-23 01:00:00+07:00,3,1,2.159430604982207,seasonal_hour_IQR,E03910
ALLSKY_SFC_SW_DWN,2024-06-21 15:00:00+07:00,2024-06-21 15:00:00+07:00,1,1,2.158740359897173,seasonal_hour_IQR,E03911
T2M,2005-12-06 14:00:00+07:00,2005-12-06 16:00:00+07:00,3,1,2.1582417582417577,seasonal_hour_IQR,E03912
WS2M,2019-07-03 05:00:00+07:00,2019-07-03 05:00:00+07:00,1,1,2.1578947368421053,seasonal_hour_IQR,E03913
ALLSKY_SFC_SW_DWN,2014-07-05 13:00:00+07:00,2014-07-05 13:00:00+07:00,1,1,2.1575003270355624,seasonal_hour_IQR,E03914
RH2M,2019-08-23 22:00:00+07:00,2019-08-23 22:00:00+07:00,1,1,2.1574468085106373,seasonal_hour_IQR,E03915
WS2M,2009-05-15 14:00:00+07:00,2009-05-15 16:00:00+07:00,3,1,2.157303370786517,seasonal_hour_IQR,E03916
ALLSKY_SFC_SW_DWN,2016-02-13 16:00:00+07:00,2016-02-13 16:00:00+07:00,1,1,2.1571019178484825,seasonal_hour_IQR,E03917
ALLSKY_SFC_SW_DWN,2003-06-11 17:00:00+07:00,2003-06-11 17:00:00+07:00,1,1,2.156335955990532,seasonal_hour_IQR,E03918
T2M,2002-09-18 08:00:00+07:00,2002-09-18 09:00:00+07:00,2,1,2.1559633027522915,seasonal_hour_IQR,E03919
ALLSKY_SFC_SW_DWN,2004-03-09 16:00:00+07:00,2004-03-09 16:00:00+07:00,1,1,2.1559002855599285,seasonal_hour_IQR,E03920
ALLSKY_SFC_SW_DWN,2020-01-26 08:00:00+07:00,2020-01-26 08:00:00+07:00,1,1,2.155519028954356,seasonal_hour_IQR,E03921
T2M,2018-05-07 18:00:00+07:00,2018-05-07 18:00:00+07:00,1,1,2.1553784860557754,seasonal_hour_IQR,E03922
WS2M,2007-04-29 05:00:00+07:00,2007-04-29 05:00:00+07:00,1,1,2.154981549815498,seasonal_hour_IQR,E03923
WS2M,2011-07-06 19:00:00+07:00,2011-07-06 19:00:00+07:00,1,1,2.1547619047619047,seasonal_hour_IQR,E03924
ALLSKY_SFC_SW_DWN,2024-06-21 17:00:00+07:00,2024-06-21 17:00:00+07:00,1,1,2.1545448730250105,seasonal_hour_IQR,E03925
WS2M,2015-09-07 17:00:00+07:00,2015-09-07 17:00:00+07:00,1,1,2.1538461538461537,seasonal_hour_IQR,E03926
WS2M,2007-05-17 00:00:00+07:00,2007-05-17 01:00:00+07:00,2,1,2.1538461538461533,seasonal_hour_IQR,E03927
RH2M,2001-10-24 12:00:00+07:00,2001-10-24 15:00:00+07:00,4,1,2.153686396677048,seasonal_hour_IQR,E03928
ALLSKY_SFC_SW_DWN,2002-06-08 12:00:00+07:00,2002-06-08 13:00:00+07:00,2,1,2.1516504942414065,seasonal_hour_IQR,E03929
ALLSKY_SFC_SW_DWN,2009-01-30 08:00:00+07:00,2009-01-30 08:00:00+07:00,1,1,2.151599443671767,seasonal_hour_IQR,E03930
T2M,2017-11-24 15:00:00+07:00,2017-11-24 16:00:00+07:00,2,1,2.151315789473683,seasonal_hour_IQR,E03931
RH2M,2007-09-30 20:00:00+07:00,2007-09-30 22:00:00+07:00,3,1,2.150463758158708,seasonal_hour_IQR,E03932
ALLSKY_SFC_SW_DWN,2010-03-06 10:00:00+07:00,2010-03-06 11:00:00+07:00,2,1,2.15039214212333,seasonal_hour_IQR,E03933
RH2M,2002-07-18 05:00:00+07:00,2002-07-18 05:00:00+07:00,1,1,2.150150150150141,seasonal_hour_IQR,E03934
T2M,2002-12-06 08:00:00+07:00,2002-12-06 08:00:00+07:00,1,1,2.150101419878294,seasonal_hour_IQR,E03935
WS2M,2020-06-16 17:00:00+07:00,2020-06-16 18:00:00+07:00,2,1,2.1500000000000004,seasonal_hour_IQR,E03936
T2M,2005-03-05 04:00:00+07:00,2005-03-05 05:00:00+07:00,2,1,2.1497326203208553,seasonal_hour_IQR,E03937
WS2M,2019-02-17 21:00:00+07:00,2019-02-17 21:00:00+07:00,1,1,2.1494252873563218,seasonal_hour_IQR,E03938
T2M,2004-12-31 19:00:00+07:00,2004-12-31 23:00:00+07:00,5,1,2.1493868450390194,seasonal_hour_IQR,E03939
T2M,2021-07-27 18:00:00+07:00,2021-07-27 19:00:00+07:00,2,1,2.149350649350647,seasonal_hour_IQR,E03940
ALLSKY_SFC_SW_DWN,2012-02-06 16:00:00+07:00,2012-02-06 16:00:00+07:00,1,1,2.1490190315232565,seasonal_hour_IQR,E03941
ALLSKY_SFC_SW_DWN,2015-06-05 10:00:00+07:00,2015-06-05 11:00:00+07:00,2,1,2.148424209646491,seasonal_hour_IQR,E03942
ALLSKY_SFC_SW_DWN,2016-02-09 16:00:00+07:00,2016-02-09 16:00:00+07:00,1,1,2.148284223675509,seasonal_hour_IQR,E03943
WS2M,2009-10-01 05:00:00+07:00,2009-10-01 05:00:00+07:00,1,1,2.148148148148148,seasonal_hour_IQR,E03944
WS2M,2015-06-17 19:00:00+07:00,2015-06-17 19:00:00+07:00,1,1,2.147909967845659,seasonal_hour_IQR,E03945
WS2M,2012-04-25 20:00:00+07:00,2012-04-25 20:00:00+07:00,1,1,2.147826086956522,seasonal_hour_IQR,E03946
WS2M,2013-03-29 05:00:00+07:00,2013-03-29 05:00:00+07:00,1,1,2.147239263803681,seasonal_hour_IQR,E03947
PS,2020-08-02 09:00:00+07:00,2020-08-02 14:00:00+07:00,6,1,2.1463414634146756,seasonal_hour_IQR,E03948
T2M,2010-07-06 10:00:00+07:00,2010-07-06 13:00:00+07:00,4,1,2.146017699115047,seasonal_hour_IQR,E03949
RH2M,2019-10-03 13:00:00+07:00,2019-10-03 14:00:00+07:00,2,1,2.1458900381056107,seasonal_hour_IQR,E03950
WS2M,2006-08-18 18:00:00+07:00,2006-08-18 18:00:00+07:00,1,1,2.145454545454545,seasonal_hour_IQR,E03951
WS2M,2024-06-26 03:00:00+07:00,2024-06-26 03:00:00+07:00,1,1,2.145161290322581,seasonal_hour_IQR,E03952
RH2M,2006-08-09 18:00:00+07:00,2006-08-09 18:00:00+07:00,1,1,2.1450924608819295,seasonal_hour_IQR,E03953
ALLSKY_SFC_SW_DWN,2025-03-21 11:00:00+07:00,2025-03-21 11:00:00+07:00,1,1,2.144228118970658,seasonal_hour_IQR,E03954
RH2M,2018-10-23 12:00:00+07:00,2018-10-23 14:00:00+07:00,3,1,2.1437125748503036,seasonal_hour_IQR,E03955
RH2M,2007-03-14 13:00:00+07:00,2007-03-14 13:00:00+07:00,1,1,2.143707820563717,seasonal_hour_IQR,E03956
ALLSKY_SFC_SW_DWN,2019-07-14 10:00:00+07:00,2019-07-14 10:00:00+07:00,1,1,2.1430380980220214,seasonal_hour_IQR,E03957
PS,2024-07-25 13:00:00+07:00,2024-07-25 22:00:00+07:00,10,1,2.142857142857178,seasonal_hour_IQR,E03958
WS2M,2021-06-04 10:00:00+07:00,2021-06-04 11:00:00+07:00,2,1,2.1428571428571432,seasonal_hour_IQR,E03959
WS2M,2006-04-28 13:00:00+07:00,2006-04-28 13:00:00+07:00,1,1,2.1426307448494453,seasonal_hour_IQR,E03960
RH2M,2015-08-31 22:00:00+07:00,2015-08-31 22:00:00+07:00,1,1,2.142553191489359,seasonal_hour_IQR,E03961
T2M,2020-10-18 12:00:00+07:00,2020-10-18 15:00:00+07:00,4,1,2.142424242424242,seasonal_hour_IQR,E03962
ALLSKY_SFC_SW_DWN,2013-06-13 05:00:00+07:00,2013-06-13 06:00:00+07:00,2,1,2.142049399861125,seasonal_hour_IQR,E03963
RH2M,2004-10-05 07:00:00+07:00,2004-10-05 07:00:00+07:00,1,1,2.1414944356120804,seasonal_hour_IQR,E03964
PS,2020-08-02 16:00:00+07:00,2020-08-02 21:00:00+07:00,6,1,2.14117647058817,seasonal_hour_IQR,E03965
ALLSKY_SFC_SW_DWN,2025-03-22 07:00:00+07:00,2025-03-22 07:00:00+07:00,1,1,2.1406771096513393,seasonal_hour_IQR,E03966
WS2M,2015-07-11 05:00:00+07:00,2015-07-11 05:00:00+07:00,1,1,2.140350877192983,seasonal_hour_IQR,E03967
WS2M,2014-12-21 17:00:00+07:00,2014-12-21 17:00:00+07:00,1,1,2.1399999999999992,seasonal_hour_IQR,E03968
WS2M,2022-11-23 06:00:00+07:00,2022-11-23 06:00:00+07:00,1,1,2.1393728222996518,seasonal_hour_IQR,E03969
WS2M,2013-03-16 23:00:00+07:00,2013-03-16 23:00:00+07:00,1,1,2.138888888888889,seasonal_hour_IQR,E03970
T2M,2007-04-22 15:00:00+07:00,2007-04-22 17:00:00+07:00,3,1,2.138634046890928,seasonal_hour_IQR,E03971
ALLSKY_SFC_SW_DWN,2009-02-10 08:00:00+07:00,2009-02-10 08:00:00+07:00,1,1,2.138537075266418,seasonal_hour_IQR,E03972
T2M,2009-04-06 20:00:00+07:00,2009-04-06 22:00:00+07:00,3,1,2.1379310344827593,seasonal_hour_IQR,E03973
ALLSKY_SFC_SW_DWN,2009-03-27 13:00:00+07:00,2009-03-27 14:00:00+07:00,2,1,2.137308854707023,seasonal_hour_IQR,E03974
ALLSKY_SFC_SW_DWN,2022-02-25 07:00:00+07:00,2022-02-25 07:00:00+07:00,1,1,2.1364638733947334,seasonal_hour_IQR,E03975
T2M,2009-11-20 17:00:00+07:00,2009-11-21 00:00:00+07:00,8,1,2.1360089186176148,seasonal_hour_IQR,E03976
T2M,2008-09-23 18:00:00+07:00,2008-09-23 18:00:00+07:00,1,1,2.1359999999999975,seasonal_hour_IQR,E03977
WS2M,2010-05-04 00:00:00+07:00,2010-05-04 02:00:00+07:00,3,1,2.135135135135135,seasonal_hour_IQR,E03978
WS2M,2018-04-27 03:00:00+07:00,2018-04-27 03:00:00+07:00,1,1,2.135135135135135,seasonal_hour_IQR,E03979
ALLSKY_SFC_SW_DWN,2023-06-06 15:00:00+07:00,2023-06-06 15:00:00+07:00,1,1,2.1348971722365047,seasonal_hour_IQR,E03980
WS2M,2004-08-29 00:00:00+07:00,2004-08-29 00:00:00+07:00,1,1,2.1348314606741576,seasonal_hour_IQR,E03981
ALLSKY_SFC_SW_DWN,2017-09-16 12:00:00+07:00,2017-09-16 12:00:00+07:00,1,1,2.1346922315503907,seasonal_hour_IQR,E03982
RH2M,2010-06-19 12:00:00+07:00,2010-06-19 14:00:00+07:00,3,1,2.134194831013916,seasonal_hour_IQR,E03983
T2M,2019-07-19 18:00:00+07:00,2019-07-19 19:00:00+07:00,2,1,2.134078212290504,seasonal_hour_IQR,E03984
RH2M,2004-08-12 18:00:00+07:00,2004-08-12 18:00:00+07:00,1,1,2.133712660028445,seasonal_hour_IQR,E03985
RH2M,2016-07-27 01:00:00+07:00,2016-07-27 01:00:00+07:00,1,1,2.133507853403135,seasonal_hour_IQR,E03986
ALLSKY_SFC_SW_DWN,2018-03-22 11:00:00+07:00,2018-03-22 11:00:00+07:00,1,1,2.132601668796512,seasonal_hour_IQR,E03987
T2M,2008-06-28 13:00:00+07:00,2008-06-28 14:00:00+07:00,2,1,2.1323210412147455,seasonal_hour_IQR,E03988
RH2M,2012-09-14 06:00:00+07:00,2012-09-14 06:00:00+07:00,1,1,2.132311977715876,seasonal_hour_IQR,E03989
WS2M,2005-05-04 18:00:00+07:00,2005-05-04 18:00:00+07:00,1,1,2.132231404958678,seasonal_hour_IQR,E03990
ALLSKY_SFC_SW_DWN,2011-03-31 11:00:00+07:00,2011-03-31 11:00:00+07:00,1,1,2.1316996166278277,seasonal_hour_IQR,E03991
WS2M,2006-04-08 23:00:00+07:00,2006-04-09 00:00:00+07:00,2,1,2.131661442006269,seasonal_hour_IQR,E03992
T2M,2005-05-12 14:00:00+07:00,2005-05-12 17:00:00+07:00,4,1,2.1314285714285717,seasonal_hour_IQR,E03993
T2M,2006-09-14 02:00:00+07:00,2006-09-14 04:00:00+07:00,3,1,2.131054131054127,seasonal_hour_IQR,E03994
T2M,2018-04-07 08:00:00+07:00,2018-04-07 08:00:00+07:00,1,1,2.1309255079006775,seasonal_hour_IQR,E03995
ALLSKY_SFC_SW_DWN,2005-04-28 17:00:00+07:00,2005-04-28 17:00:00+07:00,1,1,2.130831643002029,seasonal_hour_IQR,E03996
T2M,2012-09-29 02:00:00+07:00,2012-09-29 06:00:00+07:00,5,1,2.130769230769232,seasonal_hour_IQR,E03997
T2M,2020-09-18 06:00:00+07:00,2020-09-18 07:00:00+07:00,2,1,2.130592503022971,seasonal_hour_IQR,E03998
WS2M,2006-08-07 11:00:00+07:00,2006-08-07 11:00:00+07:00,1,1,2.1300813008130084,seasonal_hour_IQR,E03999
T2M,2001-07-05 19:00:00+07:00,2001-07-05 19:00:00+07:00,1,1,2.129870129870127,seasonal_hour_IQR,E04000
ALLSKY_SFC_SW_DWN,2025-01-01 08:00:00+07:00,2025-01-01 08:00:00+07:00,1,1,2.129852067265142,seasonal_hour_IQR,E04001
T2M,2002-12-06 11:00:00+07:00,2002-12-06 16:00:00+07:00,6,1,2.1296703296703297,seasonal_hour_IQR,E04002
RH2M,2018-08-30 12:00:00+07:00,2018-08-30 13:00:00+07:00,2,1,2.12962962962963,seasonal_hour_IQR,E04003
WS2M,2008-07-20 00:00:00+07:00,2008-07-20 01:00:00+07:00,2,1,2.1296296296296298,seasonal_hour_IQR,E04004
WS2M,2016-11-12 07:00:00+07:00,2016-11-12 07:00:00+07:00,1,1,2.12883435582822,seasonal_hour_IQR,E04005
RH2M,2009-11-06 03:00:00+07:00,2009-11-06 03:00:00+07:00,1,1,2.128712871287126,seasonal_hour_IQR,E04006
ALLSKY_SFC_SW_DWN,2013-12-03 06:00:00+07:00,2013-12-03 06:00:00+07:00,1,1,2.1282051282051277,seasonal_hour_IQR,E04007
ALLSKY_SFC_SW_DWN,2005-01-25 16:00:00+07:00,2005-01-25 16:00:00+07:00,1,1,2.12805208898535,seasonal_hour_IQR,E04008
WS2M,2009-03-20 21:00:00+07:00,2009-03-20 21:00:00+07:00,1,1,2.127906976744186,seasonal_hour_IQR,E04009
ALLSKY_SFC_SW_DWN,2023-03-23 11:00:00+07:00,2023-03-23 11:00:00+07:00,1,1,2.1274900398406373,seasonal_hour_IQR,E04010
RH2M,2003-10-24 02:00:00+07:00,2003-10-24 02:00:00+07:00,1,1,2.1266294227188065,seasonal_hour_IQR,E04011
RH2M,2010-02-24 14:00:00+07:00,2010-02-24 14:00:00+07:00,1,1,2.126243305279264,seasonal_hour_IQR,E04012
T2M,2025-08-03 06:00:00+07:00,2025-08-03 06:00:00+07:00,1,1,2.1261261261261266,seasonal_hour_IQR,E04013
RH2M,2001-12-23 23:00:00+07:00,2001-12-24 00:00:00+07:00,2,1,2.125266903914591,seasonal_hour_IQR,E04014
WS2M,2002-05-20 04:00:00+07:00,2002-05-20 04:00:00+07:00,1,1,2.125,seasonal_hour_IQR,E04015
WS2M,2020-06-16 00:00:00+07:00,2020-06-16 01:00:00+07:00,2,1,2.125,seasonal_hour_IQR,E04016
T2M,2011-06-23 07:00:00+07:00,2011-06-23 07:00:00+07:00,1,1,2.1249999999999973,seasonal_hour_IQR,E04017
T2M,2012-06-12 07:00:00+07:00,2012-06-12 07:00:00+07:00,1,1,2.1249999999999973,seasonal_hour_IQR,E04018
ALLSKY_SFC_SW_DWN,2008-03-01 07:00:00+07:00,2008-03-01 07:00:00+07:00,1,1,2.1249115715007583,seasonal_hour_IQR,E04019
ALLSKY_SFC_SW_DWN,2005-03-27 06:00:00+07:00,2005-03-27 06:00:00+07:00,1,1,2.1243697478991597,seasonal_hour_IQR,E04020
RH2M,2008-07-30 01:00:00+07:00,2008-07-30 01:00:00+07:00,1,1,2.1230366492146553,seasonal_hour_IQR,E04021
RH2M,2007-03-31 14:00:00+07:00,2007-03-31 14:00:00+07:00,1,1,2.1228482003129887,seasonal_hour_IQR,E04022
WS2M,2010-07-12 05:00:00+07:00,2010-07-12 05:00:00+07:00,1,1,2.1228070175438596,seasonal_hour_IQR,E04023
ALLSKY_SFC_SW_DWN,2013-03-25 06:00:00+07:00,2013-03-25 06:00:00+07:00,1,1,2.1226890756302526,seasonal_hour_IQR,E04024
RH2M,2002-11-04 12:00:00+07:00,2002-11-04 14:00:00+07:00,3,1,2.1226452905811612,seasonal_hour_IQR,E04025
T2M,2025-10-22 19:00:00+07:00,2025-10-22 19:00:00+07:00,1,1,2.1225225225225213,seasonal_hour_IQR,E04026
RH2M,2006-01-19 16:00:00+07:00,2006-01-19 16:00:00+07:00,1,1,2.1225194132873155,seasonal_hour_IQR,E04027
T2M,2018-04-08 22:00:00+07:00,2018-04-08 23:00:00+07:00,2,1,2.1224489795918378,seasonal_hour_IQR,E04028
ALLSKY_SFC_SW_DWN,2008-02-23 07:00:00+07:00,2008-02-23 08:00:00+07:00,2,1,2.1221948372032693,seasonal_hour_IQR,E04029
WS2M,2023-06-29 19:00:00+07:00,2023-06-29 19:00:00+07:00,1,1,2.1221864951768485,seasonal_hour_IQR,E04030
ALLSKY_SFC_SW_DWN,2003-03-05 16:00:00+07:00,2003-03-05 16:00:00+07:00,1,1,2.122096164235548,seasonal_hour_IQR,E04031
ALLSKY_SFC_SW_DWN,2011-06-06 17:00:00+07:00,2011-06-06 17:00:00+07:00,1,1,2.1217936416554717,seasonal_hour_IQR,E04032
RH2M,2006-07-26 12:00:00+07:00,2006-07-26 15:00:00+07:00,4,1,2.1216475095785445,seasonal_hour_IQR,E04033
WS2M,2020-04-06 03:00:00+07:00,2020-04-06 03:00:00+07:00,1,1,2.1216216216216215,seasonal_hour_IQR,E04034
RH2M,2002-07-19 00:00:00+07:00,2002-07-19 00:00:00+07:00,1,1,2.1213720316622635,seasonal_hour_IQR,E04035
ALLSKY_SFC_SW_DWN,2011-12-03 06:00:00+07:00,2011-12-03 06:00:00+07:00,1,1,2.1212121212121215,seasonal_hour_IQR,E04036
RH2M,2004-10-04 10:00:00+07:00,2004-10-04 13:00:00+07:00,4,1,2.1202531645569644,seasonal_hour_IQR,E04037
ALLSKY_SFC_SW_DWN,2013-03-05 11:00:00+07:00,2013-03-05 11:00:00+07:00,1,1,2.120073166453682,seasonal_hour_IQR,E04038
WS2M,2019-05-01 03:00:00+07:00,2019-05-01 03:00:00+07:00,1,1,2.1199999999999997,seasonal_hour_IQR,E04039
RH2M,2004-10-02 12:00:00+07:00,2004-10-02 14:00:00+07:00,3,1,2.119760479041918,seasonal_hour_IQR,E04040
WS2M,2025-06-16 05:00:00+07:00,2025-06-16 05:00:00+07:00,1,1,2.1194029850746268,seasonal_hour_IQR,E04041
ALLSKY_SFC_SW_DWN,2025-06-30 15:00:00+07:00,2025-06-30 15:00:00+07:00,1,1,2.119215938303342,seasonal_hour_IQR,E04042
PS,2021-10-13 16:00:00+07:00,2021-10-13 19:00:00+07:00,4,1,2.119047619047612,seasonal_hour_IQR,E04043
T2M,2004-05-19 08:00:00+07:00,2004-05-19 09:00:00+07:00,2,1,2.118343195266273,seasonal_hour_IQR,E04044
RH2M,2004-01-21 16:00:00+07:00,2004-01-21 16:00:00+07:00,1,1,2.118205349439171,seasonal_hour_IQR,E04045
ALLSKY_SFC_SW_DWN,2011-06-23 17:00:00+07:00,2011-06-23 17:00:00+07:00,1,1,2.1179556067293537,seasonal_hour_IQR,E04046
RH2M,2006-11-02 16:00:00+07:00,2006-11-02 16:00:00+07:00,1,1,2.1178603807796907,seasonal_hour_IQR,E04047
WS2M,2008-11-01 03:00:00+07:00,2008-11-01 03:00:00+07:00,1,1,2.11764705882353,seasonal_hour_IQR,E04048
ALLSKY_SFC_SW_DWN,2013-03-28 06:00:00+07:00,2013-03-28 06:00:00+07:00,1,1,2.1176470588235294,seasonal_hour_IQR,E04049
RH2M,2008-02-22 17:00:00+07:00,2008-02-22 17:00:00+07:00,1,1,2.1175795813019795,seasonal_hour_IQR,E04050
ALLSKY_SFC_SW_DWN,2006-04-11 07:00:00+07:00,2006-04-11 07:00:00+07:00,1,1,2.11731843575419,seasonal_hour_IQR,E04051
T2M,2011-08-27 05:00:00+07:00,2011-08-27 06:00:00+07:00,2,1,2.1171171171171164,seasonal_hour_IQR,E04052
T2M,2007-09-10 10:00:00+07:00,2007-09-10 14:00:00+07:00,5,1,2.1169102296450943,seasonal_hour_IQR,E04053
ALLSKY_SFC_SW_DWN,2022-01-18 08:00:00+07:00,2022-01-18 08:00:00+07:00,1,1,2.116828929068151,seasonal_hour_IQR,E04054
ALLSKY_SFC_SW_DWN,2019-06-13 09:00:00+07:00,2019-06-13 09:00:00+07:00,1,1,2.116589999402593,seasonal_hour_IQR,E04055
RH2M,2002-07-18 00:00:00+07:00,2002-07-18 00:00:00+07:00,1,1,2.1160949868073833,seasonal_hour_IQR,E04056
ALLSKY_SFC_SW_DWN,2007-01-10 08:00:00+07:00,2007-01-10 08:00:00+07:00,1,1,2.115943861423695,seasonal_hour_IQR,E04057
RH2M,2005-06-27 00:00:00+07:00,2005-06-27 00:00:00+07:00,1,1,2.115920763022743,seasonal_hour_IQR,E04058
RH2M,2024-04-27 16:00:00+07:00,2024-04-27 16:00:00+07:00,1,1,2.11559847819725,seasonal_hour_IQR,E04059
T2M,2009-05-01 22:00:00+07:00,2009-05-01 22:00:00+07:00,1,1,2.1154639175257755,seasonal_hour_IQR,E04060
ALLSKY_SFC_SW_DWN,2014-06-17 11:00:00+07:00,2014-06-17 11:00:00+07:00,1,1,2.115069570775357,seasonal_hour_IQR,E04061
RH2M,2006-07-27 09:00:00+07:00,2006-07-27 14:00:00+07:00,6,1,2.1149425287356323,seasonal_hour_IQR,E04062
RH2M,2025-08-14 03:00:00+07:00,2025-08-14 04:00:00+07:00,2,1,2.1146131805157564,seasonal_hour_IQR,E04063
PS,2010-10-10 04:00:00+07:00,2010-10-10 07:00:00+07:00,4,1,2.113636363636358,seasonal_hour_IQR,E04064
T2M,2022-04-02 02:00:00+07:00,2022-04-02 02:00:00+07:00,1,1,2.1135604542418176,seasonal_hour_IQR,E04065
RH2M,2001-09-07 05:00:00+07:00,2001-09-07 05:00:00+07:00,1,1,2.113095238095228,seasonal_hour_IQR,E04066
ALLSKY_SFC_SW_DWN,2003-06-28 12:00:00+07:00,2003-06-28 12:00:00+07:00,1,1,2.113074924871389,seasonal_hour_IQR,E04067
WS2M,2008-04-19 22:00:00+07:00,2008-04-19 22:00:00+07:00,1,1,2.1120943952802356,seasonal_hour_IQR,E04068
WS2M,2016-04-21 22:00:00+07:00,2016-04-21 22:00:00+07:00,1,1,2.1120943952802356,seasonal_hour_IQR,E04069
WS2M,2021-04-28 21:00:00+07:00,2021-04-28 22:00:00+07:00,2,1,2.1120943952802356,seasonal_hour_IQR,E04070
T2M,2016-06-03 17:00:00+07:00,2016-06-03 18:00:00+07:00,2,1,2.1119293078055996,seasonal_hour_IQR,E04071
WS2M,2012-03-31 11:00:00+07:00,2012-03-31 12:00:00+07:00,2,1,2.111475409836066,seasonal_hour_IQR,E04072
RH2M,2010-02-10 17:00:00+07:00,2010-02-10 17:00:00+07:00,1,1,2.1106968741038146,seasonal_hour_IQR,E04073
WS2M,2004-12-29 16:00:00+07:00,2004-12-29 16:00:00+07:00,1,1,2.110429447852761,seasonal_hour_IQR,E04074
PS,2010-03-09 06:00:00+07:00,2010-03-09 13:00:00+07:00,8,1,2.110344827586225,seasonal_hour_IQR,E04075
ALLSKY_SFC_SW_DWN,2015-03-29 06:00:00+07:00,2015-03-29 06:00:00+07:00,1,1,2.110084033613446,seasonal_hour_IQR,E04076
ALLSKY_SFC_SW_DWN,2024-03-06 07:00:00+07:00,2024-03-06 07:00:00+07:00,1,1,2.1097524002021224,seasonal_hour_IQR,E04077
RH2M,2006-07-24 12:00:00+07:00,2006-07-24 15:00:00+07:00,4,1,2.1097192224621995,seasonal_hour_IQR,E04078
T2M,2015-12-02 08:00:00+07:00,2015-12-02 08:00:00+07:00,1,1,2.109533468559836,seasonal_hour_IQR,E04079
T2M,2024-06-06 06:00:00+07:00,2024-06-06 07:00:00+07:00,2,1,2.1093750000000004,seasonal_hour_IQR,E04080
WS2M,2011-06-04 00:00:00+07:00,2011-06-04 00:00:00+07:00,1,1,2.1090909090909093,seasonal_hour_IQR,E04081
WS2M,2020-08-16 18:00:00+07:00,2020-08-16 18:00:00+07:00,1,1,2.109090909090909,seasonal_hour_IQR,E04082
ALLSKY_SFC_SW_DWN,2009-03-14 07:00:00+07:00,2009-03-14 07:00:00+07:00,1,1,2.10833754421425,seasonal_hour_IQR,E04083
WS2M,2014-04-01 02:00:00+07:00,2014-04-01 03:00:00+07:00,2,1,2.1081081081081083,seasonal_hour_IQR,E04084
WS2M,2009-05-09 00:00:00+07:00,2009-05-09 00:00:00+07:00,1,1,2.108108108108108,seasonal_hour_IQR,E04085
WS2M,2008-05-09 19:00:00+07:00,2008-05-09 19:00:00+07:00,1,1,2.108108108108107,seasonal_hour_IQR,E04086
PS,2001-07-06 20:00:00+07:00,2001-07-07 00:00:00+07:00,5,1,2.1081081081080852,seasonal_hour_IQR,E04087
T2M,2004-06-24 23:00:00+07:00,2004-06-25 00:00:00+07:00,2,1,2.1080000000000014,seasonal_hour_IQR,E04088
T2M,2010-05-06 15:00:00+07:00,2010-05-06 15:00:00+07:00,1,1,2.1079622132253717,seasonal_hour_IQR,E04089
WS2M,2019-07-04 12:00:00+07:00,2019-07-04 14:00:00+07:00,3,1,2.107883817427386,seasonal_hour_IQR,E04090
WS2M,2009-05-11 01:00:00+07:00,2009-05-11 02:00:00+07:00,2,1,2.1073825503355708,seasonal_hour_IQR,E04091
ALLSKY_SFC_SW_DWN,2021-01-14 08:00:00+07:00,2021-01-14 08:00:00+07:00,1,1,2.1073460614489825,seasonal_hour_IQR,E04092
T2M,2002-12-07 14:00:00+07:00,2002-12-07 17:00:00+07:00,4,1,2.1071428571428554,seasonal_hour_IQR,E04093
ALLSKY_SFC_SW_DWN,2005-04-30 17:00:00+07:00,2005-04-30 17:00:00+07:00,1,1,2.1067806432918,seasonal_hour_IQR,E04094
WS2M,2001-04-27 22:00:00+07:00,2001-04-27 23:00:00+07:00,2,1,2.106583072100313,seasonal_hour_IQR,E04095
WS2M,2004-04-25 23:00:00+07:00,2004-04-25 23:00:00+07:00,1,1,2.106583072100313,seasonal_hour_IQR,E04096
RH2M,2022-10-10 06:00:00+07:00,2022-10-10 06:00:00+07:00,1,1,2.1064356435643585,seasonal_hour_IQR,E04097
WS2M,2015-07-22 23:00:00+07:00,2015-07-22 23:00:00+07:00,1,1,2.1052631578947367,seasonal_hour_IQR,E04098
ALLSKY_SFC_SW_DWN,2019-12-04 06:00:00+07:00,2019-12-04 06:00:00+07:00,1,1,2.104895104895105,seasonal_hour_IQR,E04099
WS2M,2004-06-14 14:00:00+07:00,2004-06-14 15:00:00+07:00,2,1,2.1043478260869564,seasonal_hour_IQR,E04100
ALLSKY_SFC_SW_DWN,2025-06-20 15:00:00+07:00,2025-06-20 15:00:00+07:00,1,1,2.1042416452442163,seasonal_hour_IQR,E04101
RH2M,2005-07-18 18:00:00+07:00,2005-07-18 18:00:00+07:00,1,1,2.103859649122802,seasonal_hour_IQR,E04102
RH2M,2011-10-10 17:00:00+07:00,2011-10-10 17:00:00+07:00,1,1,2.103169670602857,seasonal_hour_IQR,E04103
WS2M,2002-05-09 01:00:00+07:00,2002-05-09 01:00:00+07:00,1,1,2.102564102564102,seasonal_hour_IQR,E04104
RH2M,2024-10-11 23:00:00+07:00,2024-10-12 00:00:00+07:00,2,1,2.102532427424336,seasonal_hour_IQR,E04105
RH2M,2004-09-13 20:00:00+07:00,2004-09-13 20:00:00+07:00,1,1,2.1024276687728647,seasonal_hour_IQR,E04106
ALLSKY_SFC_SW_DWN,2013-07-27 10:00:00+07:00,2013-07-27 10:00:00+07:00,1,1,2.102231316379227,seasonal_hour_IQR,E04107
RH2M,2003-08-04 22:00:00+07:00,2003-08-04 22:00:00+07:00,1,1,2.102127659574466,seasonal_hour_IQR,E04108
RH2M,2022-08-11 12:00:00+07:00,2022-08-11 13:00:00+07:00,2,1,2.101851851851851,seasonal_hour_IQR,E04109
T2M,2004-06-23 17:00:00+07:00,2004-06-23 17:00:00+07:00,1,1,2.101057579318447,seasonal_hour_IQR,E04110
T2M,2016-06-16 18:00:00+07:00,2016-06-16 23:00:00+07:00,6,1,2.1009771986970693,seasonal_hour_IQR,E04111
ALLSKY_SFC_SW_DWN,2024-03-11 16:00:00+07:00,2024-03-11 16:00:00+07:00,1,1,2.1007949370996366,seasonal_hour_IQR,E04112
PS,2006-06-20 14:00:00+07:00,2006-06-20 17:00:00+07:00,4,1,2.100000000000052,seasonal_hour_IQR,E04113
WS2M,2008-08-11 08:00:00+07:00,2008-08-11 08:00:00+07:00,1,1,2.1,seasonal_hour_IQR,E04114
PS,2004-11-26 21:00:00+07:00,2004-11-26 23:00:00+07:00,3,1,2.0999999999999943,seasonal_hour_IQR,E04115
T2M,2018-04-15 16:00:00+07:00,2018-04-15 18:00:00+07:00,3,1,2.099883855981418,seasonal_hour_IQR,E04116
PRECTOTCORR,2017-07-21 01:00:00+07:00,2017-07-21 05:00:00+07:00,5,1,2.099583810309758,wet_hour_month_q995,E04117
RH2M,2005-02-18 17:00:00+07:00,2005-02-18 17:00:00+07:00,1,1,2.099225695440207,seasonal_hour_IQR,E04118
RH2M,2004-06-23 16:00:00+07:00,2004-06-23 16:00:00+07:00,1,1,2.09911361804996,seasonal_hour_IQR,E04119
RH2M,2023-07-16 22:00:00+07:00,2023-07-16 22:00:00+07:00,1,1,2.097949886104792,seasonal_hour_IQR,E04120
PS,2018-08-30 13:00:00+07:00,2018-08-30 16:00:00+07:00,4,1,2.097560975609772,seasonal_hour_IQR,E04121
PS,2021-10-22 17:00:00+07:00,2021-10-22 22:00:00+07:00,6,1,2.0975609756096993,seasonal_hour_IQR,E04122
WS2M,2024-11-19 05:00:00+07:00,2024-11-19 05:00:00+07:00,1,1,2.097378277153558,seasonal_hour_IQR,E04123
ALLSKY_SFC_SW_DWN,2013-06-12 17:00:00+07:00,2013-06-12 17:00:00+07:00,1,1,2.0969743491332435,seasonal_hour_IQR,E04124
T2M,2015-09-13 03:00:00+07:00,2015-09-13 04:00:00+07:00,2,1,2.0968660968660937,seasonal_hour_IQR,E04125
ALLSKY_SFC_SW_DWN,2009-03-28 06:00:00+07:00,2009-03-28 06:00:00+07:00,1,1,2.096638655462185,seasonal_hour_IQR,E04126
RH2M,2001-11-21 23:00:00+07:00,2001-11-21 23:00:00+07:00,1,1,2.0965542657084946,seasonal_hour_IQR,E04127
T2M,2004-05-19 17:00:00+07:00,2004-05-19 19:00:00+07:00,3,1,2.0958605664487995,seasonal_hour_IQR,E04128
T2M,2014-05-06 18:00:00+07:00,2014-05-06 19:00:00+07:00,2,1,2.0958605664487995,seasonal_hour_IQR,E04129
RH2M,2021-08-03 18:00:00+07:00,2021-08-03 18:00:00+07:00,1,1,2.0953058321479334,seasonal_hour_IQR,E04130
WS2M,2008-06-12 04:00:00+07:00,2008-06-12 04:00:00+07:00,1,1,2.095238095238096,seasonal_hour_IQR,E04131
WS2M,2013-05-04 00:00:00+07:00,2013-05-04 00:00:00+07:00,1,1,2.0945945945945947,seasonal_hour_IQR,E04132
WS2M,2019-05-01 00:00:00+07:00,2019-05-01 00:00:00+07:00,1,1,2.0945945945945947,seasonal_hour_IQR,E04133
RH2M,2021-09-07 01:00:00+07:00,2021-09-07 01:00:00+07:00,1,1,2.0933002481389607,seasonal_hour_IQR,E04134
PS,2016-05-15 15:00:00+07:00,2016-05-15 19:00:00+07:00,5,1,2.0930232558140025,seasonal_hour_IQR,E04135
PS,2007-10-04 02:00:00+07:00,2007-10-04 04:00:00+07:00,3,1,2.0930232558139004,seasonal_hour_IQR,E04136
WS2M,2022-08-06 16:00:00+07:00,2022-08-06 16:00:00+07:00,1,1,2.0909090909090913,seasonal_hour_IQR,E04137
PS,2020-10-14 10:00:00+07:00,2020-10-14 11:00:00+07:00,2,1,2.0909090909090056,seasonal_hour_IQR,E04138
ALLSKY_SFC_SW_DWN,2013-03-24 06:00:00+07:00,2013-03-24 06:00:00+07:00,1,1,2.0907563025210085,seasonal_hour_IQR,E04139
RH2M,2003-12-19 16:00:00+07:00,2003-12-19 16:00:00+07:00,1,1,2.09070698088039,seasonal_hour_IQR,E04140
T2M,2017-11-25 12:00:00+07:00,2017-11-25 16:00:00+07:00,5,1,2.0904255319148937,seasonal_hour_IQR,E04141
T2M,2021-06-02 23:00:00+07:00,2021-06-02 23:00:00+07:00,1,1,2.0894308943089426,seasonal_hour_IQR,E04142
ALLSKY_SFC_SW_DWN,2009-01-16 08:00:00+07:00,2009-01-16 08:00:00+07:00,1,1,2.08913895562018,seasonal_hour_IQR,E04143
PS,2004-06-08 07:00:00+07:00,2004-06-08 08:00:00+07:00,2,1,2.088235294117695,seasonal_hour_IQR,E04144
RH2M,2005-07-19 19:00:00+07:00,2005-07-19 19:00:00+07:00,1,1,2.0874811463046776,seasonal_hour_IQR,E04145
RH2M,2005-07-21 00:00:00+07:00,2005-07-21 00:00:00+07:00,1,1,2.0870712401055367,seasonal_hour_IQR,E04146
WS2M,2009-05-08 17:00:00+07:00,2009-05-08 17:00:00+07:00,1,1,2.086956521739131,seasonal_hour_IQR,E04147
PS,2009-05-03 05:00:00+07:00,2009-05-03 05:00:00+07:00,1,1,2.0869565217390806,seasonal_hour_IQR,E04148
WS2M,2008-02-26 12:00:00+07:00,2008-02-26 13:00:00+07:00,2,1,2.0862068965517238,seasonal_hour_IQR,E04149
PRECTOTCORR,2021-07-08 03:00:00+07:00,2021-07-08 05:00:00+07:00,3,1,2.0853854413473925,wet_hour_month_q995,E04150
WS2M,2022-05-15 08:00:00+07:00,2022-05-15 09:00:00+07:00,2,1,2.085271317829457,seasonal_hour_IQR,E04151
ALLSKY_SFC_SW_DWN,2020-02-23 06:00:00+07:00,2020-02-23 06:00:00+07:00,1,1,2.0845070422535215,seasonal_hour_IQR,E04152
WS2M,2015-06-28 19:00:00+07:00,2015-06-28 19:00:00+07:00,1,1,2.0836012861736335,seasonal_hour_IQR,E04153
RH2M,2016-06-02 17:00:00+07:00,2016-06-02 17:00:00+07:00,1,1,2.083352521298641,seasonal_hour_IQR,E04154
RH2M,2002-10-07 16:00:00+07:00,2002-10-07 16:00:00+07:00,1,1,2.082699619771867,seasonal_hour_IQR,E04155
WS2M,2016-11-09 05:00:00+07:00,2016-11-09 05:00:00+07:00,1,1,2.0823970037453186,seasonal_hour_IQR,E04156
T2M,2012-06-17 20:00:00+07:00,2012-06-17 21:00:00+07:00,2,1,2.0820895522388083,seasonal_hour_IQR,E04157
T2M,2011-10-05 15:00:00+07:00,2011-10-05 15:00:00+07:00,1,1,2.081632653061224,seasonal_hour_IQR,E04158
ALLSKY_SFC_SW_DWN,2023-01-25 16:00:00+07:00,2023-01-25 16:00:00+07:00,1,1,2.0808464460119374,seasonal_hour_IQR,E04159
T2M,2017-05-15 17:00:00+07:00,2017-05-15 19:00:00+07:00,3,1,2.0808435852372584,seasonal_hour_IQR,E04160
WS2M,2007-05-19 02:00:00+07:00,2007-05-19 02:00:00+07:00,1,1,2.080536912751678,seasonal_hour_IQR,E04161
WS2M,2025-11-27 07:00:00+07:00,2025-11-27 07:00:00+07:00,1,1,2.079754601226994,seasonal_hour_IQR,E04162
WS2M,2012-06-15 04:00:00+07:00,2012-06-15 04:00:00+07:00,1,1,2.0793650793650795,seasonal_hour_IQR,E04163
WS2M,2014-12-21 12:00:00+07:00,2014-12-21 12:00:00+07:00,1,1,2.078853046594982,seasonal_hour_IQR,E04164
PS,2004-06-08 10:00:00+07:00,2004-06-08 10:00:00+07:00,1,1,2.078124999999927,seasonal_hour_IQR,E04165
T2M,2011-07-29 19:00:00+07:00,2011-07-29 19:00:00+07:00,1,1,2.0779220779220737,seasonal_hour_IQR,E04166
T2M,2010-05-06 17:00:00+07:00,2010-05-06 17:00:00+07:00,1,1,2.077328646748684,seasonal_hour_IQR,E04167
WS2M,2019-09-29 17:00:00+07:00,2019-09-29 17:00:00+07:00,1,1,2.076923076923077,seasonal_hour_IQR,E04168
WS2M,2005-04-11 21:00:00+07:00,2005-04-11 22:00:00+07:00,2,1,2.07669616519174,seasonal_hour_IQR,E04169
ALLSKY_SFC_SW_DWN,2003-06-28 14:00:00+07:00,2003-06-28 14:00:00+07:00,1,1,2.0766531027466937,seasonal_hour_IQR,E04170
RH2M,2020-08-27 03:00:00+07:00,2020-08-27 03:00:00+07:00,1,1,2.0761904761904764,seasonal_hour_IQR,E04171
WS2M,2003-07-01 00:00:00+07:00,2003-07-01 00:00:00+07:00,1,1,2.0754716981132075,seasonal_hour_IQR,E04172
ALLSKY_SFC_SW_DWN,2019-04-19 07:00:00+07:00,2019-04-19 07:00:00+07:00,1,1,2.0754189944134076,seasonal_hour_IQR,E04173
T2M,2008-09-30 20:00:00+07:00,2008-09-30 21:00:00+07:00,2,1,2.0753532182103593,seasonal_hour_IQR,E04174
WS2M,2002-12-26 13:00:00+07:00,2002-12-26 13:00:00+07:00,1,1,2.0749063670411987,seasonal_hour_IQR,E04175
T2M,2025-10-24 18:00:00+07:00,2025-10-24 18:00:00+07:00,1,1,2.074866310160428,seasonal_hour_IQR,E04176
T2M,2016-01-26 11:00:00+07:00,2016-01-26 15:00:00+07:00,5,1,2.0748129675810474,seasonal_hour_IQR,E04177
WS2M,2003-07-01 16:00:00+07:00,2003-07-01 17:00:00+07:00,2,1,2.0744186046511635,seasonal_hour_IQR,E04178
T2M,2007-05-06 22:00:00+07:00,2007-05-06 22:00:00+07:00,1,1,2.074226804123713,seasonal_hour_IQR,E04179
WS2M,2022-04-02 10:00:00+07:00,2022-04-02 11:00:00+07:00,2,1,2.074193548387097,seasonal_hour_IQR,E04180
ALLSKY_SFC_SW_DWN,2006-04-12 07:00:00+07:00,2006-04-12 07:00:00+07:00,1,1,2.074149314372778,seasonal_hour_IQR,E04181
RH2M,2010-09-04 01:00:00+07:00,2010-09-04 01:00:00+07:00,1,1,2.0734491315136516,seasonal_hour_IQR,E04182
RH2M,2011-09-02 01:00:00+07:00,2011-09-02 01:00:00+07:00,1,1,2.0734491315136516,seasonal_hour_IQR,E04183
PS,2010-10-30 21:00:00+07:00,2010-10-31 00:00:00+07:00,4,1,2.0731707317072834,seasonal_hour_IQR,E04184
RH2M,2009-10-07 07:00:00+07:00,2009-10-07 07:00:00+07:00,1,1,2.0731319554848957,seasonal_hour_IQR,E04185
T2M,2015-08-02 13:00:00+07:00,2015-08-02 14:00:00+07:00,2,1,2.072727272727271,seasonal_hour_IQR,E04186
T2M,2009-08-10 23:00:00+07:00,2009-08-10 23:00:00+07:00,1,1,2.072289156626503,seasonal_hour_IQR,E04187
RH2M,2018-11-02 23:00:00+07:00,2018-11-02 23:00:00+07:00,1,1,2.072231435415515,seasonal_hour_IQR,E04188
RH2M,2022-10-02 10:00:00+07:00,2022-10-02 10:00:00+07:00,1,1,2.0717299578059096,seasonal_hour_IQR,E04189
PS,2010-10-10 11:00:00+07:00,2010-10-10 15:00:00+07:00,5,1,2.071428571428574,seasonal_hour_IQR,E04190
T2M,2016-06-15 07:00:00+07:00,2016-06-15 07:00:00+07:00,1,1,2.070312499999997,seasonal_hour_IQR,E04191
T2M,2025-06-02 12:00:00+07:00,2025-06-02 13:00:00+07:00,2,1,2.07002188183807,seasonal_hour_IQR,E04192
PS,2007-05-23 15:00:00+07:00,2007-05-23 17:00:00+07:00,3,1,2.069767441860502,seasonal_hour_IQR,E04193
PS,2016-10-20 03:00:00+07:00,2016-10-20 05:00:00+07:00,3,1,2.069767441860502,seasonal_hour_IQR,E04194
PS,2022-10-10 00:00:00+07:00,2022-10-10 05:00:00+07:00,6,1,2.069767441860502,seasonal_hour_IQR,E04195
T2M,2008-06-03 05:00:00+07:00,2008-06-03 05:00:00+07:00,1,1,2.069565217391306,seasonal_hour_IQR,E04196
RH2M,2003-06-16 17:00:00+07:00,2003-06-16 17:00:00+07:00,1,1,2.069537186276767,seasonal_hour_IQR,E04197
RH2M,2010-02-24 17:00:00+07:00,2010-02-24 17:00:00+07:00,1,1,2.069400630914827,seasonal_hour_IQR,E04198
T2M,2008-02-01 18:00:00+07:00,2008-02-01 19:00:00+07:00,2,1,2.0687757909215962,seasonal_hour_IQR,E04199
WS2M,2012-07-01 18:00:00+07:00,2012-07-01 18:00:00+07:00,1,1,2.0675675675675675,seasonal_hour_IQR,E04200
ALLSKY_SFC_SW_DWN,2002-06-02 11:00:00+07:00,2002-06-02 11:00:00+07:00,1,1,2.0674762771031014,seasonal_hour_IQR,E04201
T2M,2013-09-22 20:00:00+07:00,2013-09-22 20:00:00+07:00,1,1,2.0661417322834623,seasonal_hour_IQR,E04202
WS2M,2023-05-07 23:00:00+07:00,2023-05-07 23:00:00+07:00,1,1,2.0657894736842106,seasonal_hour_IQR,E04203
T2M,2005-05-02 11:00:00+07:00,2005-05-02 11:00:00+07:00,1,1,2.065445026178012,seasonal_hour_IQR,E04204
T2M,2004-07-01 19:00:00+07:00,2004-07-01 19:00:00+07:00,1,1,2.064935064935061,seasonal_hour_IQR,E04205
PS,2004-06-07 12:00:00+07:00,2004-06-07 13:00:00+07:00,2,1,2.0645161290322447,seasonal_hour_IQR,E04206
RH2M,2021-10-10 14:00:00+07:00,2021-10-10 14:00:00+07:00,1,1,2.0643821391484916,seasonal_hour_IQR,E04207
RH2M,2022-10-13 16:00:00+07:00,2022-10-13 16:00:00+07:00,1,1,2.0636882129277603,seasonal_hour_IQR,E04208
T2M,2019-05-19 17:00:00+07:00,2019-05-19 17:00:00+07:00,1,1,2.063268892794376,seasonal_hour_IQR,E04209
WS2M,2019-10-28 14:00:00+07:00,2019-10-28 14:00:00+07:00,1,1,2.0630630630630633,seasonal_hour_IQR,E04210
RH2M,2015-11-17 16:00:00+07:00,2015-11-17 16:00:00+07:00,1,1,2.0616500453309152,seasonal_hour_IQR,E04211
RH2M,2010-06-04 12:00:00+07:00,2010-06-04 14:00:00+07:00,3,1,2.061630218687872,seasonal_hour_IQR,E04212
WS2M,2017-05-15 14:00:00+07:00,2017-05-15 14:00:00+07:00,1,1,2.0601503759398496,seasonal_hour_IQR,E04213
T2M,2001-05-10 17:00:00+07:00,2001-05-10 17:00:00+07:00,1,1,2.0597539543058003,seasonal_hour_IQR,E04214
RH2M,2010-11-07 01:00:00+07:00,2010-11-07 01:00:00+07:00,1,1,2.0594953519256327,seasonal_hour_IQR,E04215
ALLSKY_SFC_SW_DWN,2001-01-01 08:00:00+07:00,2001-01-01 08:00:00+07:00,1,1,2.0584144645340756,seasonal_hour_IQR,E04216
ALLSKY_SFC_SW_DWN,2023-06-19 12:00:00+07:00,2023-06-19 12:00:00+07:00,1,1,2.0581469974023316,seasonal_hour_IQR,E04217
WS2M,2022-12-28 08:00:00+07:00,2022-12-28 08:00:00+07:00,1,1,2.0571428571428574,seasonal_hour_IQR,E04218
RH2M,2006-11-26 16:00:00+07:00,2006-11-26 16:00:00+07:00,1,1,2.0571169537624656,seasonal_hour_IQR,E04219
T2M,2012-12-01 07:00:00+07:00,2012-12-01 07:00:00+07:00,1,1,2.056092843326886,seasonal_hour_IQR,E04220
T2M,2018-04-15 13:00:00+07:00,2018-04-15 13:00:00+07:00,1,1,2.056083220262323,seasonal_hour_IQR,E04221
RH2M,2007-11-27 09:00:00+07:00,2007-11-27 09:00:00+07:00,1,1,2.055633380028017,seasonal_hour_IQR,E04222
T2M,2005-04-30 16:00:00+07:00,2005-04-30 17:00:00+07:00,2,1,2.0534262485481998,seasonal_hour_IQR,E04223
T2M,2023-05-05 17:00:00+07:00,2023-05-05 17:00:00+07:00,1,1,2.052724077328649,seasonal_hour_IQR,E04224
PS,2001-07-07 02:00:00+07:00,2001-07-07 03:00:00+07:00,2,1,2.052631578947396,seasonal_hour_IQR,E04225
T2M,2011-09-26 02:00:00+07:00,2011-09-26 03:00:00+07:00,2,1,2.052478134110787,seasonal_hour_IQR,E04226
T2M,2013-05-01 18:00:00+07:00,2013-05-01 19:00:00+07:00,2,1,2.0522875816993436,seasonal_hour_IQR,E04227
RH2M,2007-10-20 11:00:00+07:00,2007-10-20 13:00:00+07:00,3,1,2.05186385737439,seasonal_hour_IQR,E04228
ALLSKY_SFC_SW_DWN,2002-01-08 08:00:00+07:00,2002-01-08 08:00:00+07:00,1,1,2.0504488557339746,seasonal_hour_IQR,E04229
PS,2010-12-13 14:00:00+07:00,2010-12-13 14:00:00+07:00,1,1,2.0495867768595537,seasonal_hour_IQR,E04230
T2M,2015-06-29 17:00:00+07:00,2015-06-29 17:00:00+07:00,1,1,2.049353701527613,seasonal_hour_IQR,E04231
T2M,2005-05-13 17:00:00+07:00,2005-05-13 17:00:00+07:00,1,1,2.0492091388400704,seasonal_hour_IQR,E04232
T2M,2019-09-05 19:00:00+07:00,2019-09-05 19:00:00+07:00,1,1,2.0492040520984087,seasonal_hour_IQR,E04233
PS,2007-10-06 21:00:00+07:00,2007-10-06 21:00:00+07:00,1,1,2.0487804878048324,seasonal_hour_IQR,E04234
PS,2016-10-19 21:00:00+07:00,2016-10-19 22:00:00+07:00,2,1,2.0487804878048324,seasonal_hour_IQR,E04235
WS2M,2008-06-08 15:00:00+07:00,2008-06-08 15:00:00+07:00,1,1,2.0478260869565217,seasonal_hour_IQR,E04236
PS,2015-10-31 22:00:00+07:00,2015-10-31 23:00:00+07:00,2,1,2.047619047619038,seasonal_hour_IQR,E04237
WS2M,2017-03-17 14:00:00+07:00,2017-03-17 14:00:00+07:00,1,1,2.0472972972972974,seasonal_hour_IQR,E04238
ALLSKY_SFC_SW_DWN,2003-01-17 08:00:00+07:00,2003-01-17 08:00:00+07:00,1,1,2.0472878998609185,seasonal_hour_IQR,E04239
PS,2003-10-11 17:00:00+07:00,2003-10-11 18:00:00+07:00,2,1,2.047058823529436,seasonal_hour_IQR,E04240
T2M,2001-06-22 07:00:00+07:00,2001-06-22 07:00:00+07:00,1,1,2.046874999999999,seasonal_hour_IQR,E04241
PS,2021-10-14 03:00:00+07:00,2021-10-14 04:00:00+07:00,2,1,2.0465116279069338,seasonal_hour_IQR,E04242
T2M,2021-07-31 23:00:00+07:00,2021-07-31 23:00:00+07:00,1,1,2.0463320463320507,seasonal_hour_IQR,E04243
T2M,2024-08-10 16:00:00+07:00,2024-08-10 16:00:00+07:00,1,1,2.046332046332044,seasonal_hour_IQR,E04244
T2M,2003-08-05 08:00:00+07:00,2003-08-05 09:00:00+07:00,2,1,2.0450704225352125,seasonal_hour_IQR,E04245
WS2M,2023-04-13 23:00:00+07:00,2023-04-13 23:00:00+07:00,1,1,2.043887147335423,seasonal_hour_IQR,E04246
T2M,2018-12-12 14:00:00+07:00,2018-12-12 15:00:00+07:00,2,1,2.042735042735043,seasonal_hour_IQR,E04247
ALLSKY_SFC_SW_DWN,2010-01-18 08:00:00+07:00,2010-01-18 08:00:00+07:00,1,1,2.042356808698951,seasonal_hour_IQR,E04248
T2M,2013-04-05 19:00:00+07:00,2013-04-05 20:00:00+07:00,2,1,2.0416088765603346,seasonal_hour_IQR,E04249
RH2M,2015-07-08 08:00:00+07:00,2015-07-08 08:00:00+07:00,1,1,2.040383644623928,seasonal_hour_IQR,E04250
T2M,2023-09-07 00:00:00+07:00,2023-09-07 00:00:00+07:00,1,1,2.0365853658536577,seasonal_hour_IQR,E04251
ALLSKY_SFC_SW_DWN,2025-06-21 09:00:00+07:00,2025-06-21 09:00:00+07:00,1,1,2.0360117091821497,seasonal_hour_IQR,E04252
RH2M,2022-10-02 13:00:00+07:00,2022-10-02 13:00:00+07:00,1,1,2.035928143712578,seasonal_hour_IQR,E04253
WS2M,2023-12-16 12:00:00+07:00,2023-12-16 12:00:00+07:00,1,1,2.0358422939068097,seasonal_hour_IQR,E04254
T2M,2014-06-09 18:00:00+07:00,2014-06-09 18:00:00+07:00,1,1,2.0353460972017707,seasonal_hour_IQR,E04255
T2M,2024-08-10 09:00:00+07:00,2024-08-10 09:00:00+07:00,1,1,2.034912718204491,seasonal_hour_IQR,E04256
T2M,2005-05-12 19:00:00+07:00,2005-05-12 19:00:00+07:00,1,1,2.0348583877995634,seasonal_hour_IQR,E04257
T2M,2021-06-01 06:00:00+07:00,2021-06-01 06:00:00+07:00,1,1,2.0334128878281588,seasonal_hour_IQR,E04258
T2M,2005-07-19 19:00:00+07:00,2005-07-19 19:00:00+07:00,1,1,2.0324675324675283,seasonal_hour_IQR,E04259
T2M,2023-08-28 01:00:00+07:00,2023-08-28 01:00:00+07:00,1,1,2.0322580645161312,seasonal_hour_IQR,E04260
PS,2004-06-08 12:00:00+07:00,2004-06-08 12:00:00+07:00,1,1,2.0322580645160992,seasonal_hour_IQR,E04261
PS,2010-12-13 12:00:00+07:00,2010-12-13 12:00:00+07:00,1,1,2.0320000000000626,seasonal_hour_IQR,E04262
PS,2004-06-02 22:00:00+07:00,2004-06-02 22:00:00+07:00,1,1,2.0312500000000613,seasonal_hour_IQR,E04263
T2M,2007-06-22 03:00:00+07:00,2007-06-22 03:00:00+07:00,1,1,2.028985507246377,seasonal_hour_IQR,E04264
ALLSKY_SFC_SW_DWN,2017-06-22 17:00:00+07:00,2017-06-22 17:00:00+07:00,1,1,2.028401458453271,seasonal_hour_IQR,E04265
RH2M,2019-08-03 13:00:00+07:00,2019-08-03 13:00:00+07:00,1,1,2.02704056084126,seasonal_hour_IQR,E04266
RH2M,2002-09-01 07:00:00+07:00,2002-09-01 07:00:00+07:00,1,1,2.0266762797404474,seasonal_hour_IQR,E04267
PS,2019-09-28 00:00:00+07:00,2019-09-28 02:00:00+07:00,3,1,2.025641025641039,seasonal_hour_IQR,E04268
PS,2006-09-10 01:00:00+07:00,2006-09-10 02:00:00+07:00,2,1,2.0256410256410025,seasonal_hour_IQR,E04269
T2M,2012-08-24 04:00:00+07:00,2012-08-24 05:00:00+07:00,2,1,2.0246913580246866,seasonal_hour_IQR,E04270
PS,2007-10-03 22:00:00+07:00,2007-10-04 00:00:00+07:00,3,1,2.0243902439023818,seasonal_hour_IQR,E04271
PS,2019-09-28 05:00:00+07:00,2019-09-28 05:00:00+07:00,1,1,2.023952095808361,seasonal_hour_IQR,E04272
T2M,2021-09-13 01:00:00+07:00,2021-09-13 03:00:00+07:00,3,1,2.0233236151603493,seasonal_hour_IQR,E04273
PS,2021-10-23 00:00:00+07:00,2021-10-23 00:00:00+07:00,1,1,2.0232558139535337,seasonal_hour_IQR,E04274
PS,2016-10-21 03:00:00+07:00,2016-10-21 03:00:00+07:00,1,1,2.023255813953434,seasonal_hour_IQR,E04275
T2M,2019-07-28 07:00:00+07:00,2019-07-28 07:00:00+07:00,1,1,2.023076923076924,seasonal_hour_IQR,E04276
T2M,2006-06-06 16:00:00+07:00,2006-06-06 16:00:00+07:00,1,1,2.0224260958205953,seasonal_hour_IQR,E04277
PS,2010-10-28 07:00:00+07:00,2010-10-28 08:00:00+07:00,2,1,2.0222222222222017,seasonal_hour_IQR,E04278
T2M,2001-05-10 19:00:00+07:00,2001-05-10 19:00:00+07:00,1,1,2.021786492374725,seasonal_hour_IQR,E04279
WS2M,2025-02-23 07:00:00+07:00,2025-02-23 07:00:00+07:00,1,1,2.018587360594796,seasonal_hour_IQR,E04280
PS,2009-11-19 03:00:00+07:00,2009-11-19 03:00:00+07:00,1,1,2.0185185185185013,seasonal_hour_IQR,E04281
T2M,2009-07-05 08:00:00+07:00,2009-07-05 08:00:00+07:00,1,1,2.0176470588235302,seasonal_hour_IQR,E04282
T2M,2001-05-01 19:00:00+07:00,2001-05-01 19:00:00+07:00,1,1,2.01742919389978,seasonal_hour_IQR,E04283
T2M,2020-04-23 13:00:00+07:00,2020-04-23 13:00:00+07:00,1,1,2.0162822252374477,seasonal_hour_IQR,E04284
WS2M,2023-05-02 16:00:00+07:00,2023-05-02 16:00:00+07:00,1,1,2.0156250000000004,seasonal_hour_IQR,E04285
T2M,2016-09-01 18:00:00+07:00,2016-09-01 18:00:00+07:00,1,1,2.0133333333333305,seasonal_hour_IQR,E04286
WS2M,2021-07-24 10:00:00+07:00,2021-07-24 10:00:00+07:00,1,1,2.0085470085470094,seasonal_hour_IQR,E04287
RH2M,2010-07-07 12:00:00+07:00,2010-07-07 13:00:00+07:00,2,1,2.0079207920792084,seasonal_hour_IQR,E04288
WS2M,2010-05-12 16:00:00+07:00,2010-05-12 16:00:00+07:00,1,1,2.0078125000000004,seasonal_hour_IQR,E04289
T2M,2019-09-17 21:00:00+07:00,2019-09-17 21:00:00+07:00,1,1,2.006279434850862,seasonal_hour_IQR,E04290
ALLSKY_SFC_SW_DWN,2006-05-18 06:00:00+07:00,2006-05-18 06:00:00+07:00,1,1,2.004292722812755,seasonal_hour_IQR,E04291
T2M,2010-05-22 08:00:00+07:00,2010-05-22 08:00:00+07:00,1,1,2.0033388981636056,seasonal_hour_IQR,E04292
PS,2004-06-07 15:00:00+07:00,2004-06-07 15:00:00+07:00,1,1,2.0000000000000475,seasonal_hour_IQR,E04293
PS,2015-06-23 22:00:00+07:00,2015-06-23 22:00:00+07:00,1,1,2.0000000000000444,seasonal_hour_IQR,E04294
PS,2023-05-05 17:00:00+07:00,2023-05-05 18:00:00+07:00,2,1,2.000000000000033,seasonal_hour_IQR,E04295
PS,2023-05-06 17:00:00+07:00,2023-05-06 18:00:00+07:00,2,1,2.000000000000033,seasonal_hour_IQR,E04296
T2M,2016-05-15 17:00:00+07:00,2016-05-15 19:00:00+07:00,3,1,2.0000000000000013,seasonal_hour_IQR,E04297
PS,2013-06-23 12:00:00+07:00,2013-06-23 12:00:00+07:00,1,1,2.0,seasonal_hour_IQR,E04298
PS,2019-09-22 13:00:00+07:00,2019-09-22 13:00:00+07:00,1,1,2.0,seasonal_hour_IQR,E04299
T2M,2004-07-25 06:00:00+07:00,2004-07-25 06:00:00+07:00,1,1,1.9999999999999967,seasonal_hour_IQR,E04300
PS,2019-09-22 15:00:00+07:00,2019-09-22 17:00:00+07:00,3,1,1.9999999999999627,seasonal_hour_IQR,E04301
PS,2016-10-21 21:00:00+07:00,2016-10-21 21:00:00+07:00,1,1,1.9999999999999307,seasonal_hour_IQR,E04302
PS,2022-10-09 22:00:00+07:00,2022-10-09 22:00:00+07:00,1,1,1.9999999999999307,seasonal_hour_IQR,E04303
RH2M,2019-02-17 12:00:00+07:00,2019-02-17 15:00:00+07:00,4,1,1.9976784677887405,seasonal_hour_IQR,E04304
T2M,2016-06-02 14:00:00+07:00,2016-06-02 14:00:00+07:00,1,1,1.9916579770594356,seasonal_hour_IQR,E04305
RH2M,2010-06-03 12:00:00+07:00,2010-06-03 12:00:00+07:00,1,1,1.9907951930452588,seasonal_hour_IQR,E04306
PS,2012-06-14 00:00:00+07:00,2012-06-14 00:00:00+07:00,1,1,1.9857142857142585,seasonal_hour_IQR,E04307
T2M,2002-12-27 08:00:00+07:00,2002-12-27 09:00:00+07:00,2,1,1.9837728194726156,seasonal_hour_IQR,E04308
PS,2005-01-25 19:00:00+07:00,2005-01-25 20:00:00+07:00,2,1,1.983606557377064,seasonal_hour_IQR,E04309
T2M,2019-06-22 15:00:00+07:00,2019-06-22 15:00:00+07:00,1,1,1.979716024340769,seasonal_hour_IQR,E04310
T2M,2001-05-01 17:00:00+07:00,2001-05-01 17:00:00+07:00,1,1,1.975395430579966,seasonal_hour_IQR,E04311
PS,2002-09-22 21:00:00+07:00,2002-09-22 21:00:00+07:00,1,1,1.9736842105263395,seasonal_hour_IQR,E04312
PS,2019-09-22 21:00:00+07:00,2019-09-22 21:00:00+07:00,1,1,1.9736842105263395,seasonal_hour_IQR,E04313
WS2M,2023-01-06 11:00:00+07:00,2023-01-06 11:00:00+07:00,1,1,1.9730639730639727,seasonal_hour_IQR,E04314
PS,2004-06-23 08:00:00+07:00,2004-06-23 08:00:00+07:00,1,1,1.9705882352941853,seasonal_hour_IQR,E04315
T2M,2006-06-06 13:00:00+07:00,2006-06-06 13:00:00+07:00,1,1,1.967462039045552,seasonal_hour_IQR,E04316
PRECTOTCORR,2016-07-28 01:00:00+07:00,2016-07-28 08:00:00+07:00,8,1,1.9540505284455143,wet_hour_month_q995,E04317
WS2M,2025-12-11 22:00:00+07:00,2025-12-11 22:00:00+07:00,1,1,1.851851851851852,seasonal_hour_IQR,E04318
PRECTOTCORR,2013-08-03 08:00:00+07:00,2013-08-03 14:00:00+07:00,7,1,1.8228886664957369,wet_hour_month_q995,E04319
PRECTOTCORR,2001-08-03 08:00:00+07:00,2001-08-03 11:00:00+07:00,4,1,1.8146178467747944,wet_hour_month_q995,E04320
PRECTOTCORR,2005-05-03 13:00:00+07:00,2005-05-03 15:00:00+07:00,3,1,1.8106055798802787,wet_hour_month_q995,E04321
PRECTOTCORR,2020-03-04 04:00:00+07:00,2020-03-04 06:00:00+07:00,3,1,1.769071849414646,wet_hour_month_q995,E04322
PRECTOTCORR,2007-09-27 10:00:00+07:00,2007-09-27 13:00:00+07:00,4,1,1.752828076136055,wet_hour_month_q995,E04323
PRECTOTCORR,2009-05-08 10:00:00+07:00,2009-05-08 13:00:00+07:00,4,1,1.6858091672483433,wet_hour_month_q995,E04324
PRECTOTCORR,2022-03-22 23:00:00+07:00,2022-03-23 02:00:00+07:00,4,1,1.6680694773892424,wet_hour_month_q995,E04325
PRECTOTCORR,2024-06-09 12:00:00+07:00,2024-06-09 18:00:00+07:00,7,1,1.6397277517238322,wet_hour_month_q995,E04326
PRECTOTCORR,2016-08-19 11:00:00+07:00,2016-08-19 14:00:00+07:00,4,1,1.637622304746624,wet_hour_month_q995,E04327
PRECTOTCORR,2020-10-18 12:00:00+07:00,2020-10-18 15:00:00+07:00,4,1,1.5779512656731025,wet_hour_month_q995,E04328
PRECTOTCORR,2022-02-04 01:00:00+07:00,2022-02-04 06:00:00+07:00,6,1,1.5751727245419278,wet_hour_month_q995,E04329
PRECTOTCORR,2025-12-13 08:00:00+07:00,2025-12-13 11:00:00+07:00,4,1,1.5286941366861746,wet_hour_month_q995,E04330
PRECTOTCORR,2008-04-22 11:00:00+07:00,2008-04-22 13:00:00+07:00,3,1,1.5133851468048218,wet_hour_month_q995,E04331
PRECTOTCORR,2001-06-11 10:00:00+07:00,2001-06-11 12:00:00+07:00,3,1,1.5060542937028676,wet_hour_month_q995,E04332
PRECTOTCORR,2014-04-27 04:00:00+07:00,2014-04-27 08:00:00+07:00,5,1,1.4939550949913505,wet_hour_month_q995,E04333
PRECTOTCORR,2008-10-31 10:00:00+07:00,2008-10-31 14:00:00+07:00,5,1,1.4833215046132462,wet_hour_month_q995,E04334
PRECTOTCORR,2016-01-26 19:00:00+07:00,2016-01-26 20:00:00+07:00,2,1,1.4702403082434856,wet_hour_month_q995,E04335
PRECTOTCORR,2003-07-22 13:00:00+07:00,2003-07-22 15:00:00+07:00,3,1,1.434035265198888,wet_hour_month_q995,E04336
PRECTOTCORR,2001-06-05 10:00:00+07:00,2001-06-05 13:00:00+07:00,4,1,1.428078109857305,wet_hour_month_q995,E04337
PRECTOTCORR,2003-05-25 10:00:00+07:00,2003-05-25 13:00:00+07:00,4,1,1.4214099879433961,wet_hour_month_q995,E04338
PRECTOTCORR,2025-09-29 19:00:00+07:00,2025-09-29 21:00:00+07:00,3,1,1.4192502219991494,wet_hour_month_q995,E04339
PRECTOTCORR,2005-09-27 09:00:00+07:00,2005-09-27 15:00:00+07:00,7,1,1.3312227327130215,wet_hour_month_q995,E04340
PRECTOTCORR,2012-05-23 01:00:00+07:00,2012-05-23 05:00:00+07:00,5,1,1.3262262833936151,wet_hour_month_q995,E04341
PRECTOTCORR,2001-05-17 06:00:00+07:00,2001-05-17 10:00:00+07:00,5,1,1.3135351227869778,wet_hour_month_q995,E04342
PRECTOTCORR,2008-07-18 10:00:00+07:00,2008-07-18 12:00:00+07:00,3,1,1.3062499445376008,wet_hour_month_q995,E04343
PRECTOTCORR,2022-01-21 19:00:00+07:00,2022-01-21 19:00:00+07:00,1,1,1.297867306587353,wet_hour_month_q995,E04344
PRECTOTCORR,2019-08-03 13:00:00+07:00,2019-08-03 15:00:00+07:00,3,1,1.296864532243791,wet_hour_month_q995,E04345
PRECTOTCORR,2009-07-12 11:00:00+07:00,2009-07-12 14:00:00+07:00,4,1,1.284952391094053,wet_hour_month_q995,E04346
PRECTOTCORR,2008-05-18 22:00:00+07:00,2008-05-19 03:00:00+07:00,6,1,1.2733464475326257,wet_hour_month_q995,E04347
PRECTOTCORR,2015-11-13 01:00:00+07:00,2015-11-13 04:00:00+07:00,4,1,1.2711974784443465,wet_hour_month_q995,E04348
PRECTOTCORR,2016-01-28 01:00:00+07:00,2016-01-28 04:00:00+07:00,4,1,1.270828404366783,wet_hour_month_q995,E04349
PRECTOTCORR,2015-06-24 14:00:00+07:00,2015-06-24 17:00:00+07:00,4,1,1.2587583963640832,wet_hour_month_q995,E04350
PRECTOTCORR,2019-09-09 20:00:00+07:00,2019-09-10 00:00:00+07:00,5,1,1.2401065595922927,wet_hour_month_q995,E04351
PRECTOTCORR,2022-02-19 12:00:00+07:00,2022-02-19 12:00:00+07:00,1,1,1.23723340342447,wet_hour_month_q995,E04352
PRECTOTCORR,2004-07-22 10:00:00+07:00,2004-07-22 13:00:00+07:00,4,1,1.2370328958460703,wet_hour_month_q995,E04353
PRECTOTCORR,2005-11-03 11:00:00+07:00,2005-11-03 12:00:00+07:00,2,1,1.2190992211310536,wet_hour_month_q995,E04354
PRECTOTCORR,2003-09-09 11:00:00+07:00,2003-09-09 12:00:00+07:00,2,1,1.1984093278251795,wet_hour_month_q995,E04355
PRECTOTCORR,2012-08-17 13:00:00+07:00,2012-08-17 16:00:00+07:00,4,1,1.1976146955924805,wet_hour_month_q995,E04356
PRECTOTCORR,2012-08-18 00:00:00+07:00,2012-08-18 04:00:00+07:00,5,1,1.1976146955924805,wet_hour_month_q995,E04357
PRECTOTCORR,2008-11-01 10:00:00+07:00,2008-11-01 12:00:00+07:00,3,1,1.1904451796087427,wet_hour_month_q995,E04358
PRECTOTCORR,2010-07-13 10:00:00+07:00,2010-07-13 12:00:00+07:00,3,1,1.1855638083574964,wet_hour_month_q995,E04359
PRECTOTCORR,2016-06-16 07:00:00+07:00,2016-06-16 08:00:00+07:00,2,1,1.1830101034855365,wet_hour_month_q995,E04360
PRECTOTCORR,2023-05-08 05:00:00+07:00,2023-05-08 05:00:00+07:00,1,1,1.1802779364172844,wet_hour_month_q995,E04361
PRECTOTCORR,2009-04-25 02:00:00+07:00,2009-04-25 02:00:00+07:00,1,1,1.1765975820379857,wet_hour_month_q995,E04362
PRECTOTCORR,2021-04-17 13:00:00+07:00,2021-04-17 14:00:00+07:00,2,1,1.172279792746103,wet_hour_month_q995,E04363
PRECTOTCORR,2004-06-27 10:00:00+07:00,2004-06-27 12:00:00+07:00,3,1,1.1451359570462631,wet_hour_month_q995,E04364
PRECTOTCORR,2001-07-22 11:00:00+07:00,2001-07-22 12:00:00+07:00,2,1,1.1429687014704009,wet_hour_month_q995,E04365
PRECTOTCORR,2018-03-18 06:00:00+07:00,2018-03-18 07:00:00+07:00,2,1,1.1324508378605866,wet_hour_month_q995,E04366
PRECTOTCORR,2021-06-08 00:00:00+07:00,2021-06-08 01:00:00+07:00,2,1,1.131768611244167,wet_hour_month_q995,E04367
PRECTOTCORR,2025-07-22 14:00:00+07:00,2025-07-22 17:00:00+07:00,4,1,1.1269955363877397,wet_hour_month_q995,E04368
PRECTOTCORR,2023-06-25 08:00:00+07:00,2023-06-25 09:00:00+07:00,2,1,1.1206291564090864,wet_hour_month_q995,E04369
PRECTOTCORR,2011-06-24 07:00:00+07:00,2011-06-24 12:00:00+07:00,6,1,1.1161733744750542,wet_hour_month_q995,E04370
PRECTOTCORR,2012-07-01 11:00:00+07:00,2012-07-01 12:00:00+07:00,2,1,1.1127971674253745,wet_hour_month_q995,E04371
PRECTOTCORR,2001-08-04 02:00:00+07:00,2001-08-04 03:00:00+07:00,2,1,1.104981514717924,wet_hour_month_q995,E04372
PRECTOTCORR,2022-08-26 02:00:00+07:00,2022-08-26 04:00:00+07:00,3,1,1.1000190228853586,wet_hour_month_q995,E04373
PRECTOTCORR,2018-07-20 23:00:00+07:00,2018-07-21 00:00:00+07:00,2,1,1.091499613981827,wet_hour_month_q995,E04374
PRECTOTCORR,2013-07-02 19:00:00+07:00,2013-07-02 21:00:00+07:00,3,1,1.0844004295006442,wet_hour_month_q995,E04375
PRECTOTCORR,2007-07-03 10:00:00+07:00,2007-07-03 10:00:00+07:00,1,1,1.0826256333803483,wet_hour_month_q995,E04376
PRECTOTCORR,2018-07-19 09:00:00+07:00,2018-07-19 09:00:00+07:00,1,1,1.080850837260053,wet_hour_month_q995,E04377
PRECTOTCORR,2011-12-01 14:00:00+07:00,2011-12-01 15:00:00+07:00,2,1,1.0805427611104232,wet_hour_month_q995,E04378
PRECTOTCORR,2022-05-23 19:00:00+07:00,2022-05-23 19:00:00+07:00,1,1,1.0702878778264262,wet_hour_month_q995,E04379
PRECTOTCORR,2009-06-30 16:00:00+07:00,2009-06-30 16:00:00+07:00,1,1,1.0693876641677167,wet_hour_month_q995,E04380
PRECTOTCORR,2001-03-09 18:00:00+07:00,2001-03-09 19:00:00+07:00,2,1,1.0620552452368204,wet_hour_month_q995,E04381
PRECTOTCORR,2010-05-10 12:00:00+07:00,2010-05-10 12:00:00+07:00,1,1,1.0597119106542283,wet_hour_month_q995,E04382
PRECTOTCORR,2010-08-27 12:00:00+07:00,2010-08-27 12:00:00+07:00,1,1,1.0487399406155147,wet_hour_month_q995,E04383
PRECTOTCORR,2025-06-03 22:00:00+07:00,2025-06-03 22:00:00+07:00,1,1,1.047108754497556,wet_hour_month_q995,E04384
PRECTOTCORR,2001-08-25 12:00:00+07:00,2001-08-25 13:00:00+07:00,2,1,1.0437774487829492,wet_hour_month_q995,E04385
PRECTOTCORR,2003-08-25 23:00:00+07:00,2003-08-25 23:00:00+07:00,1,1,1.0388149569503837,wet_hour_month_q995,E04386
PRECTOTCORR,2004-12-18 11:00:00+07:00,2004-12-18 11:00:00+07:00,1,1,1.035727623552848,wet_hour_month_q995,E04387
PRECTOTCORR,2017-04-17 20:00:00+07:00,2017-04-17 20:00:00+07:00,1,1,1.02979274611398,wet_hour_month_q995,E04388
PRECTOTCORR,2008-11-02 11:00:00+07:00,2008-11-02 11:00:00+07:00,1,1,1.0289405819375346,wet_hour_month_q995,E04389
PRECTOTCORR,2024-03-19 02:00:00+07:00,2024-03-19 02:00:00+07:00,1,1,1.0283877878950192,wet_hour_month_q995,E04390
PRECTOTCORR,2024-09-07 16:00:00+07:00,2024-09-07 16:00:00+07:00,1,1,1.0238986911702241,wet_hour_month_q995,E04391
PRECTOTCORR,2025-09-29 03:00:00+07:00,2025-09-29 03:00:00+07:00,1,1,1.0192656654183228,wet_hour_month_q995,E04392
PRECTOTCORR,2006-11-20 11:00:00+07:00,2006-11-20 12:00:00+07:00,2,1,1.0107061918778821,wet_hour_month_q995,E04393
PRECTOTCORR,2022-08-12 09:00:00+07:00,2022-08-12 10:00:00+07:00,2,1,1.004077514122425,wet_hour_month_q995,E04394
PRECTOTCORR,2019-05-21 04:00:00+07:00,2019-05-21 04:00:00+07:00,1,1,1.0026016879243598,wet_hour_month_q995,E04395
PRECTOTCORR,2025-06-21 07:00:00+07:00,2025-06-21 07:00:00+07:00,1,1,1.0025509351572344,wet_hour_month_q995,E04396
PRECTOTCORR,2025-08-25 23:00:00+07:00,2025-08-25 23:00:00+07:00,1,1,1.0024233501782365,wet_hour_month_q995,E04397
PRECTOTCORR,2016-01-26 13:00:00+07:00,2016-01-26 13:00:00+07:00,1,1,1.0004393821610846,wet_hour_month_q995,E04398
PRECTOTCORR,2014-06-30 11:00:00+07:00,2014-06-30 11:00:00+07:00,1,1,1.0003230441902184,wet_hour_month_q995,E04399
